Year,Round,RaceName,Driver,Team,FinishPosition,GridPosition,Points,Status,Laps,QualiPosition,AvgLapTime,Finished,Driver_encoded,Team_encoded,Circuit_encoded,Driver_Avg_Position_Last5,Driver_Avg_Position_Last3,Team_Avg_Position_Last5,Driver_Finish_Rate,Driver_Circuit_Avg,Team_Circuit_Avg,Quali_Grid_Diff,Quali_vs_Teammate,Race_Number_In_Season,Driver_Race_Count,Team_Championship_Points
2021,1,Bahrain Grand Prix,HAM,Mercedes,1.0,2.0,25.0,Finished,56.0,2.0,95.58413725490196,1,12,11,4,10.488898563343492,10.488898563343492,10.488898563343492,0.85,10.488898563343492,10.488898563343492,0.0,-0.5,1,1,41.0
2021,1,Bahrain Grand Prix,VER,Red Bull Racing,2.0,1.0,18.0,Finished,56.0,1.0,95.97034615384617,1,33,14,4,10.488898563343492,10.488898563343492,10.488898563343492,0.85,10.488898563343492,10.488898563343492,0.0,-5.0,1,1,28.0
2021,1,Bahrain Grand Prix,BOT,Mercedes,3.0,3.0,16.0,Finished,56.0,3.0,95.74790000000002,1,5,11,4,10.488898563343492,10.488898563343492,1.0,0.85,10.488898563343492,1.0,0.0,0.5,1,1,41.0
2021,1,Bahrain Grand Prix,NOR,McLaren,4.0,7.0,12.0,Finished,56.0,7.0,96.39854901960784,1,22,10,4,10.488898563343492,10.488898563343492,10.488898563343492,0.85,10.488898563343492,10.488898563343492,0.0,0.5,1,1,18.0
2021,1,Bahrain Grand Prix,PER,Red Bull Racing,5.0,0.0,10.0,Finished,56.0,11.0,96.0019,1,24,14,4,10.488898563343492,10.488898563343492,2.0,0.85,10.488898563343492,2.0,11.0,5.0,1,1,28.0
2021,1,Bahrain Grand Prix,LEC,Ferrari,6.0,4.0,8.0,Finished,56.0,4.0,97.06048076923076,1,17,7,4,10.488898563343492,10.488898563343492,10.488898563343492,0.85,10.488898563343492,10.488898563343492,0.0,-2.0,1,1,12.0
2021,1,Bahrain Grand Prix,RIC,McLaren,7.0,6.0,6.0,Finished,56.0,6.0,96.78829411764708,1,27,10,4,10.488898563343492,10.488898563343492,4.0,0.85,10.488898563343492,4.0,0.0,-0.5,1,1,18.0
2021,1,Bahrain Grand Prix,SAI,Ferrari,8.0,8.0,4.0,Finished,56.0,8.0,97.1725,1,29,7,4,10.488898563343492,10.488898563343492,6.0,0.85,10.488898563343492,6.0,0.0,2.0,1,1,12.0
2021,1,Bahrain Grand Prix,TSU,AlphaTauri,9.0,13.0,2.0,Finished,56.0,13.0,97.03805882352944,1,32,2,4,10.488898563343492,10.488898563343492,10.488898563343492,0.85,10.488898563343492,10.488898563343492,0.0,4.0,1,1,2.0
2021,1,Bahrain Grand Prix,STR,Aston Martin,10.0,10.0,1.0,Finished,56.0,10.0,97.16123529411765,1,31,4,4,10.488898563343492,10.488898563343492,10.488898563343492,0.85,10.488898563343492,10.488898563343492,0.0,-4.0,1,1,1.0
2021,1,Bahrain Grand Prix,RAI,Alfa Romeo Racing,11.0,14.0,0.0,Finished,56.0,14.0,96.81044,1,26,1,4,10.488898563343492,10.488898563343492,10.488898563343492,0.85,10.488898563343492,10.488898563343492,0.0,1.0,1,1,0.0
2021,1,Bahrain Grand Prix,GIO,Alfa Romeo Racing,12.0,12.0,0.0,+1 Lap,55.0,12.0,97.30407999999996,0,10,1,4,10.488898563343492,10.488898563343492,11.0,0.85,10.488898563343492,11.0,0.0,-1.0,1,1,0.0
2021,1,Bahrain Grand Prix,OCO,Alpine,13.0,16.0,0.0,+1 Lap,55.0,16.0,97.66006000000002,0,23,3,4,10.488898563343492,10.488898563343492,10.488898563343492,0.85,10.488898563343492,10.488898563343492,0.0,3.5,1,1,0.0
2021,1,Bahrain Grand Prix,RUS,Williams,14.0,15.0,0.0,+1 Lap,55.0,15.0,97.68032,0,28,15,4,10.488898563343492,10.488898563343492,10.488898563343492,0.85,10.488898563343492,10.488898563343492,0.0,-1.0,1,1,0.0
2021,1,Bahrain Grand Prix,VET,Aston Martin,15.0,20.0,0.0,+1 Lap,55.0,18.0,98.6484230769231,0,34,4,4,10.488898563343492,10.488898563343492,10.0,0.85,10.488898563343492,10.0,-2.0,4.0,1,1,1.0
2021,1,Bahrain Grand Prix,MSC,Haas F1 Team,16.0,18.0,0.0,+1 Lap,55.0,19.0,98.08308163265306,0,21,8,4,10.488898563343492,10.488898563343492,10.488898563343492,0.85,10.488898563343492,10.488898563343492,1.0,-0.5,1,1,0.0
2021,1,Bahrain Grand Prix,GAS,AlphaTauri,17.0,5.0,0.0,Retired,52.0,5.0,96.61806666666666,0,9,2,4,10.488898563343492,10.488898563343492,9.0,0.85,10.488898563343492,9.0,0.0,-4.0,1,1,2.0
2021,1,Bahrain Grand Prix,LAT,Williams,18.0,17.0,0.0,Retired,51.0,17.0,98.83428888888888,0,15,15,4,10.488898563343492,10.488898563343492,14.0,0.85,10.488898563343492,14.0,0.0,1.0,1,1,0.0
2021,1,Bahrain Grand Prix,ALO,Alpine,19.0,9.0,0.0,Brakes,32.0,9.0,99.40475000000002,0,1,3,4,10.488898563343492,10.488898563343492,13.0,0.85,10.488898563343492,13.0,0.0,-3.5,1,1,0.0
2021,1,Bahrain Grand Prix,MAZ,Haas F1 Team,20.0,19.0,0.0,Accident,0.0,20.0,97.06048076923076,0,20,8,4,10.488898563343492,10.488898563343492,16.0,0.85,10.488898563343492,16.0,1.0,0.5,1,1,0.0
2021,2,Emilia Romagna Grand Prix,VER,Red Bull Racing,1.0,3.0,25.0,Finished,63.0,3.0,83.39079629629632,1,33,14,10,2.0,2.0,3.5,1.0,10.488898563343492,10.488898563343492,0.0,0.5,2,2,53.0
2021,2,Emilia Romagna Grand Prix,HAM,Mercedes,2.0,1.0,19.0,Finished,63.0,1.0,83.83730188679245,1,12,11,10,1.0,1.0,2.0,1.0,10.488898563343492,10.488898563343492,0.0,-3.5,2,2,60.0
2021,2,Emilia Romagna Grand Prix,NOR,McLaren,3.0,7.0,15.0,Finished,63.0,7.0,84.5164716981132,1,22,10,10,4.0,4.0,5.5,1.0,10.488898563343492,10.488898563343492,0.0,0.5,2,2,41.0
2021,2,Emilia Romagna Grand Prix,LEC,Ferrari,4.0,4.0,12.0,Finished,63.0,4.0,83.9196603773585,1,17,7,10,6.0,6.0,7.0,1.0,10.488898563343492,10.488898563343492,0.0,-3.5,2,2,34.0
2021,2,Emilia Romagna Grand Prix,SAI,Ferrari,5.0,11.0,10.0,Finished,63.0,11.0,84.26771153846154,1,29,7,10,8.0,8.0,6.0,1.0,10.488898563343492,4.0,0.0,3.5,2,2,34.0
2021,2,Emilia Romagna Grand Prix,RIC,McLaren,6.0,6.0,8.0,Finished,63.0,6.0,85.35805660377358,1,27,10,10,7.0,7.0,4.666666666666667,1.0,10.488898563343492,3.0,0.0,-0.5,2,2,41.0
2021,2,Emilia Romagna Grand Prix,GAS,AlphaTauri,7.0,5.0,6.0,Finished,63.0,5.0,86.03872549019604,1,9,2,10,17.0,17.0,13.0,0.0,10.488898563343492,10.488898563343492,0.0,-7.5,2,2,8.0
2021,2,Emilia Romagna Grand Prix,STR,Aston Martin,8.0,10.0,4.0,Finished,63.0,10.0,85.931320754717,1,31,4,10,10.0,10.0,12.5,1.0,10.488898563343492,10.488898563343492,0.0,-1.5,2,2,5.0
2021,2,Emilia Romagna Grand Prix,OCO,Alpine,9.0,9.0,2.0,Finished,63.0,9.0,86.09411538461539,1,23,3,10,13.0,13.0,16.0,0.0,10.488898563343492,10.488898563343492,0.0,-3.0,2,2,3.0
2021,2,Emilia Romagna Grand Prix,ALO,Alpine,10.0,15.0,1.0,Finished,63.0,15.0,86.35730769230767,1,1,3,10,19.0,19.0,13.666666666666666,0.0,10.488898563343492,9.0,0.0,3.0,2,2,3.0
2021,2,Emilia Romagna Grand Prix,PER,Red Bull Racing,11.0,2.0,0.0,Finished,63.0,2.0,85.11428301886792,1,24,14,10,5.0,5.0,2.6666666666666665,1.0,10.488898563343492,1.0,0.0,-0.5,2,2,53.0
2021,2,Emilia Romagna Grand Prix,TSU,AlphaTauri,12.0,20.0,0.0,Finished,63.0,20.0,85.06786,1,32,2,10,9.0,9.0,11.0,1.0,10.488898563343492,7.0,0.0,7.5,2,2,8.0
2021,2,Emilia Romagna Grand Prix,RAI,Alfa Romeo Racing,13.0,16.0,0.0,Finished,63.0,16.0,85.44750980392158,1,26,1,10,11.0,11.0,11.5,1.0,10.488898563343492,10.488898563343492,0.0,-0.5,2,2,0.0
2021,2,Emilia Romagna Grand Prix,GIO,Alfa Romeo Racing,14.0,17.0,0.0,+1 Lap,62.0,17.0,86.55172549019609,0,10,1,10,12.0,12.0,12.0,0.0,10.488898563343492,13.0,0.0,0.5,2,2,0.0
2021,2,Emilia Romagna Grand Prix,VET,Aston Martin,15.0,0.0,0.0,Gearbox,61.0,13.0,86.53514285714286,0,34,4,10,15.0,15.0,11.0,0.0,10.488898563343492,8.0,13.0,1.5,2,2,5.0
2021,2,Emilia Romagna Grand Prix,MSC,Haas F1 Team,16.0,18.0,0.0,+2 Laps,61.0,18.0,86.74461999999998,0,21,8,10,16.0,16.0,18.0,0.0,10.488898563343492,10.488898563343492,0.0,-0.5,2,2,0.0
2021,2,Emilia Romagna Grand Prix,MAZ,Haas F1 Team,17.0,19.0,0.0,+2 Laps,61.0,19.0,88.92014285714285,0,20,8,10,20.0,20.0,17.333333333333332,0.0,10.488898563343492,16.0,0.0,0.5,2,2,0.0
2021,2,Emilia Romagna Grand Prix,BOT,Mercedes,18.0,8.0,0.0,Collision,30.0,8.0,92.23178260869564,0,5,11,10,3.0,3.0,2.0,1.0,10.488898563343492,2.0,0.0,3.5,2,2,60.0
2021,2,Emilia Romagna Grand Prix,RUS,Williams,19.0,12.0,0.0,Collision,30.0,12.0,92.29099999999998,0,28,15,10,14.0,14.0,16.0,0.0,10.488898563343492,10.488898563343492,0.0,-1.0,2,2,0.0
2021,2,Emilia Romagna Grand Prix,LAT,Williams,20.0,14.0,0.0,Collision,0.0,14.0,85.931320754717,0,15,15,10,18.0,18.0,17.0,0.0,10.488898563343492,19.0,0.0,1.0,2,2,0.0
2021,3,Portuguese Grand Prix,HAM,Mercedes,1.0,2.0,25.0,Finished,66.0,2.0,82.16681666666669,1,12,11,19,1.5,1.5,6.0,1.0,10.488898563343492,10.488898563343492,0.0,0.5,3,3,101.0
2021,3,Portuguese Grand Prix,VER,Red Bull Racing,2.0,3.0,18.0,Finished,66.0,3.0,82.31305084745763,1,33,14,19,1.5,1.5,4.75,1.0,10.488898563343492,10.488898563343492,0.0,-0.5,3,3,83.0
2021,3,Portuguese Grand Prix,BOT,Mercedes,3.0,1.0,16.0,Finished,66.0,1.0,82.32116949152544,1,5,11,19,10.5,10.5,5.0,0.5,10.488898563343492,1.0,0.0,-0.5,3,3,101.0
2021,3,Portuguese Grand Prix,PER,Red Bull Racing,4.0,4.0,12.0,Finished,66.0,4.0,82.85539999999999,1,24,14,19,8.0,8.0,4.2,1.0,10.488898563343492,2.0,0.0,0.5,3,3,83.0
2021,3,Portuguese Grand Prix,NOR,McLaren,5.0,7.0,10.0,Finished,66.0,7.0,83.06343333333334,1,22,10,19,3.5,3.5,5.0,1.0,10.488898563343492,10.488898563343492,0.0,-4.5,3,3,53.0
2021,3,Portuguese Grand Prix,LEC,Ferrari,6.0,8.0,8.0,Finished,66.0,8.0,83.14450000000001,1,17,7,19,5.0,5.0,5.75,1.0,10.488898563343492,10.488898563343492,0.0,1.5,3,3,42.0
2021,3,Portuguese Grand Prix,OCO,Alpine,7.0,6.0,6.0,Finished,66.0,6.0,83.25085,1,23,3,19,11.0,11.0,12.75,0.5,10.488898563343492,10.488898563343492,0.0,-3.5,3,3,13.0
2021,3,Portuguese Grand Prix,ALO,Alpine,8.0,13.0,4.0,Finished,66.0,13.0,83.33528333333332,1,1,3,19,14.5,14.5,11.6,0.5,10.488898563343492,7.0,0.0,3.5,3,3,13.0
2021,3,Portuguese Grand Prix,RIC,McLaren,9.0,16.0,2.0,Finished,66.0,16.0,83.47816666666668,1,27,10,19,6.5,6.5,5.0,1.0,10.488898563343492,5.0,0.0,4.5,3,3,53.0
2021,3,Portuguese Grand Prix,GAS,AlphaTauri,10.0,9.0,1.0,Finished,66.0,9.0,83.50435,1,9,2,19,12.0,12.0,11.25,0.5,10.488898563343492,10.488898563343492,0.0,-2.5,3,3,9.0
2021,3,Portuguese Grand Prix,SAI,Ferrari,11.0,5.0,0.0,Finished,66.0,5.0,83.53168333333335,1,29,7,19,6.5,6.5,5.8,1.0,10.488898563343492,6.0,0.0,-1.5,3,3,42.0
2021,3,Portuguese Grand Prix,GIO,Alfa Romeo Racing,12.0,12.0,0.0,+1 Lap,65.0,12.0,83.66859322033899,0,10,1,19,13.0,13.0,12.5,0.0,10.488898563343492,10.488898563343492,0.0,-1.5,3,3,0.0
2021,3,Portuguese Grand Prix,VET,Aston Martin,13.0,10.0,0.0,+1 Lap,65.0,10.0,83.77084745762711,0,34,4,19,15.0,15.0,12.0,0.0,10.488898563343492,10.488898563343492,0.0,-3.5,3,3,5.0
2021,3,Portuguese Grand Prix,STR,Aston Martin,14.0,17.0,0.0,+1 Lap,65.0,17.0,83.8217966101695,0,31,4,19,9.0,9.0,12.2,1.0,10.488898563343492,13.0,0.0,3.5,3,3,5.0
2021,3,Portuguese Grand Prix,TSU,AlphaTauri,15.0,14.0,0.0,+1 Lap,65.0,14.0,84.05615254237289,0,32,2,19,10.5,10.5,11.0,1.0,10.488898563343492,10.0,0.0,2.5,3,3,9.0
2021,3,Portuguese Grand Prix,RUS,Williams,16.0,11.0,0.0,+1 Lap,65.0,11.0,84.76818644067795,0,28,15,19,16.5,16.5,17.75,0.0,10.488898563343492,10.488898563343492,0.0,-3.5,3,3,0.0
2021,3,Portuguese Grand Prix,MSC,Haas F1 Team,17.0,19.0,0.0,+2 Laps,64.0,19.0,85.16506896551725,0,21,8,19,16.0,16.0,17.25,0.0,10.488898563343492,10.488898563343492,0.0,-0.5,3,3,0.0
2021,3,Portuguese Grand Prix,LAT,Williams,18.0,18.0,0.0,+2 Laps,64.0,18.0,85.2581379310345,0,15,15,19,19.0,19.0,17.4,0.0,10.488898563343492,16.0,0.0,3.5,3,3,0.0
2021,3,Portuguese Grand Prix,MAZ,Haas F1 Team,19.0,20.0,0.0,+2 Laps,64.0,20.0,85.76759649122806,0,20,8,19,18.5,18.5,17.2,0.0,10.488898563343492,17.0,0.0,0.5,3,3,0.0
2021,3,Portuguese Grand Prix,RAI,Alfa Romeo Racing,20.0,15.0,0.0,Collision damage,1.0,15.0,93.673,0,26,1,19,12.0,12.0,12.4,1.0,10.488898563343492,12.0,0.0,1.5,3,3,0.0
2021,4,Spanish Grand Prix,HAM,Mercedes,1.0,1.0,25.0,Finished,66.0,1.0,82.53382258064515,1,12,11,24,1.3333333333333333,1.3333333333333333,5.4,1.0,10.488898563343492,10.488898563343492,0.0,-1.0,4,4,141.0
2021,4,Spanish Grand Prix,VER,Red Bull Racing,2.0,2.0,19.0,Finished,66.0,2.0,82.6751935483871,1,33,14,24,1.6666666666666667,1.6666666666666667,4.6,1.0,10.488898563343492,10.488898563343492,0.0,-3.0,4,4,112.0
2021,4,Spanish Grand Prix,BOT,Mercedes,3.0,3.0,15.0,Finished,66.0,3.0,83.14401612903227,1,5,11,24,8.0,8.0,5.0,0.6666666666666666,10.488898563343492,1.0,0.0,1.0,4,4,141.0
2021,4,Spanish Grand Prix,LEC,Ferrari,4.0,4.0,12.0,Finished,66.0,4.0,83.55062903225806,1,17,7,24,5.333333333333333,5.333333333333333,6.8,1.0,10.488898563343492,10.488898563343492,0.0,-1.0,4,4,60.0
2021,4,Spanish Grand Prix,PER,Red Bull Racing,5.0,8.0,10.0,Finished,66.0,8.0,83.73838709677418,1,24,14,24,6.666666666666667,6.666666666666667,4.0,1.0,10.488898563343492,2.0,0.0,3.0,4,4,112.0
2021,4,Spanish Grand Prix,RIC,McLaren,6.0,7.0,8.0,Finished,66.0,7.0,83.89058064516128,1,27,10,24,7.333333333333333,7.333333333333333,6.0,1.0,10.488898563343492,10.488898563343492,0.0,-1.0,4,4,65.0
2021,4,Spanish Grand Prix,SAI,Ferrari,7.0,6.0,6.0,Finished,66.0,6.0,84.02212903225805,1,29,7,24,8.0,8.0,6.0,1.0,10.488898563343492,4.0,0.0,1.0,4,4,60.0
2021,4,Spanish Grand Prix,NOR,McLaren,8.0,9.0,4.0,+1 Lap,65.0,9.0,84.54749180327869,0,22,10,24,4.0,4.0,5.8,1.0,10.488898563343492,6.0,0.0,1.0,4,4,65.0
2021,4,Spanish Grand Prix,OCO,Alpine,9.0,5.0,2.0,+1 Lap,65.0,5.0,85.00353225806448,0,23,3,24,9.666666666666666,9.666666666666666,10.6,0.6666666666666666,10.488898563343492,10.488898563343492,0.0,-2.5,4,4,15.0
2021,4,Spanish Grand Prix,GAS,AlphaTauri,10.0,12.0,1.0,+1 Lap,65.0,12.0,84.71713114754098,0,9,2,24,11.333333333333334,11.333333333333334,12.2,0.6666666666666666,10.488898563343492,10.488898563343492,0.0,-2.0,4,4,10.0
2021,4,Spanish Grand Prix,STR,Aston Martin,11.0,11.0,0.0,+1 Lap,65.0,11.0,85.2037258064516,0,31,4,24,10.666666666666666,10.666666666666666,13.0,0.6666666666666666,10.488898563343492,10.488898563343492,0.0,-1.0,4,4,5.0
2021,4,Spanish Grand Prix,RAI,Alfa Romeo Racing,12.0,17.0,0.0,+1 Lap,65.0,17.0,85.21777419354837,0,26,1,24,14.666666666666666,14.666666666666666,14.2,0.6666666666666666,10.488898563343492,10.488898563343492,0.0,1.5,4,4,0.0
2021,4,Spanish Grand Prix,VET,Aston Martin,13.0,13.0,0.0,+1 Lap,65.0,13.0,84.97175409836068,0,34,4,24,14.333333333333334,14.333333333333334,12.2,0.0,10.488898563343492,11.0,0.0,1.0,4,4,5.0
2021,4,Spanish Grand Prix,RUS,Williams,14.0,15.0,0.0,+1 Lap,65.0,15.0,85.86544444444446,0,28,15,24,16.333333333333332,16.333333333333332,18.2,0.0,10.488898563343492,10.488898563343492,0.0,-2.0,4,4,0.0
2021,4,Spanish Grand Prix,GIO,Alfa Romeo Racing,15.0,14.0,0.0,+1 Lap,65.0,14.0,85.43488888888889,0,10,1,24,12.666666666666666,12.666666666666666,14.2,0.0,10.488898563343492,12.0,0.0,-1.5,4,4,0.0
2021,4,Spanish Grand Prix,LAT,Williams,16.0,19.0,0.0,+1 Lap,65.0,19.0,85.54518032786885,0,15,15,24,18.666666666666668,18.666666666666668,17.4,0.0,10.488898563343492,14.0,0.0,2.0,4,4,0.0
2021,4,Spanish Grand Prix,ALO,Alpine,17.0,10.0,0.0,+1 Lap,65.0,10.0,85.26124590163933,0,1,3,24,12.333333333333334,12.333333333333334,8.6,0.6666666666666666,10.488898563343492,9.0,0.0,2.5,4,4,15.0
2021,4,Spanish Grand Prix,MSC,Haas F1 Team,18.0,18.0,0.0,+2 Laps,64.0,18.0,85.79313333333332,0,21,8,24,16.333333333333332,16.333333333333332,17.8,0.0,10.488898563343492,10.488898563343492,0.0,-1.0,4,4,0.0
2021,4,Spanish Grand Prix,MAZ,Haas F1 Team,19.0,20.0,0.0,+2 Laps,64.0,20.0,86.63856666666665,0,20,8,24,18.666666666666668,18.666666666666668,17.4,0.0,10.488898563343492,18.0,0.0,1.0,4,4,0.0
2021,4,Spanish Grand Prix,TSU,AlphaTauri,20.0,16.0,0.0,Electrical,6.0,16.0,88.1965,0,32,2,24,12.0,12.0,10.8,0.6666666666666666,10.488898563343492,10.0,0.0,2.0,4,4,10.0
2021,5,Monaco Grand Prix,VER,Red Bull Racing,1.0,2.0,25.0,Finished,78.0,2.0,75.90235064935065,1,33,14,18,1.75,1.6666666666666667,4.8,1.0,10.488898563343492,10.488898563343492,0.0,-3.5,5,5,149.0
2021,5,Monaco Grand Prix,SAI,Ferrari,2.0,4.0,18.0,Finished,78.0,4.0,75.99750649350649,1,29,7,18,7.75,7.666666666666667,6.6,1.0,10.488898563343492,10.488898563343492,0.0,1.5,5,5,78.0
2021,5,Monaco Grand Prix,NOR,McLaren,3.0,5.0,15.0,Finished,78.0,5.0,76.14235064935065,1,22,10,18,5.0,5.333333333333333,6.8,0.75,10.488898563343492,10.488898563343492,0.0,-3.5,5,5,80.0
2021,5,Monaco Grand Prix,PER,Red Bull Racing,4.0,9.0,12.0,Finished,78.0,9.0,76.1640909090909,1,24,14,18,6.25,6.666666666666667,2.8,1.0,10.488898563343492,1.0,0.0,3.5,5,5,149.0
2021,5,Monaco Grand Prix,VET,Aston Martin,5.0,8.0,10.0,Finished,78.0,8.0,76.5792077922078,1,34,4,18,14.0,13.666666666666666,13.2,0.0,10.488898563343492,10.488898563343492,0.0,-2.5,5,5,19.0
2021,5,Monaco Grand Prix,GAS,AlphaTauri,6.0,6.0,8.0,Finished,78.0,6.0,76.58606493506491,1,9,2,18,11.0,9.0,13.4,0.5,10.488898563343492,10.488898563343492,0.0,-5.0,5,5,18.0
2021,5,Monaco Grand Prix,HAM,Mercedes,7.0,7.0,7.0,Finished,78.0,7.0,76.58144736842105,1,12,11,18,1.25,1.3333333333333333,5.2,1.0,10.488898563343492,10.488898563343492,0.0,2.0,5,5,148.0
2021,5,Monaco Grand Prix,STR,Aston Martin,8.0,13.0,4.0,+1 Lap,77.0,13.0,76.96551315789473,0,31,4,18,10.75,11.0,11.2,0.5,10.488898563343492,5.0,0.0,2.5,5,5,19.0
2021,5,Monaco Grand Prix,OCO,Alpine,9.0,11.0,2.0,+1 Lap,77.0,11.0,77.4525,0,23,3,18,9.5,8.333333333333334,10.2,0.5,10.488898563343492,10.488898563343492,0.0,-3.0,5,5,17.0
2021,5,Monaco Grand Prix,GIO,Alfa Romeo Racing,10.0,10.0,1.0,+1 Lap,77.0,10.0,77.41840789473684,0,10,1,18,13.25,13.666666666666666,14.6,0.0,10.488898563343492,10.488898563343492,0.0,-2.0,5,5,1.0
2021,5,Monaco Grand Prix,RAI,Alfa Romeo Racing,11.0,14.0,0.0,+1 Lap,77.0,14.0,77.25478666666666,0,26,1,18,14.0,15.0,13.8,0.5,10.488898563343492,10.0,0.0,2.0,5,5,1.0
2021,5,Monaco Grand Prix,RIC,McLaren,12.0,12.0,0.0,+1 Lap,77.0,12.0,77.25,0,27,10,18,7.0,7.0,6.2,1.0,10.488898563343492,3.0,0.0,3.5,5,5,80.0
2021,5,Monaco Grand Prix,ALO,Alpine,13.0,17.0,0.0,+1 Lap,77.0,17.0,77.26437333333331,0,1,3,18,13.5,11.666666666666666,10.0,0.5,10.488898563343492,9.0,0.0,3.0,5,5,17.0
2021,5,Monaco Grand Prix,RUS,Williams,14.0,15.0,0.0,+1 Lap,77.0,15.0,77.58090666666666,0,28,15,18,15.75,16.333333333333332,16.8,0.0,10.488898563343492,10.488898563343492,0.0,-1.5,5,5,0.0
2021,5,Monaco Grand Prix,LAT,Williams,15.0,18.0,0.0,+1 Lap,77.0,18.0,77.59286666666665,0,15,15,18,18.0,18.0,15.6,0.0,10.488898563343492,14.0,0.0,1.5,5,5,0.0
2021,5,Monaco Grand Prix,TSU,AlphaTauri,16.0,16.0,0.0,+1 Lap,77.0,16.0,77.59071999999999,0,32,2,18,14.0,15.666666666666666,12.2,0.5,10.488898563343492,6.0,0.0,5.0,5,5,18.0
2021,5,Monaco Grand Prix,MAZ,Haas F1 Team,17.0,19.0,0.0,+3 Laps,75.0,19.0,79.17679452054796,0,20,8,18,18.75,18.333333333333332,18.0,0.0,10.488898563343492,10.488898563343492,0.0,-0.5,5,5,0.0
2021,5,Monaco Grand Prix,MSC,Haas F1 Team,18.0,20.0,0.0,+3 Laps,75.0,20.0,79.21808219178082,0,21,8,18,16.75,17.0,18.0,0.0,10.488898563343492,17.0,0.0,0.5,5,5,0.0
2021,5,Monaco Grand Prix,BOT,Mercedes,19.0,3.0,0.0,Wheel nut,29.0,3.0,76.79299999999999,0,5,11,18,6.75,8.0,3.0,0.75,10.488898563343492,7.0,0.0,-2.0,5,5,148.0
2021,5,Monaco Grand Prix,LEC,Ferrari,20.0,1.0,0.0,Driveshaft,0.0,1.0,77.25,0,17,7,18,5.0,4.666666666666667,6.0,1.0,10.488898563343492,2.0,0.0,-1.5,5,5,78.0
2021,6,Azerbaijan Grand Prix,PER,Red Bull Racing,1.0,6.0,25.0,Finished,51.0,7.0,106.98259523809524,1,24,14,3,5.8,4.333333333333333,3.2,1.0,10.488898563343492,10.488898563343492,1.0,2.0,6,6,174.0
2021,6,Azerbaijan Grand Prix,VET,Aston Martin,2.0,11.0,18.0,Finished,51.0,11.0,107.66321428571428,1,34,4,3,12.2,10.333333333333334,10.2,0.2,10.488898563343492,10.488898563343492,0.0,-4.0,6,6,37.0
2021,6,Azerbaijan Grand Prix,GAS,AlphaTauri,3.0,4.0,15.0,Finished,51.0,4.0,107.6965,1,9,2,3,10.0,8.666666666666666,13.4,0.6,10.488898563343492,10.488898563343492,0.0,-2.0,6,6,39.0
2021,6,Azerbaijan Grand Prix,LEC,Ferrari,4.0,1.0,12.0,Finished,51.0,1.0,107.80066666666666,1,17,7,3,8.0,10.0,8.8,0.8,10.488898563343492,10.488898563343492,0.0,-2.0,6,6,94.0
2021,6,Azerbaijan Grand Prix,NOR,McLaren,5.0,9.0,10.0,Finished,51.0,6.0,108.09445238095238,1,22,10,3,4.6,5.333333333333333,7.6,0.8,10.488898563343492,10.488898563343492,-3.0,-3.5,6,6,92.0
2021,6,Azerbaijan Grand Prix,ALO,Alpine,6.0,8.0,8.0,Finished,51.0,9.0,108.95176190476188,1,1,3,3,13.4,12.666666666666666,11.2,0.4,10.488898563343492,10.488898563343492,1.0,-1.5,6,6,25.0
2021,6,Azerbaijan Grand Prix,TSU,AlphaTauri,7.0,7.0,6.0,Finished,51.0,8.0,107.9232619047619,1,32,2,3,14.4,17.0,11.0,0.4,10.488898563343492,3.0,1.0,2.0,6,6,39.0
2021,6,Azerbaijan Grand Prix,SAI,Ferrari,8.0,5.0,4.0,Finished,51.0,5.0,107.88373170731708,1,29,7,3,6.6,6.666666666666667,7.4,1.0,10.488898563343492,4.0,0.0,2.0,6,6,94.0
2021,6,Azerbaijan Grand Prix,RIC,McLaren,9.0,13.0,2.0,Finished,51.0,13.0,108.37733333333335,1,27,10,3,8.0,9.0,6.8,0.8,10.488898563343492,5.0,0.0,3.5,6,6,92.0
2021,6,Azerbaijan Grand Prix,RAI,Alfa Romeo Racing,10.0,14.0,1.0,Finished,51.0,14.0,109.2649523809524,1,26,1,3,13.4,14.333333333333334,13.6,0.4,10.488898563343492,10.488898563343492,0.0,-3.0,6,6,2.0
2021,6,Azerbaijan Grand Prix,GIO,Alfa Romeo Racing,11.0,20.0,0.0,Finished,51.0,20.0,109.18933333333334,1,10,1,3,12.6,12.333333333333334,11.6,0.0,10.488898563343492,10.0,0.0,3.0,6,6,2.0
2021,6,Azerbaijan Grand Prix,BOT,Mercedes,12.0,10.0,0.0,Finished,51.0,10.0,108.39638095238097,1,5,11,3,9.2,8.333333333333334,6.6,0.6,10.488898563343492,10.488898563343492,0.0,4.0,6,6,148.0
2021,6,Azerbaijan Grand Prix,MSC,Haas F1 Team,13.0,17.0,0.0,Finished,51.0,17.0,111.40440909090913,1,21,8,3,17.0,17.666666666666668,18.2,0.0,10.488898563343492,10.488898563343492,0.0,-0.5,6,6,0.0
2021,6,Azerbaijan Grand Prix,MAZ,Haas F1 Team,14.0,18.0,0.0,Finished,51.0,18.0,112.08092857142856,1,20,8,3,18.4,18.333333333333332,17.0,0.0,10.488898563343492,13.0,0.0,0.5,6,6,0.0
2021,6,Azerbaijan Grand Prix,HAM,Mercedes,15.0,2.0,0.0,Finished,51.0,2.0,107.21433333333334,1,12,11,3,2.4,3.0,8.4,1.0,10.488898563343492,12.0,0.0,-4.0,6,6,148.0
2021,6,Azerbaijan Grand Prix,LAT,Williams,16.0,16.0,0.0,Finished,51.0,16.0,110.23746511627908,1,15,15,3,17.4,16.333333333333332,15.4,0.0,10.488898563343492,10.488898563343492,0.0,0.5,6,6,0.0
2021,6,Azerbaijan Grand Prix,RUS,Williams,17.0,15.0,0.0,Gearbox,48.0,15.0,109.65990243902438,0,28,15,3,15.4,14.666666666666666,15.0,0.0,10.488898563343492,16.0,0.0,-0.5,6,6,0.0
2021,6,Azerbaijan Grand Prix,VER,Red Bull Racing,18.0,3.0,0.0,Accident,45.0,3.0,106.824825,0,33,14,3,1.6,1.6666666666666667,2.6,1.0,10.488898563343492,1.0,0.0,-2.0,6,6,174.0
2021,6,Azerbaijan Grand Prix,STR,Aston Martin,19.0,19.0,0.0,Accident,29.0,19.0,108.11248275862069,0,31,4,3,10.2,11.0,7.8,0.4,10.488898563343492,2.0,0.0,4.0,6,6,37.0
2021,6,Azerbaijan Grand Prix,OCO,Alpine,20.0,12.0,0.0,Turbo,3.0,12.0,120.56833333333334,0,23,3,3,9.4,8.333333333333334,10.8,0.4,10.488898563343492,6.0,0.0,1.5,6,6,25.0
2021,7,French Grand Prix,VER,Red Bull Racing,1.0,1.0,26.0,Finished,53.0,1.0,98.60905769230769,1,33,14,11,4.8,7.0,5.8,0.8333333333333334,10.488898563343492,10.488898563343492,0.0,-1.5,7,7,215.0
2021,7,French Grand Prix,HAM,Mercedes,2.0,2.0,18.0,Finished,53.0,2.0,98.65365384615384,1,12,11,11,5.2,7.666666666666667,11.2,1.0,10.488898563343492,10.488898563343492,0.0,-0.5,7,7,178.0
2021,7,French Grand Prix,PER,Red Bull Racing,3.0,4.0,15.0,Finished,53.0,4.0,99.14303773584908,1,24,14,11,5.0,3.3333333333333335,5.0,1.0,10.488898563343492,1.0,0.0,1.5,7,7,215.0
2021,7,French Grand Prix,BOT,Mercedes,4.0,3.0,12.0,Finished,53.0,3.0,98.87036538461535,1,5,11,11,11.0,11.333333333333334,11.0,0.6666666666666666,10.488898563343492,2.0,0.0,0.5,7,7,178.0
2021,7,French Grand Prix,NOR,McLaren,5.0,8.0,10.0,Finished,53.0,8.0,99.79696153846156,1,22,10,11,4.8,5.333333333333333,7.4,0.8333333333333334,10.488898563343492,10.488898563343492,0.0,-1.0,7,7,110.0
2021,7,French Grand Prix,RIC,McLaren,6.0,10.0,8.0,Finished,53.0,10.0,100.03078846153848,1,27,10,11,8.4,9.0,6.8,0.8333333333333334,10.488898563343492,5.0,0.0,1.0,7,7,110.0
2021,7,French Grand Prix,GAS,AlphaTauri,7.0,6.0,6.0,Finished,53.0,6.0,100.01813461538462,1,9,2,11,7.2,6.333333333333333,10.4,0.6666666666666666,10.488898563343492,10.488898563343492,0.0,-7.0,7,7,45.0
2021,7,French Grand Prix,ALO,Alpine,8.0,9.0,4.0,Finished,53.0,9.0,100.03544230769232,1,1,3,11,10.8,12.0,13.0,0.5,10.488898563343492,10.488898563343492,0.0,-1.0,7,7,29.0
2021,7,French Grand Prix,VET,Aston Martin,9.0,12.0,2.0,Finished,53.0,12.0,100.47992452830188,1,34,4,11,9.6,6.666666666666667,9.4,0.3333333333333333,10.488898563343492,10.488898563343492,0.0,-3.5,7,7,40.0
2021,7,French Grand Prix,STR,Aston Martin,10.0,19.0,1.0,Finished,53.0,19.0,100.32671153846152,1,31,4,11,12.0,12.666666666666666,8.6,0.3333333333333333,10.488898563343492,9.0,0.0,3.5,7,7,40.0
2021,7,French Grand Prix,SAI,Ferrari,11.0,5.0,0.0,Finished,53.0,5.0,100.46590384615386,1,29,7,11,6.6,5.666666666666667,8.2,1.0,10.488898563343492,10.488898563343492,0.0,-1.0,7,7,94.0
2021,7,French Grand Prix,RUS,Williams,12.0,14.0,0.0,+1 Lap,52.0,14.0,101.03498076923076,0,28,15,11,16.0,15.0,15.6,0.0,10.488898563343492,10.488898563343492,0.0,-1.0,7,7,0.0
2021,7,French Grand Prix,TSU,AlphaTauri,13.0,0.0,0.0,+1 Lap,52.0,20.0,100.72115686274508,0,32,2,11,14.0,14.333333333333334,7.8,0.5,10.488898563343492,7.0,20.0,7.0,7,7,45.0
2021,7,French Grand Prix,OCO,Alpine,14.0,11.0,0.0,+1 Lap,52.0,11.0,101.13244230769232,0,23,3,11,10.8,12.666666666666666,11.2,0.3333333333333333,10.488898563343492,8.0,0.0,1.0,7,7,29.0
2021,7,French Grand Prix,GIO,Alfa Romeo Racing,15.0,13.0,0.0,+1 Lap,52.0,13.0,100.82270588235292,0,10,1,11,12.4,12.0,11.4,0.16666666666666666,10.488898563343492,10.488898563343492,0.0,-2.0,7,7,2.0
2021,7,French Grand Prix,LEC,Ferrari,16.0,7.0,0.0,+1 Lap,52.0,7.0,100.86852941176473,0,17,7,11,7.6,9.333333333333334,9.0,0.8333333333333334,10.488898563343492,11.0,0.0,1.0,7,7,94.0
2021,7,French Grand Prix,RAI,Alfa Romeo Racing,17.0,17.0,0.0,+1 Lap,52.0,17.0,100.89149019607844,0,26,1,11,13.2,11.0,11.4,0.5,10.488898563343492,15.0,0.0,2.0,7,7,2.0
2021,7,French Grand Prix,LAT,Williams,18.0,16.0,0.0,+1 Lap,52.0,16.0,101.33117307692308,0,15,15,11,17.0,15.666666666666666,14.8,0.16666666666666666,10.488898563343492,12.0,0.0,1.0,7,7,0.0
2021,7,French Grand Prix,MSC,Haas F1 Team,19.0,15.0,0.0,+1 Lap,52.0,15.0,101.50323529411766,0,21,8,11,16.4,16.333333333333332,16.2,0.16666666666666666,10.488898563343492,10.488898563343492,0.0,-1.5,7,7,0.0
2021,7,French Grand Prix,MAZ,Haas F1 Team,20.0,18.0,0.0,+1 Lap,52.0,18.0,102.19234615384616,0,20,8,11,17.2,16.666666666666668,16.2,0.16666666666666666,10.488898563343492,19.0,0.0,1.5,7,7,0.0
2021,8,Styrian Grand Prix,VER,Red Bull Racing,1.0,1.0,25.0,Finished,71.0,1.0,69.32920000000001,1,33,14,25,4.8,6.666666666666667,5.4,0.8571428571428571,10.488898563343492,10.488898563343492,0.0,-2.0,8,8,252.0
2021,8,Styrian Grand Prix,HAM,Mercedes,2.0,2.0,19.0,Finished,71.0,3.0,69.58397101449275,1,12,11,25,5.2,8.0,10.4,1.0,10.488898563343492,10.488898563343492,1.0,0.5,8,8,212.0
2021,8,Styrian Grand Prix,BOT,Mercedes,3.0,5.0,15.0,Finished,71.0,2.0,69.98647142857142,1,5,11,25,8.2,11.666666666666666,7.0,0.7142857142857143,10.488898563343492,2.0,-3.0,-0.5,8,8,212.0
2021,8,Styrian Grand Prix,PER,Red Bull Racing,4.0,4.0,12.0,Finished,71.0,5.0,69.76228985507247,1,24,14,25,3.4,2.6666666666666665,4.8,1.0,10.488898563343492,1.0,1.0,2.0,8,8,252.0
2021,8,Styrian Grand Prix,NOR,McLaren,5.0,3.0,10.0,+1 Lap,70.0,4.0,70.36400000000003,0,22,10,25,5.2,4.333333333333333,7.4,0.8571428571428571,10.488898563343492,10.488898563343492,1.0,-4.5,8,8,120.0
2021,8,Styrian Grand Prix,SAI,Ferrari,6.0,12.0,8.0,+1 Lap,70.0,12.0,70.50091304347826,0,29,7,25,7.8,7.0,11.8,1.0,10.488898563343492,10.488898563343492,0.0,2.5,8,8,108.0
2021,8,Styrian Grand Prix,LEC,Ferrari,7.0,7.0,6.0,+1 Lap,70.0,7.0,70.32963235294118,0,17,7,25,10.0,13.333333333333334,9.0,0.7142857142857143,10.488898563343492,6.0,0.0,-2.5,8,8,108.0
2021,8,Styrian Grand Prix,STR,Aston Martin,8.0,9.0,4.0,+1 Lap,70.0,10.0,70.90874242424242,0,31,4,25,12.4,12.333333333333334,9.6,0.42857142857142855,10.488898563343492,10.488898563343492,1.0,-2.0,8,8,44.0
2021,8,Styrian Grand Prix,ALO,Alpine,9.0,8.0,2.0,+1 Lap,70.0,9.0,70.9133768115942,0,1,3,25,10.4,9.0,12.2,0.5714285714285714,10.488898563343492,10.488898563343492,1.0,-4.0,8,8,31.0
2021,8,Styrian Grand Prix,TSU,AlphaTauri,10.0,11.0,1.0,+1 Lap,70.0,8.0,70.92437681159421,0,32,2,25,14.2,12.0,9.2,0.42857142857142855,10.488898563343492,10.488898563343492,-3.0,1.0,8,8,46.0
2021,8,Styrian Grand Prix,RAI,Alfa Romeo Racing,11.0,18.0,0.0,+1 Lap,70.0,18.0,70.95630434782609,0,26,1,25,14.0,12.666666666666666,12.8,0.42857142857142855,10.488898563343492,10.488898563343492,0.0,1.5,8,8,2.0
2021,8,Styrian Grand Prix,VET,Aston Martin,12.0,14.0,0.0,+1 Lap,70.0,14.0,71.0353188405797,0,34,4,25,8.4,5.333333333333333,9.6,0.42857142857142855,10.488898563343492,8.0,0.0,2.0,8,8,44.0
2021,8,Styrian Grand Prix,RIC,McLaren,13.0,13.0,0.0,+1 Lap,70.0,13.0,71.03252173913042,0,27,10,25,8.4,9.0,6.0,0.8571428571428571,10.488898563343492,5.0,0.0,4.5,8,8,120.0
2021,8,Styrian Grand Prix,OCO,Alpine,14.0,17.0,0.0,+1 Lap,70.0,17.0,71.08110144927537,0,23,3,25,11.8,14.333333333333334,11.4,0.2857142857142857,10.488898563343492,9.0,0.0,4.0,8,8,31.0
2021,8,Styrian Grand Prix,GIO,Alfa Romeo Racing,15.0,15.0,0.0,+1 Lap,70.0,15.0,71.16066666666667,0,10,1,25,12.6,12.0,12.8,0.14285714285714285,10.488898563343492,11.0,0.0,-1.5,8,8,2.0
2021,8,Styrian Grand Prix,MSC,Haas F1 Team,16.0,19.0,0.0,+2 Laps,69.0,19.0,71.94449999999999,0,21,8,25,17.0,16.666666666666668,16.8,0.14285714285714285,10.488898563343492,10.488898563343492,0.0,-0.5,8,8,0.0
2021,8,Styrian Grand Prix,LAT,Williams,17.0,16.0,0.0,+3 Laps,68.0,16.0,71.45807692307693,0,15,15,25,16.6,16.333333333333332,15.6,0.14285714285714285,10.488898563343492,10.488898563343492,0.0,2.5,8,8,0.0
2021,8,Styrian Grand Prix,MAZ,Haas F1 Team,18.0,20.0,0.0,+3 Laps,68.0,20.0,72.52149253731342,0,20,8,25,17.8,17.0,16.4,0.14285714285714285,10.488898563343492,16.0,0.0,0.5,8,8,0.0
2021,8,Styrian Grand Prix,RUS,Williams,19.0,10.0,0.0,Engine,36.0,11.0,71.9674705882353,0,28,15,25,14.6,14.333333333333334,16.0,0.0,10.488898563343492,17.0,1.0,-2.5,8,8,0.0
2021,8,Styrian Grand Prix,GAS,AlphaTauri,20.0,6.0,0.0,Collision,1.0,6.0,123.661,0,9,2,25,7.2,5.333333333333333,8.0,0.7142857142857143,10.488898563343492,10.0,0.0,-1.0,8,8,46.0
2021,9,Austrian Grand Prix,VER,Red Bull Racing,1.0,1.0,26.0,Finished,71.0,1.0,68.89809090909091,1,33,14,2,4.6,6.666666666666667,5.4,0.875,10.488898563343492,10.488898563343492,0.0,-1.0,9,9,286.0
2021,9,Austrian Grand Prix,BOT,Mercedes,2.0,5.0,18.0,Finished,71.0,5.0,69.3755223880597,1,5,11,2,8.2,6.333333333333333,5.2,0.75,10.488898563343492,10.488898563343492,0.0,0.5,9,9,242.0
2021,9,Austrian Grand Prix,NOR,McLaren,3.0,2.0,15.0,Finished,71.0,2.0,69.3411791044776,1,22,10,2,5.2,5.0,7.6,0.75,10.488898563343492,10.488898563343492,0.0,-5.5,9,9,141.0
2021,9,Austrian Grand Prix,HAM,Mercedes,4.0,4.0,12.0,Finished,71.0,4.0,69.57142424242424,1,12,11,2,5.4,6.333333333333333,2.6,1.0,10.488898563343492,2.0,0.0,-0.5,9,9,242.0
2021,9,Austrian Grand Prix,SAI,Ferrari,5.0,10.0,10.0,Finished,71.0,11.0,69.9286567164179,1,29,7,2,6.8,8.333333333333334,9.6,0.875,10.488898563343492,10.488898563343492,1.0,-0.5,9,9,122.0
2021,9,Austrian Grand Prix,PER,Red Bull Racing,6.0,3.0,8.0,Finished,71.0,3.0,69.84573134328356,1,24,14,2,3.4,2.6666666666666665,2.0,1.0,10.488898563343492,1.0,0.0,1.0,9,9,286.0
2021,9,Austrian Grand Prix,RIC,McLaren,7.0,13.0,6.0,Finished,71.0,13.0,69.99611940298509,1,27,10,2,9.2,9.333333333333334,6.4,0.75,10.488898563343492,3.0,0.0,5.5,9,9,141.0
2021,9,Austrian Grand Prix,LEC,Ferrari,8.0,12.0,4.0,Finished,71.0,12.0,70.01358208955223,1,17,7,2,10.2,9.0,9.0,0.625,10.488898563343492,5.0,0.0,0.5,9,9,122.0
2021,9,Austrian Grand Prix,GAS,AlphaTauri,9.0,6.0,2.0,Finished,71.0,6.0,69.77156060606062,1,9,2,2,9.2,10.0,11.4,0.625,10.488898563343492,10.488898563343492,0.0,-0.5,9,9,48.0
2021,9,Austrian Grand Prix,ALO,Alpine,10.0,14.0,1.0,+1 Lap,70.0,14.0,70.25296969696969,0,1,3,2,10.6,7.666666666666667,13.0,0.5,10.488898563343492,10.488898563343492,0.0,-1.5,9,9,32.0
2021,9,Austrian Grand Prix,RUS,Williams,11.0,8.0,0.0,+1 Lap,70.0,9.0,70.37556060606062,0,28,15,2,15.2,16.0,16.6,0.0,10.488898563343492,10.488898563343492,1.0,-4.5,9,9,0.0
2021,9,Austrian Grand Prix,TSU,AlphaTauri,12.0,7.0,0.0,+1 Lap,70.0,7.0,70.13261538461538,0,32,2,2,13.2,10.0,11.8,0.375,10.488898563343492,9.0,0.0,0.5,9,9,48.0
2021,9,Austrian Grand Prix,STR,Aston Martin,13.0,9.0,0.0,+1 Lap,70.0,10.0,70.31386153846155,0,31,4,2,11.2,12.333333333333334,11.6,0.375,10.488898563343492,10.488898563343492,1.0,1.0,9,9,44.0
2021,9,Austrian Grand Prix,GIO,Alfa Romeo Racing,14.0,15.0,0.0,+1 Lap,70.0,15.0,70.54322727272728,0,10,1,2,13.2,13.666666666666666,13.8,0.125,10.488898563343492,10.488898563343492,0.0,-0.5,9,9,2.0
2021,9,Austrian Grand Prix,RAI,Alfa Romeo Racing,15.0,16.0,0.0,+1 Lap,70.0,16.0,70.35086153846153,0,26,1,2,12.2,12.666666666666666,14.4,0.375,10.488898563343492,14.0,0.0,0.5,9,9,2.0
2021,9,Austrian Grand Prix,LAT,Williams,16.0,18.0,0.0,+1 Lap,70.0,18.0,70.74478787878788,0,15,15,2,16.4,17.0,15.4,0.125,10.488898563343492,11.0,0.0,4.5,9,9,0.0
2021,9,Austrian Grand Prix,VET,Aston Martin,17.0,11.0,0.0,Collision,69.0,8.0,70.1885,0,34,4,2,8.2,7.666666666666667,10.4,0.375,10.488898563343492,13.0,-3.0,-1.0,9,9,44.0
2021,9,Austrian Grand Prix,MSC,Haas F1 Team,18.0,19.0,0.0,+2 Laps,69.0,19.0,71.20847692307693,0,21,8,2,16.8,16.0,17.4,0.125,10.488898563343492,10.488898563343492,0.0,-0.5,9,9,0.0
2021,9,Austrian Grand Prix,MAZ,Haas F1 Team,19.0,20.0,0.0,+2 Laps,69.0,20.0,71.687375,0,20,8,2,17.6,17.333333333333332,18.2,0.125,10.488898563343492,18.0,0.0,0.5,9,9,0.0
2021,9,Austrian Grand Prix,OCO,Alpine,20.0,17.0,0.0,Collision,0.0,17.0,70.13261538461538,0,23,3,2,13.2,16.0,11.0,0.25,10.488898563343492,10.0,0.0,1.5,9,9,32.0
2021,10,British Grand Prix,HAM,Mercedes,1.0,2.0,25.0,Finished,52.0,1.0,91.69638297872342,1,12,11,6,6.0,2.6666666666666665,3.0,1.0,10.488898563343492,10.488898563343492,-1.0,-1.0,10,10,282.0
2021,10,British Grand Prix,LEC,Ferrari,2.0,4.0,18.0,Finished,52.0,4.0,92.0526170212766,1,17,7,6,11.0,10.333333333333334,8.4,0.6666666666666666,10.488898563343492,10.488898563343492,0.0,-2.5,10,10,148.0
2021,10,British Grand Prix,BOT,Mercedes,3.0,3.0,15.0,Finished,52.0,3.0,92.12559574468084,1,5,11,6,8.0,3.0,2.4,0.7777777777777778,10.488898563343492,1.0,0.0,1.0,10,10,282.0
2021,10,British Grand Prix,NOR,McLaren,4.0,5.0,12.0,Finished,52.0,6.0,92.45655319148932,1,22,10,6,4.2,4.333333333333333,6.8,0.7777777777777778,10.488898563343492,10.488898563343492,1.0,-0.5,10,10,163.0
2021,10,British Grand Prix,RIC,McLaren,5.0,6.0,10.0,Finished,52.0,7.0,92.754914893617,1,27,10,6,9.4,8.666666666666666,6.4,0.7777777777777778,10.488898563343492,4.0,1.0,0.5,10,10,163.0
2021,10,British Grand Prix,SAI,Ferrari,6.0,10.0,8.0,Finished,52.0,9.0,92.58525531914891,1,29,7,6,6.4,7.333333333333333,5.6,0.8888888888888888,10.488898563343492,2.0,-1.0,2.5,10,10,148.0
2021,10,British Grand Prix,ALO,Alpine,7.0,7.0,6.0,Finished,52.0,11.0,93.36002127659576,1,1,3,6,9.2,9.0,13.4,0.4444444444444444,10.488898563343492,10.488898563343492,4.0,-1.0,10,10,40.0
2021,10,British Grand Prix,STR,Aston Martin,8.0,14.0,4.0,Finished,52.0,15.0,93.40002127659577,1,31,4,6,11.6,10.333333333333334,12.0,0.3333333333333333,10.488898563343492,10.488898563343492,1.0,2.5,10,10,48.0
2021,10,British Grand Prix,OCO,Alpine,9.0,9.0,2.0,Finished,52.0,13.0,93.39757446808512,1,23,3,6,15.4,16.0,12.0,0.2222222222222222,10.488898563343492,7.0,4.0,1.0,10,10,40.0
2021,10,British Grand Prix,TSU,AlphaTauri,10.0,16.0,1.0,Finished,52.0,16.0,93.47810638297874,1,32,2,6,11.6,11.666666666666666,12.8,0.3333333333333333,10.488898563343492,10.488898563343492,0.0,2.0,10,10,49.0
2021,10,British Grand Prix,GAS,AlphaTauri,11.0,11.0,0.0,Finished,52.0,12.0,93.58665957446809,1,9,2,6,9.0,12.0,12.2,0.6666666666666666,10.488898563343492,10.0,1.0,-2.0,10,10,49.0
2021,10,British Grand Prix,RUS,Williams,12.0,12.0,0.0,+1 Lap,51.0,8.0,94.1692340425532,0,28,15,6,14.6,14.0,16.2,0.0,10.488898563343492,10.488898563343492,-4.0,-5.0,10,10,0.0
2021,10,British Grand Prix,GIO,Alfa Romeo Racing,13.0,15.0,0.0,+1 Lap,51.0,14.0,93.87217391304348,0,10,1,6,13.0,14.666666666666666,14.4,0.1111111111111111,10.488898563343492,10.488898563343492,-1.0,-1.5,10,10,2.0
2021,10,British Grand Prix,LAT,Williams,14.0,17.0,0.0,+1 Lap,51.0,18.0,93.8513913043478,0,15,15,6,16.4,17.0,15.0,0.1111111111111111,10.488898563343492,12.0,1.0,5.0,10,10,0.0
2021,10,British Grand Prix,RAI,Alfa Romeo Racing,15.0,13.0,0.0,+1 Lap,51.0,17.0,93.95341304347824,0,26,1,6,12.8,14.333333333333334,13.6,0.3333333333333333,10.488898563343492,13.0,4.0,1.5,10,10,2.0
2021,10,British Grand Prix,PER,Red Bull Racing,16.0,0.0,0.0,+1 Lap,51.0,5.0,93.66667391304348,0,24,14,6,3.6,4.333333333333333,3.0,1.0,10.488898563343492,10.488898563343492,5.0,1.5,10,10,286.0
2021,10,British Grand Prix,MAZ,Haas F1 Team,17.0,19.0,0.0,+1 Lap,51.0,20.0,95.29170212765956,0,20,8,6,17.6,19.0,18.2,0.1111111111111111,10.488898563343492,10.488898563343492,1.0,0.5,10,10,0.0
2021,10,British Grand Prix,MSC,Haas F1 Team,18.0,18.0,0.0,+1 Lap,51.0,19.0,95.11465217391306,0,21,8,6,16.8,17.666666666666668,17.6,0.1111111111111111,10.488898563343492,17.0,1.0,-0.5,10,10,0.0
2021,10,British Grand Prix,VET,Aston Martin,19.0,8.0,0.0,Retired,40.0,10.0,94.12497142857144,0,34,4,6,9.0,12.666666666666666,11.6,0.3333333333333333,10.488898563343492,8.0,2.0,-2.5,10,10,48.0
2021,10,British Grand Prix,VER,Red Bull Racing,20.0,1.0,0.0,Collision,0.0,2.0,93.47810638297874,0,33,14,6,4.4,1.0,5.6,0.8888888888888888,10.488898563343492,16.0,1.0,-1.5,10,10,286.0
2021,11,Hungarian Grand Prix,OCO,Alpine,1.0,8.0,25.0,Finished,70.0,8.0,82.75613846153847,1,23,3,12,15.4,14.333333333333334,12.0,0.3,10.488898563343492,10.488898563343492,0.0,-0.5,11,11,77.0
2021,11,Hungarian Grand Prix,HAM,Mercedes,2.0,1.0,18.0,Finished,70.0,1.0,82.49315625,1,12,11,12,4.8,2.3333333333333335,2.6,1.0,10.488898563343492,10.488898563343492,0.0,-0.5,11,11,300.0
2021,11,Hungarian Grand Prix,SAI,Ferrari,3.0,15.0,15.0,Finished,70.0,15.0,82.8933076923077,1,29,7,12,7.2,5.666666666666667,5.6,0.9,10.488898563343492,10.488898563343492,0.0,4.0,11,11,163.0
2021,11,Hungarian Grand Prix,ALO,Alpine,4.0,9.0,12.0,Finished,70.0,9.0,82.9058923076923,1,1,3,12,8.0,8.666666666666666,9.4,0.5,10.488898563343492,1.0,0.0,0.5,11,11,77.0
2021,11,Hungarian Grand Prix,GAS,AlphaTauri,5.0,5.0,11.0,Finished,70.0,5.0,83.265640625,1,9,2,12,10.0,13.333333333333334,12.4,0.7,10.488898563343492,10.488898563343492,0.0,-5.5,11,11,68.0
2021,11,Hungarian Grand Prix,TSU,AlphaTauri,6.0,16.0,8.0,Finished,70.0,16.0,83.8464,1,32,2,12,10.4,10.666666666666666,9.4,0.4,10.488898563343492,5.0,0.0,5.5,11,11,68.0
2021,11,Hungarian Grand Prix,LAT,Williams,7.0,18.0,6.0,Finished,70.0,18.0,83.85227692307694,1,15,15,12,16.2,15.666666666666666,14.4,0.1,10.488898563343492,10.488898563343492,0.0,0.5,11,11,10.0
2021,11,Hungarian Grand Prix,RUS,Williams,8.0,17.0,4.0,Finished,70.0,17.0,83.82966153846154,1,28,15,12,14.2,14.0,12.0,0.0,10.488898563343492,7.0,0.0,-0.5,11,11,10.0
2021,11,Hungarian Grand Prix,VER,Red Bull Racing,9.0,3.0,2.0,Finished,70.0,3.0,83.81338461538462,1,33,14,12,8.2,7.333333333333333,9.4,0.8,10.488898563343492,10.488898563343492,0.0,-0.5,11,11,288.0
2021,11,Hungarian Grand Prix,RAI,Alfa Romeo Racing,10.0,13.0,1.0,+1 Lap,69.0,13.0,83.65184126984126,0,26,1,12,13.6,13.666666666666666,14.4,0.3,10.488898563343492,10.488898563343492,0.0,-0.5,11,11,3.0
2021,11,Hungarian Grand Prix,RIC,McLaren,11.0,11.0,0.0,+1 Lap,69.0,11.0,84.336640625,0,27,10,12,8.0,8.333333333333334,6.4,0.8,10.488898563343492,10.488898563343492,0.0,2.5,11,11,163.0
2021,11,Hungarian Grand Prix,MSC,Haas F1 Team,12.0,20.0,0.0,+1 Lap,69.0,20.0,84.46934375000001,0,21,8,12,16.8,17.333333333333332,18.0,0.1,10.488898563343492,10.488898563343492,0.0,0.5,11,11,0.0
2021,11,Hungarian Grand Prix,GIO,Alfa Romeo Racing,13.0,0.0,0.0,+1 Lap,69.0,14.0,84.02409523809523,0,10,1,12,13.6,14.0,13.4,0.1,10.488898563343492,10.0,14.0,0.5,11,11,3.0
2021,11,Hungarian Grand Prix,MAZ,Haas F1 Team,14.0,19.0,0.0,Collision,3.0,19.0,137.794,0,20,8,12,17.6,18.0,16.8,0.1,10.488898563343492,12.0,0.0,-0.5,11,11,0.0
2021,11,Hungarian Grand Prix,NOR,McLaren,15.0,6.0,0.0,Collision,2.0,6.0,142.425,0,22,10,12,4.4,4.0,6.0,0.8,10.488898563343492,11.0,0.0,-2.5,11,11,163.0
2021,11,Hungarian Grand Prix,BOT,Mercedes,16.0,2.0,0.0,Collision,0.0,2.0,83.82152307692309,0,5,11,12,4.8,2.6666666666666665,2.4,0.8,10.488898563343492,2.0,0.0,0.5,11,11,300.0
2021,11,Hungarian Grand Prix,PER,Red Bull Racing,17.0,4.0,0.0,Collision,0.0,4.0,83.82152307692309,0,24,14,12,6.0,8.666666666666666,10.4,0.9,10.488898563343492,9.0,0.0,0.5,11,11,288.0
2021,11,Hungarian Grand Prix,LEC,Ferrari,18.0,7.0,0.0,Collision,0.0,7.0,83.82152307692309,0,17,7,12,7.4,5.666666666666667,4.8,0.7,10.488898563343492,3.0,0.0,-4.0,11,11,163.0
2021,11,Hungarian Grand Prix,STR,Aston Martin,19.0,12.0,0.0,Collision,0.0,12.0,83.82152307692309,0,31,4,12,11.6,9.666666666666666,13.8,0.4,10.488898563343492,10.488898563343492,0.0,1.0,11,11,48.0
2021,11,Hungarian Grand Prix,VET,Aston Martin,20.0,10.0,0.0,Disqualified,70.0,10.0,83.03568181818184,0,34,4,12,11.8,16.0,15.2,0.3,10.488898563343492,19.0,0.0,-1.0,11,11,48.0
2021,12,Belgian Grand Prix,VER,Red Bull Racing,1.0,1.0,12.5,Finished,1.0,1.0,207.071,1,33,14,5,6.4,10.0,13.6,0.8,10.488898563343492,10.488898563343492,0.0,-3.0,12,12,300.5
2021,12,Belgian Grand Prix,RUS,Williams,2.0,2.0,9.0,Finished,1.0,2.0,209.066,1,28,15,5,12.4,10.333333333333334,11.4,0.1,10.488898563343492,10.488898563343492,0.0,-5.0,12,12,20.0
2021,12,Belgian Grand Prix,HAM,Mercedes,3.0,3.0,7.5,Finished,1.0,3.0,209.672,1,12,11,5,2.2,2.3333333333333335,5.2,1.0,10.488898563343492,10.488898563343492,0.0,-2.5,12,12,307.5
2021,12,Belgian Grand Prix,RIC,McLaren,4.0,4.0,6.0,Finished,1.0,4.0,211.567,1,27,10,5,8.4,7.666666666666667,8.4,0.7,10.488898563343492,10.488898563343492,0.0,-3.0,12,12,169.0
2021,12,Belgian Grand Prix,VET,Aston Martin,5.0,5.0,5.0,Finished,1.0,5.0,214.55,1,34,4,5,15.4,18.666666666666668,16.6,0.3,10.488898563343492,10.488898563343492,0.0,-5.0,12,12,53.0
2021,12,Belgian Grand Prix,GAS,AlphaTauri,6.0,6.0,4.0,Finished,1.0,6.0,217.248,1,9,2,5,10.4,8.333333333333334,8.8,0.8,10.488898563343492,10.488898563343492,0.0,-5.5,12,12,72.0
2021,12,Belgian Grand Prix,OCO,Alpine,7.0,8.0,3.0,Finished,1.0,9.0,218.65,1,23,3,5,11.6,10.0,8.2,0.4,10.488898563343492,10.488898563343492,1.0,-2.5,12,12,80.0
2021,12,Belgian Grand Prix,LEC,Ferrari,8.0,9.0,2.0,Finished,1.0,11.0,219.679,1,17,7,5,10.2,9.333333333333334,7.4,0.6,10.488898563343492,10.488898563343492,2.0,-1.0,12,12,165.5
2021,12,Belgian Grand Prix,LAT,Williams,9.0,10.0,1.0,Finished,1.0,12.0,222.556,1,15,15,5,14.4,12.333333333333334,8.6,0.2,10.488898563343492,2.0,2.0,5.0,12,12,20.0
2021,12,Belgian Grand Prix,SAI,Ferrari,10.0,11.0,0.5,Finished,1.0,13.0,223.237,1,29,7,5,6.2,4.666666666666667,7.4,0.9,10.488898563343492,8.0,2.0,1.0,12,12,165.5
2021,12,Belgian Grand Prix,ALO,Alpine,11.0,12.0,0.0,Finished,1.0,14.0,227.661,1,1,3,5,7.6,7.0,5.6,0.6,10.488898563343492,7.0,2.0,2.5,12,12,80.0
2021,12,Belgian Grand Prix,BOT,Mercedes,12.0,13.0,0.0,Finished,1.0,8.0,229.485,1,5,11,5,5.6,7.0,5.0,0.7,10.488898563343492,3.0,-5.0,2.5,12,12,307.5
2021,12,Belgian Grand Prix,GIO,Alfa Romeo Racing,13.0,14.0,0.0,Finished,1.0,16.0,231.234,1,10,1,5,14.0,13.333333333333334,13.2,0.1,10.488898563343492,10.488898563343492,2.0,-1.5,12,12,3.0
2021,12,Belgian Grand Prix,NOR,McLaren,14.0,15.0,0.0,Finished,1.0,10.0,234.181,1,22,10,5,6.4,7.333333333333333,7.8,0.7,10.488898563343492,4.0,-5.0,3.0,12,12,169.0
2021,12,Belgian Grand Prix,TSU,AlphaTauri,15.0,16.0,0.0,Finished,1.0,17.0,235.4,1,32,2,5,10.2,9.333333333333334,7.6,0.4,10.488898563343492,6.0,1.0,5.5,12,12,72.0
2021,12,Belgian Grand Prix,MSC,Haas F1 Team,16.0,17.0,0.0,Finished,1.0,18.0,236.578,1,21,8,5,16.6,16.0,16.0,0.1,10.488898563343492,10.488898563343492,1.0,-1.0,12,12,0.0
2021,12,Belgian Grand Prix,MAZ,Haas F1 Team,17.0,18.0,0.0,Finished,1.0,20.0,239.064,1,20,8,5,17.6,16.666666666666668,15.4,0.1,10.488898563343492,16.0,2.0,1.0,12,12,0.0
2021,12,Belgian Grand Prix,RAI,Alfa Romeo Racing,18.0,0.0,0.0,Finished,1.0,19.0,243.125,1,26,1,5,13.6,13.333333333333334,12.8,0.2,10.488898563343492,13.0,19.0,1.5,12,12,3.0
2021,12,Belgian Grand Prix,PER,Red Bull Racing,19.0,0.0,0.0,Finished,1.0,7.0,245.276,1,24,14,5,9.2,13.0,12.6,0.8,10.488898563343492,1.0,7.0,3.0,12,12,300.5
2021,12,Belgian Grand Prix,STR,Aston Martin,20.0,19.0,0.0,Finished,1.0,15.0,241.179,1,31,4,5,11.6,13.333333333333334,14.2,0.3,10.488898563343492,5.0,-4.0,5.0,12,12,53.0
2021,13,Dutch Grand Prix,VER,Red Bull Racing,1.0,1.0,25.0,Finished,72.0,1.0,74.59357142857144,1,33,14,9,6.4,10.0,13.2,0.8,10.488898563343492,10.488898563343492,0.0,-7.5,13,13,329.5
2021,13,Dutch Grand Prix,HAM,Mercedes,2.0,2.0,19.0,Finished,72.0,2.0,74.62008695652173,1,12,11,9,2.4,2.0,7.2,1.0,10.488898563343492,10.488898563343492,0.0,-0.5,13,13,341.5
2021,13,Dutch Grand Prix,BOT,Mercedes,3.0,3.0,15.0,Finished,72.0,3.0,75.33285714285714,1,5,11,9,7.2,10.333333333333334,7.0,0.8,10.488898563343492,2.0,0.0,0.5,13,13,341.5
2021,13,Dutch Grand Prix,GAS,AlphaTauri,4.0,4.0,12.0,+1 Lap,71.0,4.0,76.05698571428573,0,9,2,9,10.2,7.333333333333333,8.6,0.8,10.488898563343492,10.488898563343492,0.0,-5.5,13,13,84.0
2021,13,Dutch Grand Prix,LEC,Ferrari,5.0,5.0,10.0,+1 Lap,71.0,5.0,76.10564285714285,0,17,7,9,8.6,9.333333333333334,9.0,0.6,10.488898563343492,10.488898563343492,0.0,-0.5,13,13,181.5
2021,13,Dutch Grand Prix,ALO,Alpine,6.0,9.0,8.0,+1 Lap,71.0,9.0,76.5231857142857,0,1,3,9,8.2,7.333333333333333,6.4,0.6,10.488898563343492,10.488898563343492,0.0,0.5,13,13,90.0
2021,13,Dutch Grand Prix,SAI,Ferrari,7.0,6.0,6.0,+1 Lap,71.0,6.0,76.52962857142855,0,29,7,9,6.0,6.333333333333333,8.8,0.9,10.488898563343492,5.0,0.0,0.5,13,13,181.5
2021,13,Dutch Grand Prix,PER,Red Bull Racing,8.0,0.0,4.0,+1 Lap,71.0,16.0,76.04441176470587,0,24,14,9,12.4,17.333333333333332,9.4,0.8,10.488898563343492,1.0,16.0,7.5,13,13,329.5
2021,13,Dutch Grand Prix,OCO,Alpine,9.0,8.0,2.0,+1 Lap,71.0,8.0,76.59822857142858,0,23,3,9,10.2,5.666666666666667,5.8,0.4,10.488898563343492,6.0,0.0,-0.5,13,13,90.0
2021,13,Dutch Grand Prix,NOR,McLaren,10.0,13.0,1.0,+1 Lap,71.0,13.0,76.60678571428573,0,22,10,9,8.2,11.0,9.8,0.7,10.488898563343492,10.488898563343492,0.0,1.5,13,13,170.0
2021,13,Dutch Grand Prix,RIC,McLaren,11.0,10.0,0.0,+1 Lap,71.0,10.0,76.77395714285714,0,27,10,9,8.0,6.666666666666667,10.8,0.7,10.488898563343492,10.0,0.0,-1.5,13,13,170.0
2021,13,Dutch Grand Prix,STR,Aston Martin,12.0,12.0,0.0,+2 Laps,70.0,12.0,77.21947826086956,0,31,4,9,13.6,15.666666666666666,16.6,0.3,10.488898563343492,10.488898563343492,0.0,-2.5,13,13,53.0
2021,13,Dutch Grand Prix,VET,Aston Martin,13.0,15.0,0.0,+2 Laps,70.0,17.0,77.02405882352939,0,34,4,9,14.6,14.666666666666666,15.2,0.4,10.488898563343492,12.0,2.0,2.5,13,13,53.0
2021,13,Dutch Grand Prix,GIO,Alfa Romeo Racing,14.0,7.0,0.0,+2 Laps,70.0,7.0,77.11310294117646,0,10,1,9,13.6,13.0,13.8,0.2,10.488898563343492,10.488898563343492,0.0,-5.5,13,13,3.0
2021,13,Dutch Grand Prix,KUB,Alfa Romeo Racing,15.0,16.0,0.0,+2 Laps,70.0,18.0,77.81889855072464,0,14,1,9,10.488898563343492,10.488898563343492,13.6,0.85,10.488898563343492,14.0,2.0,5.5,13,1,3.0
2021,13,Dutch Grand Prix,LAT,Williams,16.0,0.0,0.0,+2 Laps,70.0,14.0,77.57429411764704,0,15,15,9,12.6,10.0,8.0,0.3,10.488898563343492,10.488898563343492,14.0,1.5,13,13,20.0
2021,13,Dutch Grand Prix,RUS,Williams,17.0,11.0,0.0,Gearbox,69.0,11.0,77.25520895522389,0,28,15,9,10.4,7.333333333333333,8.4,0.2,10.488898563343492,16.0,0.0,-1.5,13,13,20.0
2021,13,Dutch Grand Prix,MSC,Haas F1 Team,18.0,17.0,0.0,+3 Laps,69.0,19.0,78.41004477611942,0,21,8,9,16.0,15.333333333333334,15.4,0.2,10.488898563343492,10.488898563343492,2.0,-0.5,13,13,0.0
2021,13,Dutch Grand Prix,TSU,AlphaTauri,19.0,14.0,0.0,Power Unit,48.0,15.0,77.89627659574468,0,32,2,9,10.6,10.333333333333334,7.2,0.4,10.488898563343492,4.0,1.0,5.5,13,13,84.0
2021,13,Dutch Grand Prix,MAZ,Haas F1 Team,20.0,18.0,0.0,Hydraulics,41.0,20.0,78.770775,0,20,8,9,17.0,16.0,15.4,0.2,10.488898563343492,18.0,2.0,0.5,13,13,0.0
2021,14,Italian Grand Prix,RIC,McLaren,1.0,2.0,26.0,Finished,53.0,5.0,86.6665652173913,1,27,10,13,7.6,8.666666666666666,10.8,0.6,10.488898563343492,10.488898563343492,3.0,0.5,14,14,214.0
2021,14,Italian Grand Prix,NOR,McLaren,2.0,3.0,18.0,Finished,53.0,4.0,86.87013043478261,1,22,10,13,9.2,13.0,8.0,0.6,10.488898563343492,1.0,1.0,-0.5,14,14,214.0
2021,14,Italian Grand Prix,BOT,Mercedes,3.0,19.0,15.0,Finished,53.0,1.0,86.48534782608694,1,5,11,13,7.2,10.333333333333334,7.2,0.8,10.488898563343492,10.488898563343492,-18.0,-0.5,14,14,356.5
2021,14,Italian Grand Prix,LEC,Ferrari,4.0,5.0,12.0,Finished,53.0,8.0,86.52976086956522,1,17,7,13,8.2,10.333333333333334,9.6,0.5,10.488898563343492,10.488898563343492,3.0,0.5,14,14,201.5
2021,14,Italian Grand Prix,PER,Red Bull Racing,5.0,8.0,10.0,Finished,53.0,9.0,86.46680434782608,1,24,14,13,13.2,14.666666666666666,9.2,0.7,10.488898563343492,10.488898563343492,1.0,3.0,14,14,339.5
2021,14,Italian Grand Prix,SAI,Ferrari,6.0,6.0,8.0,Finished,53.0,7.0,86.82950000000001,1,29,7,13,6.2,6.666666666666667,6.8,0.8,10.488898563343492,4.0,1.0,-0.5,14,14,201.5
2021,14,Italian Grand Prix,STR,Aston Martin,7.0,9.0,6.0,Finished,53.0,12.0,87.10943478260869,1,31,4,13,14.4,17.0,14.0,0.3,10.488898563343492,10.488898563343492,3.0,0.5,14,14,59.0
2021,14,Italian Grand Prix,ALO,Alpine,8.0,10.0,4.0,Finished,53.0,13.0,87.16452173913044,1,1,3,13,7.6,7.0,7.4,0.5,10.488898563343492,10.488898563343492,3.0,-0.5,14,14,95.0
2021,14,Italian Grand Prix,RUS,Williams,9.0,14.0,2.0,Finished,53.0,15.0,87.57363829787235,1,28,15,13,10.0,9.0,10.4,0.2,10.488898563343492,10.488898563343492,1.0,-0.5,14,14,22.0
2021,14,Italian Grand Prix,OCO,Alpine,10.0,12.0,1.0,Finished,53.0,14.0,87.58202127659575,1,23,3,13,9.2,5.666666666666667,8.2,0.3,10.488898563343492,8.0,2.0,0.5,14,14,95.0
2021,14,Italian Grand Prix,LAT,Williams,11.0,13.0,0.0,Finished,53.0,16.0,87.66078260869567,1,15,15,13,12.4,10.666666666666666,10.6,0.3,10.488898563343492,9.0,3.0,0.5,14,14,22.0
2021,14,Italian Grand Prix,VET,Aston Martin,12.0,11.0,0.0,Finished,53.0,11.0,87.6623695652174,1,34,4,13,14.8,12.666666666666666,11.4,0.4,10.488898563343492,7.0,0.0,-0.5,14,14,59.0
2021,14,Italian Grand Prix,GIO,Alfa Romeo Racing,13.0,7.0,0.0,Finished,53.0,10.0,87.55654347826086,1,10,1,13,13.4,13.333333333333334,14.6,0.2,10.488898563343492,10.488898563343492,3.0,-4.5,14,14,3.0
2021,14,Italian Grand Prix,KUB,Alfa Romeo Racing,14.0,17.0,0.0,Finished,53.0,19.0,87.82555319148938,1,14,1,13,15.0,15.0,14.6,0.0,10.488898563343492,13.0,2.0,4.5,14,2,3.0
2021,14,Italian Grand Prix,MSC,Haas F1 Team,15.0,18.0,0.0,Finished,53.0,18.0,89.31053191489362,1,21,8,13,16.4,15.333333333333334,17.0,0.2,10.488898563343492,10.488898563343492,0.0,-1.0,14,14,0.0
2021,14,Italian Grand Prix,MAZ,Haas F1 Team,16.0,16.0,0.0,Power Unit,41.0,20.0,89.5500882352941,0,20,8,13,17.4,17.0,17.2,0.2,10.488898563343492,15.0,4.0,1.0,14,14,0.0
2021,14,Italian Grand Prix,HAM,Mercedes,17.0,4.0,0.0,Collision,25.0,2.0,86.94754166666667,0,12,11,13,2.4,2.3333333333333335,4.6,1.0,10.488898563343492,3.0,-2.0,0.5,14,14,356.5
2021,14,Italian Grand Prix,VER,Red Bull Racing,18.0,1.0,0.0,Collision,25.0,3.0,87.486625,0,33,14,13,6.4,3.6666666666666665,6.8,0.8,10.488898563343492,5.0,2.0,-3.0,14,14,339.5
2021,14,Italian Grand Prix,GAS,AlphaTauri,19.0,0.0,0.0,Suspension,3.0,6.0,106.783,0,9,2,13,7.0,5.0,10.0,0.7,10.488898563343492,10.488898563343492,6.0,-5.5,14,14,84.0
2021,14,Italian Grand Prix,TSU,AlphaTauri,20.0,0.0,0.0,Brakes,0.0,17.0,87.486625,0,32,2,13,12.4,13.333333333333334,12.6,0.4,10.488898563343492,19.0,17.0,5.5,14,14,84.0
2021,15,Russian Grand Prix,HAM,Mercedes,1.0,4.0,25.0,Finished,53.0,4.0,102.20548076923076,1,12,11,21,5.0,7.333333333333333,7.4,0.9,10.488898563343492,10.488898563343492,0.0,-1.5,15,15,391.5
2021,15,Russian Grand Prix,VER,Red Bull Racing,2.0,20.0,18.0,Finished,53.0,20.0,102.81454901960784,1,33,14,21,9.8,6.666666666666667,10.2,0.7,10.488898563343492,10.488898563343492,0.0,5.5,15,15,359.5
2021,15,Russian Grand Prix,SAI,Ferrari,3.0,2.0,15.0,Finished,53.0,2.0,102.36458,1,29,7,21,6.4,7.666666666666667,6.4,0.8,10.488898563343492,10.488898563343492,0.0,-6.5,15,15,216.5
2021,15,Russian Grand Prix,RIC,McLaren,4.0,5.0,12.0,Finished,53.0,5.0,102.37838,1,27,10,21,6.4,5.333333333333333,7.6,0.6,10.488898563343492,10.488898563343492,0.0,2.0,15,15,233.0
2021,15,Russian Grand Prix,BOT,Mercedes,5.0,16.0,10.0,Finished,53.0,7.0,103.49026923076924,1,5,11,21,7.4,6.0,5.2,0.8,10.488898563343492,1.0,-9.0,1.5,15,15,391.5
2021,15,Russian Grand Prix,ALO,Alpine,6.0,6.0,8.0,Finished,53.0,6.0,102.83133333333332,1,1,3,21,7.2,8.333333333333334,8.8,0.6,10.488898563343492,10.488898563343492,0.0,-2.0,15,15,103.0
2021,15,Russian Grand Prix,NOR,McLaren,7.0,1.0,7.0,Finished,53.0,1.0,101.97582352941178,1,22,10,21,9.0,8.666666666666666,5.6,0.7,10.488898563343492,4.0,0.0,-2.0,15,15,233.0
2021,15,Russian Grand Prix,RAI,Alfa Romeo Racing,8.0,13.0,4.0,Finished,53.0,16.0,103.46911764705882,1,26,1,21,13.8,14.333333333333334,14.8,0.2,10.488898563343492,10.488898563343492,3.0,-1.0,15,13,7.0
2021,15,Russian Grand Prix,PER,Red Bull Racing,9.0,8.0,2.0,Finished,53.0,9.0,102.05163265306122,1,24,14,21,13.0,10.666666666666666,6.8,0.7,10.488898563343492,2.0,1.0,-5.5,15,15,359.5
2021,15,Russian Grand Prix,RUS,Williams,10.0,3.0,1.0,Finished,53.0,3.0,103.6560392156863,1,28,15,21,9.6,9.333333333333334,12.4,0.3,10.488898563343492,10.488898563343492,0.0,-5.5,15,15,23.0
2021,15,Russian Grand Prix,STR,Aston Martin,11.0,7.0,0.0,Finished,53.0,8.0,103.25205882352942,1,31,4,21,13.2,13.0,12.8,0.4,10.488898563343492,10.488898563343492,1.0,-1.5,15,15,59.0
2021,15,Russian Grand Prix,VET,Aston Martin,12.0,10.0,0.0,+1 Lap,52.0,11.0,102.94194,0,34,4,21,13.8,10.0,11.0,0.5,10.488898563343492,11.0,1.0,1.5,15,15,59.0
2021,15,Russian Grand Prix,GAS,AlphaTauri,13.0,11.0,0.0,+1 Lap,52.0,12.0,103.25,0,9,2,21,9.0,9.666666666666666,15.4,0.7,10.488898563343492,10.488898563343492,1.0,-0.5,15,15,84.0
2021,15,Russian Grand Prix,OCO,Alpine,14.0,9.0,0.0,+1 Lap,52.0,10.0,103.39744,0,23,3,21,7.2,8.666666666666666,7.8,0.4,10.488898563343492,6.0,1.0,2.0,15,15,103.0
2021,15,Russian Grand Prix,LEC,Ferrari,15.0,19.0,0.0,+1 Lap,52.0,15.0,102.07135416666668,0,17,7,21,7.4,5.666666666666667,5.0,0.5,10.488898563343492,3.0,-4.0,6.5,15,15,216.5
2021,15,Russian Grand Prix,GIO,Alfa Romeo Racing,16.0,17.0,0.0,+1 Lap,52.0,18.0,104.14024,0,10,1,21,13.2,13.333333333333334,12.8,0.3,10.488898563343492,8.0,1.0,1.0,15,15,7.0
2021,15,Russian Grand Prix,TSU,AlphaTauri,17.0,12.0,0.0,+1 Lap,52.0,13.0,103.14534042553193,0,32,2,21,14.0,18.0,15.0,0.4,10.488898563343492,13.0,1.0,0.5,15,15,84.0
2021,15,Russian Grand Prix,MAZ,Haas F1 Team,18.0,15.0,0.0,+2 Laps,51.0,19.0,104.94721276595742,0,20,8,21,16.8,17.666666666666668,17.2,0.2,10.488898563343492,10.488898563343492,4.0,1.0,15,15,0.0
2021,15,Russian Grand Prix,LAT,Williams,19.0,18.0,0.0,Accident,47.0,14.0,102.68891304347824,0,15,15,21,11.4,12.0,12.6,0.4,10.488898563343492,10.0,-4.0,5.5,15,15,23.0
2021,15,Russian Grand Prix,MSC,Haas F1 Team,20.0,14.0,0.0,Oil leak,32.0,17.0,104.44296875,0,21,8,21,15.8,16.333333333333332,17.4,0.3,10.488898563343492,18.0,3.0,-1.0,15,15,0.0
2021,16,Turkish Grand Prix,BOT,Mercedes,1.0,1.0,26.0,Finished,58.0,2.0,93.86424561403508,1,5,11,27,7.8,3.6666666666666665,5.8,0.9,10.488898563343492,10.488898563343492,1.0,0.5,16,16,427.5
2021,16,Turkish Grand Prix,VER,Red Bull Racing,2.0,2.0,18.0,Finished,58.0,3.0,94.46012068965516,1,33,14,27,6.2,7.0,8.4,0.7,10.488898563343492,10.488898563343492,1.0,-2.0,16,16,392.5
2021,16,Turkish Grand Prix,PER,Red Bull Racing,3.0,6.0,15.0,Finished,58.0,7.0,94.78575862068963,1,24,14,27,11.6,7.333333333333333,7.2,0.7,10.488898563343492,2.0,1.0,2.0,16,16,392.5
2021,16,Turkish Grand Prix,LEC,Ferrari,4.0,3.0,12.0,Finished,58.0,4.0,94.5230701754386,1,17,7,27,10.0,8.0,7.0,0.5,10.488898563343492,10.488898563343492,1.0,-5.5,16,16,232.5
2021,16,Turkish Grand Prix,HAM,Mercedes,5.0,11.0,10.0,Finished,58.0,1.0,94.92956896551726,1,12,11,27,5.0,6.666666666666667,5.4,0.9,10.488898563343492,1.0,-10.0,-0.5,16,16,427.5
2021,16,Turkish Grand Prix,GAS,AlphaTauri,6.0,4.0,8.0,Finished,58.0,5.0,94.5528245614035,1,9,2,27,9.4,12.0,17.6,0.6,10.488898563343492,10.488898563343492,1.0,-2.5,16,16,92.0
2021,16,Turkish Grand Prix,NOR,McLaren,7.0,7.0,6.0,Finished,58.0,8.0,95.0226896551724,1,22,10,27,9.6,6.333333333333333,5.0,0.7,10.488898563343492,10.488898563343492,1.0,-4.0,16,16,239.0
2021,16,Turkish Grand Prix,SAI,Ferrari,8.0,19.0,4.0,Finished,58.0,15.0,94.68503508771929,1,29,7,27,5.8,5.333333333333333,6.4,0.8,10.488898563343492,4.0,-4.0,5.5,16,16,232.5
2021,16,Turkish Grand Prix,STR,Aston Martin,9.0,8.0,2.0,Finished,58.0,9.0,95.07443859649123,1,31,4,27,13.8,10.0,11.0,0.5,10.488898563343492,10.488898563343492,1.0,-1.0,16,16,61.0
2021,16,Turkish Grand Prix,OCO,Alpine,10.0,12.0,1.0,+1 Lap,57.0,12.0,96.04977192982456,0,23,3,27,8.2,11.0,9.4,0.4,10.488898563343492,10.488898563343492,0.0,3.0,16,16,104.0
2021,16,Turkish Grand Prix,GIO,Alfa Romeo Racing,11.0,16.0,0.0,+1 Lap,57.0,18.0,96.06301754385966,0,10,1,27,13.8,14.333333333333334,13.2,0.3,10.488898563343492,10.488898563343492,2.0,-0.5,16,16,7.0
2021,16,Turkish Grand Prix,RAI,Alfa Romeo Racing,12.0,17.0,0.0,+1 Lap,57.0,19.0,96.1513157894737,0,26,1,27,13.2,12.0,12.4,0.3,10.488898563343492,11.0,2.0,0.5,16,14,7.0
2021,16,Turkish Grand Prix,RIC,McLaren,13.0,20.0,0.0,+1 Lap,57.0,16.0,96.1960350877193,0,27,10,27,6.2,5.333333333333333,4.2,0.7,10.488898563343492,7.0,-4.0,4.0,16,16,239.0
2021,16,Turkish Grand Prix,TSU,AlphaTauri,14.0,9.0,0.0,+1 Lap,57.0,10.0,95.93985714285714,0,32,2,27,15.4,18.666666666666668,15.0,0.4,10.488898563343492,6.0,1.0,2.5,16,16,92.0
2021,16,Turkish Grand Prix,RUS,Williams,15.0,13.0,0.0,+1 Lap,57.0,13.0,96.3547192982456,0,28,15,27,9.2,12.0,13.2,0.4,10.488898563343492,10.488898563343492,0.0,-2.0,16,16,23.0
2021,16,Turkish Grand Prix,ALO,Alpine,16.0,5.0,0.0,+1 Lap,57.0,6.0,95.96571428571428,0,1,3,27,7.0,6.666666666666667,9.6,0.7,10.488898563343492,10.0,1.0,-3.0,16,16,104.0
2021,16,Turkish Grand Prix,LAT,Williams,17.0,15.0,0.0,+1 Lap,57.0,17.0,95.76398181818185,0,15,15,27,12.4,15.333333333333334,12.8,0.4,10.488898563343492,15.0,2.0,2.0,16,16,23.0
2021,16,Turkish Grand Prix,VET,Aston Martin,18.0,10.0,0.0,+1 Lap,57.0,11.0,95.71278571428572,0,34,4,27,12.4,12.333333333333334,10.2,0.4,10.488898563343492,9.0,1.0,1.0,16,16,61.0
2021,16,Turkish Grand Prix,MSC,Haas F1 Team,19.0,14.0,0.0,+2 Laps,56.0,14.0,97.91766071428572,0,21,8,27,16.2,17.666666666666668,17.8,0.3,10.488898563343492,10.488898563343492,0.0,-3.0,16,16,0.0
2021,16,Turkish Grand Prix,MAZ,Haas F1 Team,20.0,18.0,0.0,+2 Laps,56.0,20.0,98.34876785714285,0,20,8,27,17.0,18.0,17.6,0.2,10.488898563343492,19.0,2.0,3.0,16,16,0.0
2021,17,United States Grand Prix,VER,Red Bull Racing,1.0,1.0,25.0,Finished,56.0,1.0,101.367,1,33,14,28,4.8,7.333333333333333,6.8,0.8,10.488898563343492,10.488898563343492,0.0,-1.0,17,17,432.5
2021,17,United States Grand Prix,HAM,Mercedes,2.0,2.0,19.0,Finished,56.0,2.0,101.0273090909091,1,12,11,28,5.6,7.666666666666667,5.8,0.9,10.488898563343492,10.488898563343492,0.0,-1.0,17,17,454.5
2021,17,United States Grand Prix,PER,Red Bull Racing,3.0,3.0,15.0,Finished,56.0,3.0,102.12098214285716,1,24,14,28,8.8,5.666666666666667,3.4,0.7,10.488898563343492,1.0,0.0,1.0,17,17,432.5
2021,17,United States Grand Prix,LEC,Ferrari,4.0,4.0,12.0,Finished,56.0,5.0,102.2999642857143,1,17,7,28,7.2,7.666666666666667,7.2,0.5,10.488898563343492,10.488898563343492,1.0,-0.5,17,17,250.5
2021,17,United States Grand Prix,RIC,McLaren,5.0,6.0,10.0,Finished,56.0,7.0,102.73939285714285,1,27,10,28,6.6,6.0,6.6,0.6,10.488898563343492,10.488898563343492,1.0,-0.5,17,17,253.0
2021,17,United States Grand Prix,BOT,Mercedes,6.0,9.0,8.0,Finished,56.0,4.0,102.43587272727272,1,5,11,28,4.8,3.0,2.8,0.9,10.488898563343492,2.0,-5.0,1.0,17,17,454.5
2021,17,United States Grand Prix,SAI,Ferrari,7.0,5.0,6.0,Finished,56.0,6.0,102.4845636363636,1,29,7,28,6.8,5.666666666666667,6.8,0.8,10.488898563343492,4.0,1.0,0.5,17,17,250.5
2021,17,United States Grand Prix,NOR,McLaren,8.0,7.0,4.0,Finished,56.0,8.0,102.4927818181818,1,22,10,28,8.0,5.333333333333333,7.2,0.7,10.488898563343492,5.0,1.0,0.5,17,17,253.0
2021,17,United States Grand Prix,TSU,AlphaTauri,9.0,10.0,2.0,+1 Lap,55.0,10.0,103.44170370370372,0,32,2,28,17.0,17.0,14.0,0.3,10.488898563343492,10.488898563343492,0.0,0.5,17,17,94.0
2021,17,United States Grand Prix,VET,Aston Martin,10.0,18.0,1.0,+1 Lap,55.0,12.0,103.4868888888889,0,34,4,28,12.0,14.0,12.4,0.3,10.488898563343492,10.488898563343492,-6.0,-2.0,17,17,62.0
2021,17,United States Grand Prix,GIO,Alfa Romeo Racing,11.0,12.0,0.0,+1 Lap,55.0,13.0,103.52992592592594,0,10,1,28,13.4,13.333333333333334,12.2,0.2,10.488898563343492,10.488898563343492,1.0,-2.5,17,17,7.0
2021,17,United States Grand Prix,STR,Aston Martin,12.0,13.0,0.0,+1 Lap,55.0,16.0,104.28714545454544,0,31,4,28,11.8,9.0,12.0,0.6,10.488898563343492,10.0,3.0,2.0,17,17,62.0
2021,17,United States Grand Prix,RAI,Alfa Romeo Racing,13.0,15.0,0.0,+1 Lap,55.0,18.0,104.34898181818184,0,26,1,28,12.6,12.666666666666666,11.6,0.3,10.488898563343492,11.0,3.0,2.5,17,15,7.0
2021,17,United States Grand Prix,RUS,Williams,14.0,20.0,0.0,+1 Lap,55.0,15.0,104.39547272727272,0,28,15,28,10.6,11.333333333333334,14.4,0.4,10.488898563343492,10.488898563343492,-5.0,-1.0,17,17,23.0
2021,17,United States Grand Prix,LAT,Williams,15.0,14.0,0.0,+1 Lap,55.0,17.0,104.0260754716981,0,15,15,28,14.4,15.666666666666666,15.0,0.3,10.488898563343492,14.0,3.0,1.0,17,17,23.0
2021,17,United States Grand Prix,MSC,Haas F1 Team,16.0,16.0,0.0,+2 Laps,54.0,19.0,105.22525925925926,0,21,8,28,17.6,18.0,18.6,0.2,10.488898563343492,10.488898563343492,3.0,-0.5,17,17,0.0
2021,17,United States Grand Prix,MAZ,Haas F1 Team,17.0,17.0,0.0,+2 Laps,54.0,20.0,106.37169811320754,0,20,8,28,18.2,18.0,18.6,0.1,10.488898563343492,16.0,3.0,0.5,17,17,0.0
2021,17,United States Grand Prix,ALO,Alpine,18.0,19.0,0.0,Rear wing,49.0,14.0,104.27089795918369,0,1,3,28,9.4,10.0,11.2,0.6,10.488898563343492,10.488898563343492,-5.0,1.5,17,17,104.0
2021,17,United States Grand Prix,OCO,Alpine,19.0,11.0,0.0,Mechanical,40.0,11.0,104.02583783783784,0,23,3,28,10.0,11.333333333333334,12.8,0.4,10.488898563343492,18.0,0.0,-1.5,17,17,104.0
2021,17,United States Grand Prix,GAS,AlphaTauri,20.0,8.0,0.0,Suspension,14.0,9.0,105.99338461538464,0,9,2,28,9.6,12.666666666666666,11.8,0.6,10.488898563343492,9.0,1.0,-0.5,17,17,94.0
2021,18,Mexico City Grand Prix,VER,Red Bull Racing,1.0,3.0,25.0,Finished,71.0,3.0,80.75883333333333,1,33,14,16,4.8,1.6666666666666667,3.6,0.8,10.488898563343492,10.488898563343492,0.0,-0.5,18,18,472.5
2021,18,Mexico City Grand Prix,HAM,Mercedes,2.0,2.0,18.0,Finished,71.0,2.0,80.95656060606062,1,12,11,16,5.4,2.6666666666666665,3.8,0.9,10.488898563343492,10.488898563343492,0.0,0.5,18,18,472.5
2021,18,Mexico City Grand Prix,PER,Red Bull Racing,3.0,4.0,15.0,Finished,71.0,4.0,80.99522727272726,1,24,14,16,5.6,5.0,2.0,0.7,10.488898563343492,1.0,0.0,0.5,18,18,472.5
2021,18,Mexico City Grand Prix,GAS,AlphaTauri,4.0,5.0,12.0,Finished,71.0,5.0,81.66013636363635,1,9,2,16,12.4,13.0,13.2,0.5,10.488898563343492,10.488898563343492,0.0,-2.0,18,18,106.0
2021,18,Mexico City Grand Prix,LEC,Ferrari,5.0,8.0,10.0,Finished,71.0,8.0,81.9202424242424,1,17,7,16,6.4,7.666666666666667,7.6,0.6,10.488898563343492,10.488898563343492,0.0,1.0,18,18,268.5
2021,18,Mexico City Grand Prix,SAI,Ferrari,6.0,6.0,8.0,+1 Lap,70.0,6.0,81.96275384615384,0,29,7,16,6.2,6.0,5.6,0.8,10.488898563343492,5.0,0.0,-1.0,18,18,268.5
2021,18,Mexico City Grand Prix,VET,Aston Martin,7.0,9.0,6.0,+1 Lap,70.0,11.0,82.07281538461538,0,34,4,16,13.0,13.333333333333334,12.2,0.2,10.488898563343492,10.488898563343492,2.0,-4.5,18,18,68.0
2021,18,Mexico City Grand Prix,RAI,Alfa Romeo Racing,8.0,10.0,4.0,+1 Lap,70.0,12.0,82.12306153846156,0,26,1,16,12.2,11.0,12.6,0.3,10.488898563343492,10.488898563343492,2.0,-1.0,18,16,11.0
2021,18,Mexico City Grand Prix,ALO,Alpine,9.0,12.0,2.0,+1 Lap,70.0,16.0,82.21381538461539,0,1,3,16,10.8,13.333333333333334,15.4,0.5,10.488898563343492,10.488898563343492,4.0,0.5,18,18,106.0
2021,18,Mexico City Grand Prix,NOR,McLaren,10.0,18.0,1.0,+1 Lap,70.0,10.0,82.2370923076923,0,22,10,16,6.8,7.333333333333333,8.0,0.7,10.488898563343492,10.488898563343492,-8.0,1.5,18,18,254.0
2021,18,Mexico City Grand Prix,GIO,Alfa Romeo Racing,11.0,11.0,0.0,+1 Lap,70.0,14.0,82.82312307692308,0,10,1,16,13.0,12.666666666666666,11.0,0.2,10.488898563343492,8.0,3.0,1.0,18,18,11.0
2021,18,Mexico City Grand Prix,RIC,McLaren,12.0,7.0,0.0,+1 Lap,70.0,7.0,82.74723076923078,0,27,10,16,6.8,7.333333333333333,8.6,0.6,10.488898563343492,10.0,0.0,-1.5,18,18,254.0
2021,18,Mexico City Grand Prix,OCO,Alpine,13.0,19.0,0.0,+1 Lap,70.0,15.0,82.96441538461538,0,23,3,16,12.4,14.333333333333334,14.4,0.4,10.488898563343492,9.0,-4.0,-0.5,18,18,106.0
2021,18,Mexico City Grand Prix,STR,Aston Martin,14.0,20.0,0.0,+2 Laps,69.0,20.0,82.84642857142858,0,31,4,16,10.2,10.666666666666666,11.2,0.5,10.488898563343492,7.0,0.0,4.5,18,18,68.0
2021,18,Mexico City Grand Prix,BOT,Mercedes,15.0,1.0,0.0,+2 Laps,69.0,1.0,82.69600000000001,0,5,11,16,3.6,4.0,3.2,0.9,10.488898563343492,2.0,0.0,-0.5,18,18,472.5
2021,18,Mexico City Grand Prix,RUS,Williams,16.0,16.0,0.0,+2 Laps,69.0,13.0,83.77254687499999,0,28,15,16,13.0,13.0,16.0,0.4,10.488898563343492,10.488898563343492,-3.0,-2.0,18,18,23.0
2021,18,Mexico City Grand Prix,LAT,Williams,17.0,13.0,0.0,+2 Laps,69.0,17.0,83.65136507936508,0,15,15,16,15.6,17.0,15.4,0.3,10.488898563343492,16.0,4.0,2.0,18,18,23.0
2021,18,Mexico City Grand Prix,MAZ,Haas F1 Team,18.0,15.0,0.0,+3 Laps,68.0,19.0,84.80143548387095,0,20,8,16,18.2,18.333333333333332,18.4,0.1,10.488898563343492,10.488898563343492,4.0,0.5,18,18,0.0
2021,18,Mexico City Grand Prix,MSC,Haas F1 Team,19.0,14.0,0.0,Collision,0.0,18.0,82.22545384615384,0,21,8,16,17.6,18.333333333333332,18.0,0.2,10.488898563343492,18.0,4.0,-0.5,18,18,0.0
2021,18,Mexico City Grand Prix,TSU,AlphaTauri,20.0,17.0,0.0,Collision,0.0,9.0,82.22545384615384,0,32,2,16,15.8,13.333333333333334,10.6,0.3,10.488898563343492,4.0,-8.0,2.0,18,18,106.0
2021,19,São Paulo Grand Prix,HAM,Mercedes,1.0,10.0,25.0,Finished,71.0,1.0,74.527328125,1,12,11,26,5.4,3.0,6.0,0.9,10.488898563343492,10.488898563343492,-9.0,-1.0,19,19,512.5
2021,19,São Paulo Grand Prix,VER,Red Bull Racing,2.0,2.0,18.0,Finished,71.0,2.0,74.62684375,1,33,14,26,4.8,1.3333333333333333,2.2,0.8,10.488898563343492,10.488898563343492,0.0,-1.0,19,19,503.5
2021,19,São Paulo Grand Prix,BOT,Mercedes,3.0,1.0,15.0,Finished,71.0,3.0,74.732375,1,5,11,26,6.0,7.333333333333333,5.2,0.8,10.488898563343492,1.0,2.0,1.0,19,19,512.5
2021,19,São Paulo Grand Prix,PER,Red Bull Racing,4.0,4.0,13.0,Finished,71.0,4.0,74.5581129032258,1,24,14,26,4.6,3.0,2.0,0.7,10.488898563343492,2.0,0.0,1.0,19,19,503.5
2021,19,São Paulo Grand Prix,LEC,Ferrari,5.0,6.0,10.0,Finished,71.0,7.0,75.06196825396826,1,17,7,26,6.4,4.333333333333333,6.0,0.7,10.488898563343492,10.488898563343492,1.0,0.5,19,19,286.5
2021,19,São Paulo Grand Prix,SAI,Ferrari,6.0,3.0,8.0,Finished,71.0,6.0,75.06869841269842,1,29,7,26,6.0,7.0,5.4,0.8,10.488898563343492,5.0,3.0,-0.5,19,19,286.5
2021,19,São Paulo Grand Prix,GAS,AlphaTauri,7.0,7.0,6.0,+1 Lap,70.0,5.0,75.32336065573772,0,9,2,26,12.4,10.0,13.4,0.6,10.488898563343492,10.488898563343492,-2.0,-4.0,19,19,112.0
2021,19,São Paulo Grand Prix,OCO,Alpine,8.0,8.0,4.0,+1 Lap,70.0,11.0,76.04719047619047,0,23,3,26,13.2,14.0,15.0,0.4,10.488898563343492,10.488898563343492,3.0,0.5,19,19,112.0
2021,19,São Paulo Grand Prix,ALO,Alpine,9.0,12.0,2.0,+1 Lap,70.0,10.0,75.83708064516128,0,1,3,26,11.4,14.333333333333334,13.4,0.5,10.488898563343492,8.0,-2.0,-0.5,19,19,112.0
2021,19,São Paulo Grand Prix,NOR,McLaren,10.0,5.0,1.0,+1 Lap,70.0,8.0,75.78085,0,22,10,26,6.8,8.333333333333334,9.6,0.7,10.488898563343492,10.488898563343492,3.0,-0.5,19,19,255.0
2021,19,São Paulo Grand Prix,VET,Aston Martin,11.0,9.0,0.0,+1 Lap,70.0,12.0,75.83299999999997,0,34,4,26,11.8,11.666666666666666,12.2,0.2,10.488898563343492,10.488898563343492,3.0,-2.0,19,19,68.0
2021,19,São Paulo Grand Prix,RAI,Alfa Romeo Racing,12.0,0.0,0.0,+1 Lap,70.0,14.0,75.99072580645161,0,26,1,26,11.8,11.0,11.0,0.2,10.488898563343492,10.488898563343492,14.0,-0.5,19,17,11.0
2021,19,São Paulo Grand Prix,RUS,Williams,13.0,17.0,0.0,+1 Lap,70.0,18.0,76.75352380952383,0,28,15,26,12.8,15.0,15.8,0.4,10.488898563343492,10.488898563343492,1.0,0.5,19,19,23.0
2021,19,São Paulo Grand Prix,GIO,Alfa Romeo Racing,14.0,13.0,0.0,+1 Lap,70.0,15.0,76.26203225806454,0,10,1,26,12.4,11.0,11.0,0.2,10.488898563343492,12.0,2.0,0.5,19,19,11.0
2021,19,São Paulo Grand Prix,TSU,AlphaTauri,15.0,15.0,0.0,+1 Lap,70.0,13.0,76.50314754098362,0,32,2,26,16.0,14.333333333333334,12.0,0.3,10.488898563343492,7.0,-2.0,4.0,19,19,112.0
2021,19,São Paulo Grand Prix,LAT,Williams,16.0,16.0,0.0,+1 Lap,70.0,17.0,76.28573770491805,0,15,15,26,15.8,16.333333333333332,15.0,0.3,10.488898563343492,13.0,1.0,-0.5,19,19,23.0
2021,19,São Paulo Grand Prix,MAZ,Haas F1 Team,17.0,19.0,0.0,+2 Laps,69.0,20.0,77.56770967741934,0,20,8,26,17.8,18.333333333333332,18.0,0.1,10.488898563343492,10.488898563343492,1.0,0.5,19,19,0.0
2021,19,São Paulo Grand Prix,MSC,Haas F1 Team,18.0,18.0,0.0,+2 Laps,69.0,19.0,76.91961666666667,0,21,8,26,17.8,18.0,17.4,0.2,10.488898563343492,17.0,1.0,-0.5,19,19,0.0
2021,19,São Paulo Grand Prix,RIC,McLaren,19.0,11.0,0.0,Power loss,49.0,9.0,76.21965853658537,0,27,10,26,7.0,10.0,9.0,0.6,10.488898563343492,10.0,-2.0,0.5,19,19,255.0
2021,19,São Paulo Grand Prix,STR,Aston Martin,20.0,14.0,0.0,Collision damage,47.0,16.0,77.60980487804879,0,31,4,26,10.6,11.666666666666666,10.8,0.5,10.488898563343492,11.0,2.0,2.0,19,19,68.0
2021,20,Qatar Grand Prix,HAM,Mercedes,1.0,1.0,25.0,Finished,57.0,1.0,87.86135185185186,1,12,11,20,2.2,1.6666666666666667,5.4,0.9,10.488898563343492,10.488898563343492,0.0,-1.0,20,20,537.5
2021,20,Qatar Grand Prix,VER,Red Bull Racing,2.0,7.0,19.0,Finished,57.0,2.0,87.62935849056603,1,33,14,20,1.6,1.3333333333333333,2.6,0.8,10.488898563343492,10.488898563343492,-5.0,-4.5,20,20,534.5
2021,20,Qatar Grand Prix,ALO,Alpine,3.0,3.0,15.0,Finished,57.0,5.0,89.25989090909091,1,1,3,20,11.6,12.0,11.6,0.5,10.488898563343492,10.488898563343492,2.0,-2.0,20,20,137.0
2021,20,Qatar Grand Prix,PER,Red Bull Racing,4.0,11.0,12.0,Finished,57.0,11.0,89.01064814814815,1,24,14,20,4.4,3.3333333333333335,2.4,0.7,10.488898563343492,2.0,0.0,4.5,20,20,534.5
2021,20,Qatar Grand Prix,OCO,Alpine,5.0,9.0,10.0,Finished,57.0,9.0,89.61667272727271,1,23,3,20,12.8,13.333333333333334,8.4,0.4,10.488898563343492,3.0,0.0,2.0,20,20,137.0
2021,20,Qatar Grand Prix,STR,Aston Martin,6.0,12.0,8.0,Finished,57.0,12.0,89.61558181818184,1,31,4,20,13.2,15.333333333333334,12.8,0.5,10.488898563343492,10.488898563343492,0.0,1.0,20,20,77.0
2021,20,Qatar Grand Prix,SAI,Ferrari,7.0,5.0,6.0,Finished,57.0,7.0,89.67852727272727,1,29,7,20,6.0,6.333333333333333,5.8,0.8,10.488898563343492,10.488898563343492,2.0,-3.0,20,20,296.5
2021,20,Qatar Grand Prix,LEC,Ferrari,8.0,13.0,4.0,Finished,57.0,13.0,89.62103636363636,1,17,7,20,6.6,4.666666666666667,5.8,0.7,10.488898563343492,7.0,0.0,3.0,20,20,296.5
2021,20,Qatar Grand Prix,NOR,McLaren,9.0,4.0,2.0,+1 Lap,56.0,6.0,89.44516981132075,0,22,10,20,8.4,9.333333333333334,11.8,0.6,10.488898563343492,10.488898563343492,2.0,-4.0,20,20,257.0
2021,20,Qatar Grand Prix,VET,Aston Martin,10.0,10.0,1.0,+1 Lap,56.0,10.0,89.89672222222222,0,34,4,20,11.6,9.333333333333334,11.6,0.2,10.488898563343492,6.0,0.0,-1.0,20,20,77.0
2021,20,Qatar Grand Prix,GAS,AlphaTauri,11.0,2.0,0.0,+1 Lap,56.0,4.0,89.5689245283019,0,9,2,20,10.0,10.333333333333334,13.2,0.5,10.488898563343492,10.488898563343492,2.0,-2.0,20,20,112.0
2021,20,Qatar Grand Prix,RIC,McLaren,12.0,14.0,0.0,+1 Lap,56.0,14.0,90.76005454545454,0,27,10,20,10.6,12.0,12.0,0.5,10.488898563343492,9.0,0.0,4.0,20,20,257.0
2021,20,Qatar Grand Prix,TSU,AlphaTauri,13.0,8.0,0.0,+1 Lap,56.0,8.0,90.33579629629628,0,32,2,20,15.0,14.666666666666666,11.4,0.3,10.488898563343492,11.0,0.0,2.0,20,20,112.0
2021,20,Qatar Grand Prix,RAI,Alfa Romeo Racing,14.0,16.0,0.0,+1 Lap,56.0,16.0,90.41853703703704,0,26,1,20,10.6,11.0,11.6,0.2,10.488898563343492,10.488898563343492,0.0,-1.0,20,18,11.0
2021,20,Qatar Grand Prix,GIO,Alfa Romeo Racing,15.0,18.0,0.0,+1 Lap,56.0,18.0,90.50215094339622,0,10,1,20,12.6,12.0,11.8,0.2,10.488898563343492,14.0,0.0,1.0,20,20,11.0
2021,20,Qatar Grand Prix,MSC,Haas F1 Team,16.0,19.0,0.0,+1 Lap,56.0,19.0,91.26212727272728,0,21,8,20,18.4,17.666666666666668,17.8,0.2,10.488898563343492,10.488898563343492,0.0,-0.5,20,20,0.0
2021,20,Qatar Grand Prix,RUS,Williams,17.0,15.0,0.0,+2 Laps,55.0,15.0,91.06318867924529,0,28,15,20,13.6,14.333333333333334,15.4,0.4,10.488898563343492,10.488898563343492,0.0,-1.0,20,20,23.0
2021,20,Qatar Grand Prix,MAZ,Haas F1 Team,18.0,20.0,0.0,+2 Laps,55.0,20.0,92.49170370370372,0,20,8,20,18.0,17.333333333333332,17.6,0.1,10.488898563343492,16.0,0.0,0.5,20,20,0.0
2021,20,Qatar Grand Prix,LAT,Williams,19.0,17.0,0.0,Puncture,50.0,17.0,90.79848979591836,0,15,15,20,16.8,16.0,15.8,0.3,10.488898563343492,17.0,0.0,1.0,20,20,23.0
2021,20,Qatar Grand Prix,BOT,Mercedes,20.0,6.0,0.0,Damage,48.0,3.0,89.53842553191488,0,5,11,20,6.0,8.0,4.4,0.8,10.488898563343492,1.0,-3.0,1.0,20,20,537.5
2021,21,Saudi Arabian Grand Prix,HAM,Mercedes,1.0,1.0,26.0,Finished,50.0,1.0,93.85615789473684,1,12,11,22,2.2,1.3333333333333333,8.0,0.9,10.488898563343492,10.488898563343492,0.0,-0.5,21,21,578.5
2021,21,Saudi Arabian Grand Prix,VER,Red Bull Racing,2.0,3.0,18.0,Finished,50.0,3.0,94.1155,1,33,14,22,1.6,1.6666666666666667,3.0,0.9,10.488898563343492,10.488898563343492,0.0,-1.0,21,21,552.5
2021,21,Saudi Arabian Grand Prix,BOT,Mercedes,3.0,2.0,15.0,Finished,50.0,2.0,94.70676315789473,1,5,11,22,9.0,12.666666666666666,5.2,0.7,10.488898563343492,1.0,0.0,0.5,21,21,578.5
2021,21,Saudi Arabian Grand Prix,OCO,Alpine,4.0,9.0,12.0,Finished,50.0,9.0,95.71289743589745,1,23,3,22,11.0,8.666666666666666,7.6,0.4,10.488898563343492,10.488898563343492,0.0,-2.0,21,21,149.0
2021,21,Saudi Arabian Grand Prix,RIC,McLaren,5.0,11.0,10.0,Finished,50.0,11.0,95.54373684210526,1,27,10,22,12.2,14.333333333333334,12.4,0.4,10.488898563343492,10.488898563343492,0.0,2.0,21,21,268.0
2021,21,Saudi Arabian Grand Prix,GAS,AlphaTauri,6.0,6.0,8.0,Finished,50.0,6.0,95.60694736842105,1,9,2,22,9.6,7.333333333333333,13.2,0.4,10.488898563343492,10.488898563343492,0.0,-1.0,21,21,120.0
2021,21,Saudi Arabian Grand Prix,LEC,Ferrari,7.0,4.0,6.0,Finished,50.0,4.0,94.24869444444444,1,17,7,22,5.2,6.0,6.4,0.7,10.488898563343492,10.488898563343492,0.0,-5.5,21,21,306.5
2021,21,Saudi Arabian Grand Prix,SAI,Ferrari,8.0,15.0,4.0,Finished,50.0,15.0,95.24410810810812,1,29,7,22,6.8,6.333333333333333,6.6,0.8,10.488898563343492,7.0,0.0,5.5,21,21,306.5
2021,21,Saudi Arabian Grand Prix,GIO,Alfa Romeo Racing,9.0,10.0,2.0,Finished,50.0,10.0,96.06434210526317,1,10,1,22,12.4,13.333333333333334,13.2,0.2,10.488898563343492,10.488898563343492,0.0,-1.0,21,21,13.0
2021,21,Saudi Arabian Grand Prix,NOR,McLaren,10.0,7.0,1.0,Finished,50.0,7.0,95.36848648648647,1,22,10,22,8.8,9.666666666666666,11.0,0.5,10.488898563343492,5.0,0.0,-2.0,21,21,268.0
2021,21,Saudi Arabian Grand Prix,STR,Aston Martin,11.0,18.0,0.0,Finished,50.0,18.0,96.45940540540542,1,31,4,22,12.2,13.333333333333334,12.2,0.5,10.488898563343492,10.488898563343492,0.0,0.5,21,21,77.0
2021,21,Saudi Arabian Grand Prix,LAT,Williams,12.0,16.0,0.0,Finished,50.0,16.0,97.23447368421051,1,15,15,22,16.8,17.333333333333332,16.4,0.3,10.488898563343492,10.488898563343492,0.0,1.0,21,21,23.0
2021,21,Saudi Arabian Grand Prix,ALO,Alpine,13.0,13.0,0.0,+1 Lap,49.0,13.0,97.62964864864864,0,1,3,22,11.0,7.0,5.8,0.5,10.488898563343492,4.0,0.0,2.0,21,21,149.0
2021,21,Saudi Arabian Grand Prix,TSU,AlphaTauri,14.0,8.0,0.0,+1 Lap,49.0,8.0,95.66433333333332,0,32,2,22,14.2,16.0,10.4,0.2,10.488898563343492,6.0,0.0,1.0,21,21,120.0
2021,21,Saudi Arabian Grand Prix,RAI,Alfa Romeo Racing,15.0,12.0,0.0,+1 Lap,49.0,12.0,96.94394444444444,0,26,1,22,11.8,11.333333333333334,12.8,0.2,10.488898563343492,9.0,0.0,1.0,21,19,13.0
2021,21,Saudi Arabian Grand Prix,VET,Aston Martin,16.0,17.0,0.0,Collision damage,44.0,17.0,98.03565625,0,34,4,22,11.2,9.333333333333334,11.6,0.2,10.488898563343492,11.0,0.0,-0.5,21,21,77.0
2021,21,Saudi Arabian Grand Prix,PER,Red Bull Racing,17.0,5.0,0.0,Collision,14.0,5.0,95.059,0,24,14,22,3.4,3.6666666666666665,2.8,0.8,10.488898563343492,2.0,0.0,1.0,21,21,552.5
2021,21,Saudi Arabian Grand Prix,MAZ,Haas F1 Team,18.0,20.0,0.0,Collision,14.0,20.0,100.47988888888888,0,20,8,22,18.0,17.666666666666668,17.6,0.1,10.488898563343492,10.488898563343492,0.0,0.5,21,21,0.0
2021,21,Saudi Arabian Grand Prix,RUS,Williams,19.0,14.0,0.0,Collision,14.0,14.0,98.80911111111112,0,28,15,22,15.0,15.333333333333334,15.4,0.4,10.488898563343492,12.0,0.0,-1.0,21,21,23.0
2021,21,Saudi Arabian Grand Prix,MSC,Haas F1 Team,20.0,19.0,0.0,Accident,8.0,19.0,98.543,0,21,8,22,17.6,17.666666666666668,17.4,0.2,10.488898563343492,18.0,0.0,-0.5,21,21,0.0
2021,22,Abu Dhabi Grand Prix,VER,Red Bull Racing,1.0,1.0,26.0,Finished,58.0,1.0,88.60296153846156,1,33,14,0,1.6,2.0,5.8,0.9,10.488898563343492,10.488898563343492,0.0,-1.5,22,22,578.5
2021,22,Abu Dhabi Grand Prix,HAM,Mercedes,2.0,2.0,18.0,Finished,58.0,2.0,88.56815384615382,1,12,11,0,1.4,1.0,5.6,0.9,10.488898563343492,10.488898563343492,0.0,-2.0,22,22,604.5
2021,22,Abu Dhabi Grand Prix,SAI,Ferrari,3.0,5.0,15.0,Finished,58.0,5.0,90.04207692307692,1,29,7,0,6.8,7.0,7.2,0.8,10.488898563343492,10.488898563343492,0.0,-1.0,22,22,322.5
2021,22,Abu Dhabi Grand Prix,TSU,AlphaTauri,4.0,8.0,12.0,Finished,58.0,8.0,90.2445192307692,1,32,2,0,14.2,14.0,11.8,0.1,10.488898563343492,10.488898563343492,0.0,-2.0,22,22,142.0
2021,22,Abu Dhabi Grand Prix,GAS,AlphaTauri,5.0,12.0,10.0,Finished,58.0,12.0,89.98068627450981,1,9,2,0,9.6,8.0,9.6,0.4,10.488898563343492,4.0,0.0,2.0,22,22,142.0
2021,22,Abu Dhabi Grand Prix,BOT,Mercedes,6.0,6.0,8.0,Finished,58.0,6.0,90.14438461538464,1,5,11,0,9.4,8.666666666666666,5.4,0.8,10.488898563343492,2.0,0.0,2.0,22,22,604.5
2021,22,Abu Dhabi Grand Prix,NOR,McLaren,7.0,3.0,6.0,Finished,58.0,3.0,89.86854901960783,1,22,10,0,9.4,9.666666666666666,11.0,0.6,10.488898563343492,10.488898563343492,0.0,-3.5,22,22,274.0
2021,22,Abu Dhabi Grand Prix,ALO,Alpine,8.0,11.0,4.0,Finished,58.0,11.0,90.28271153846154,1,1,3,0,10.4,8.333333333333334,6.8,0.4,10.488898563343492,10.488898563343492,0.0,1.0,22,22,155.0
2021,22,Abu Dhabi Grand Prix,OCO,Alpine,9.0,9.0,2.0,Finished,58.0,9.0,90.48207692307692,1,23,3,0,9.8,5.666666666666667,6.6,0.4,10.488898563343492,8.0,0.0,-1.0,22,22,155.0
2021,22,Abu Dhabi Grand Prix,LEC,Ferrari,10.0,7.0,1.0,Finished,58.0,7.0,90.32251923076925,1,17,7,0,5.8,6.666666666666667,6.6,0.8,10.488898563343492,3.0,0.0,1.0,22,22,322.5
2021,22,Abu Dhabi Grand Prix,VET,Aston Martin,11.0,15.0,0.0,Finished,58.0,15.0,90.69688461538462,1,34,4,0,10.8,12.333333333333334,12.6,0.2,10.488898563343492,10.488898563343492,0.0,1.0,22,22,77.0
2021,22,Abu Dhabi Grand Prix,RIC,McLaren,12.0,10.0,0.0,+1 Lap,57.0,10.0,90.64423529411764,0,27,10,0,10.6,12.0,8.6,0.5,10.488898563343492,7.0,0.0,3.5,22,22,274.0
2021,22,Abu Dhabi Grand Prix,STR,Aston Martin,13.0,13.0,0.0,+1 Lap,57.0,13.0,91.00670588235296,0,31,4,0,12.6,12.333333333333334,10.8,0.6,10.488898563343492,11.0,0.0,-1.0,22,22,77.0
2021,22,Abu Dhabi Grand Prix,MSC,Haas F1 Team,14.0,19.0,0.0,+1 Lap,57.0,19.0,91.65723529411764,0,21,8,0,17.8,18.0,18.0,0.2,10.488898563343492,10.488898563343492,0.0,-0.5,22,22,0.0
2021,22,Abu Dhabi Grand Prix,PER,Red Bull Racing,15.0,4.0,0.0,Engine,55.0,4.0,88.57065306122448,0,24,14,0,6.2,8.333333333333334,5.2,0.8,10.488898563343492,1.0,0.0,1.5,22,22,578.5
2021,22,Abu Dhabi Grand Prix,LAT,Williams,16.0,16.0,0.0,Accident,50.0,16.0,91.5029375,0,15,15,0,15.8,15.666666666666666,16.6,0.3,10.488898563343492,10.488898563343492,0.0,-0.5,22,22,23.0
2021,22,Abu Dhabi Grand Prix,GIO,Alfa Romeo Racing,17.0,14.0,0.0,Gearbox,33.0,14.0,90.90321875,0,10,1,0,12.0,12.666666666666666,13.4,0.3,10.488898563343492,10.488898563343492,0.0,-2.0,22,22,13.0
2021,22,Abu Dhabi Grand Prix,RUS,Williams,18.0,17.0,0.0,Gearbox,26.0,17.0,92.18372,0,28,15,0,15.8,16.333333333333332,16.6,0.3,10.488898563343492,16.0,0.0,0.5,22,22,23.0
2021,22,Abu Dhabi Grand Prix,RAI,Alfa Romeo Racing,19.0,18.0,0.0,Brakes,25.0,18.0,91.73791304347824,0,26,1,0,12.4,13.666666666666666,14.0,0.2,10.488898563343492,17.0,0.0,2.0,22,20,13.0
2021,22,Abu Dhabi Grand Prix,MAZ,Haas F1 Team,,,0.0,Illness,0.0,20.0,90.32251923076925,0,20,8,0,17.6,17.666666666666668,17.2,0.1,10.488898563343492,14.0,0.0,0.5,22,22,0.0
2022,1,Bahrain Grand Prix,LEC,Ferrari,1.0,1.0,26.0,Finished,57.0,1.0,98.13554901960784,1,17,7,4,7.0,8.333333333333334,7.2,0.8,6.0,7.0,0.0,-1.0,1,23,44.0
2022,1,Bahrain Grand Prix,SAI,Ferrari,2.0,3.0,18.0,Finished,57.0,3.0,99.0221568627451,1,29,7,4,6.0,6.0,5.8,0.8,8.0,5.0,0.0,1.0,1,23,44.0
2022,1,Bahrain Grand Prix,HAM,Mercedes,3.0,5.0,15.0,Finished,57.0,5.0,98.5658775510204,1,12,11,4,1.4,1.3333333333333333,6.4,0.9,1.0,2.0,0.0,-2.0,1,23,27.0
2022,1,Bahrain Grand Prix,RUS,Mercedes,4.0,9.0,12.0,Finished,57.0,9.0,99.0951,1,28,11,4,16.6,18.0,3.0,0.2,14.0,2.3333333333333335,0.0,2.0,1,23,27.0
2022,1,Bahrain Grand Prix,MAG,Haas F1 Team,5.0,7.0,10.0,Finished,57.0,7.0,99.54116000000002,1,19,8,4,10.488898563343492,10.488898563343492,17.5,0.85,10.488898563343492,18.0,0.0,-2.5,1,1,10.0
2022,1,Bahrain Grand Prix,BOT,Alfa Romeo,6.0,6.0,8.0,Finished,57.0,6.0,100.31453846153846,1,5,0,4,9.4,9.666666666666666,10.488898563343492,0.8,3.0,10.488898563343492,0.0,-4.5,1,23,9.0
2022,1,Bahrain Grand Prix,OCO,Alpine,7.0,11.0,6.0,Finished,57.0,11.0,100.17368627450982,1,23,3,4,7.8,6.0,7.8,0.4,13.0,16.0,0.0,1.5,1,23,8.0
2022,1,Bahrain Grand Prix,TSU,AlphaTauri,8.0,16.0,4.0,Finished,57.0,16.0,100.7442641509434,1,32,2,4,13.2,10.333333333333334,8.4,0.1,9.0,13.0,0.0,3.0,1,23,4.0
2022,1,Bahrain Grand Prix,ALO,Alpine,9.0,8.0,2.0,Finished,57.0,8.0,100.82994230769228,1,1,3,4,8.4,8.0,8.2,0.4,19.0,13.0,0.0,-1.5,1,23,8.0
2022,1,Bahrain Grand Prix,ZHO,Alfa Romeo,10.0,15.0,1.0,Finished,57.0,15.0,100.47749999999998,1,35,0,4,10.488898563343492,10.488898563343492,6.0,0.85,10.488898563343492,6.0,0.0,4.5,1,1,9.0
2022,1,Bahrain Grand Prix,MSC,Haas F1 Team,11.0,12.0,0.0,Finished,57.0,12.0,101.35383018867924,1,21,8,4,17.4,16.666666666666668,14.25,0.1,16.0,13.666666666666666,0.0,2.5,1,23,10.0
2022,1,Bahrain Grand Prix,STR,Aston Martin,12.0,19.0,0.0,Finished,57.0,19.0,100.77532692307696,1,31,4,4,12.8,10.0,12.2,0.5,10.0,12.5,0.0,1.0,1,23,0.0
2022,1,Bahrain Grand Prix,ALB,Williams,13.0,14.0,0.0,Finished,57.0,14.0,101.5414716981132,1,0,15,4,10.488898563343492,10.488898563343492,16.8,0.85,10.488898563343492,16.0,0.0,-3.0,1,1,0.0
2022,1,Bahrain Grand Prix,RIC,McLaren,14.0,18.0,0.0,Finished,57.0,18.0,101.96655555555554,1,27,10,4,12.0,9.666666666666666,9.2,0.4,7.0,5.5,0.0,2.5,1,23,0.0
2022,1,Bahrain Grand Prix,NOR,McLaren,15.0,13.0,0.0,Finished,57.0,13.0,102.43310909090908,1,22,10,4,9.2,8.666666666666666,9.6,0.6,4.0,8.333333333333334,0.0,-2.5,1,23,0.0
2022,1,Bahrain Grand Prix,LAT,Williams,16.0,20.0,0.0,Finished,57.0,20.0,102.26212962962964,1,15,15,4,16.0,15.666666666666666,15.6,0.2,18.0,15.0,0.0,3.0,1,23,0.0
2022,1,Bahrain Grand Prix,HUL,Aston Martin,17.0,17.0,0.0,Finished,57.0,17.0,102.27744444444446,1,13,4,4,10.488898563343492,10.488898563343492,12.6,0.85,10.488898563343492,12.333333333333334,0.0,-1.0,1,1,0.0
2022,1,Bahrain Grand Prix,PER,Red Bull Racing,18.0,4.0,0.0,Fuel pressure,56.0,4.0,99.26574,0,24,14,4,8.6,12.0,7.8,0.7,5.0,3.5,0.0,1.0,1,23,0.0
2022,1,Bahrain Grand Prix,VER,Red Bull Racing,19.0,2.0,0.0,Fuel pressure,54.0,2.0,99.31735416666668,0,33,14,4,1.6,1.6666666666666667,10.6,0.9,2.0,8.333333333333334,0.0,-1.0,1,23,0.0
2022,1,Bahrain Grand Prix,GAS,AlphaTauri,20.0,10.0,0.0,Power Unit,44.0,10.0,99.81333333333332,0,9,2,4,6.6,7.333333333333333,7.4,0.4,17.0,11.333333333333334,0.0,-3.0,1,23,4.0
2022,2,Saudi Arabian Grand Prix,VER,Red Bull Racing,1.0,4.0,25.0,Finished,50.0,4.0,94.37847727272728,1,33,14,22,5.2,7.333333333333333,14.0,0.8,2.0,9.5,0.0,1.5,2,24,37.0
2022,2,Saudi Arabian Grand Prix,LEC,Ferrari,2.0,2.0,19.0,Finished,50.0,2.0,94.28590909090909,1,17,7,22,6.2,6.0,4.8,0.9,7.0,7.5,0.0,-0.5,2,24,78.0
2022,2,Saudi Arabian Grand Prix,SAI,Ferrari,3.0,3.0,15.0,Finished,50.0,3.0,94.24918604651162,1,29,7,22,5.2,4.333333333333333,3.6,0.9,8.0,5.666666666666667,0.0,0.5,2,24,78.0
2022,2,Saudi Arabian Grand Prix,PER,Red Bull Racing,4.0,1.0,12.0,Finished,50.0,1.0,93.887,1,24,14,22,11.6,16.666666666666668,10.8,0.7,17.0,6.666666666666667,0.0,-1.5,2,24,37.0
2022,2,Saudi Arabian Grand Prix,RUS,Mercedes,5.0,6.0,10.0,Finished,50.0,6.0,95.14013953488372,1,28,11,22,14.2,13.666666666666666,3.6,0.3,19.0,2.0,0.0,-5.0,2,24,38.0
2022,2,Saudi Arabian Grand Prix,OCO,Alpine,6.0,5.0,8.0,Finished,50.0,5.0,95.61345238095238,1,23,3,22,6.6,6.666666666666667,9.2,0.5,4.0,8.5,0.0,-1.0,2,24,16.0
2022,2,Saudi Arabian Grand Prix,NOR,McLaren,7.0,11.0,6.0,Finished,50.0,11.0,96.24983720930231,1,22,10,22,10.2,10.666666666666666,11.6,0.7,10.0,7.5,0.0,-0.5,2,24,6.0
2022,2,Saudi Arabian Grand Prix,GAS,AlphaTauri,8.0,9.0,4.0,Finished,50.0,9.0,96.39527906976744,1,9,2,22,9.8,10.333333333333334,10.2,0.4,6.0,10.0,0.0,-5.5,2,24,8.0
2022,2,Saudi Arabian Grand Prix,MAG,Haas F1 Team,9.0,10.0,2.0,Finished,50.0,10.0,95.87444186046513,1,19,8,22,5.0,5.0,12.5,1.0,10.488898563343492,19.0,0.0,-2.0,2,2,12.0
2022,2,Saudi Arabian Grand Prix,HAM,Mercedes,10.0,15.0,1.0,Finished,50.0,16.0,96.03485714285712,1,12,11,22,1.6,2.0,4.0,0.9,1.0,3.0,1.0,5.0,2,24,38.0
2022,2,Saudi Arabian Grand Prix,ZHO,Alfa Romeo,11.0,12.0,0.0,Finished,50.0,13.0,96.77172093023256,1,35,0,22,10.0,10.0,8.0,1.0,10.488898563343492,10.488898563343492,1.0,2.5,2,2,9.0
2022,2,Saudi Arabian Grand Prix,HUL,Aston Martin,12.0,17.0,0.0,Finished,50.0,18.0,96.78620930232556,1,13,4,22,17.0,17.0,13.8,1.0,10.488898563343492,13.5,1.0,1.5,2,2,0.0
2022,2,Saudi Arabian Grand Prix,STR,Aston Martin,13.0,13.0,0.0,+1 Lap,49.0,15.0,97.641,0,31,4,22,12.4,12.0,13.0,0.6,11.0,13.0,2.0,-1.5,2,24,0.0
2022,2,Saudi Arabian Grand Prix,ALB,Williams,14.0,16.0,0.0,Collision damage,47.0,17.0,97.695575,0,0,15,22,13.0,13.0,16.4,1.0,10.488898563343492,15.5,1.0,-1.0,2,2,0.0
2022,2,Saudi Arabian Grand Prix,BOT,Alfa Romeo,15.0,8.0,0.0,Cooling system,36.0,8.0,96.26626666666668,0,5,0,22,7.6,5.0,9.0,0.8,3.0,11.0,0.0,-2.5,2,24,9.0
2022,2,Saudi Arabian Grand Prix,ALO,Alpine,16.0,7.0,0.0,Water pump,35.0,7.0,96.05999999999996,0,1,3,22,8.4,10.0,7.8,0.5,13.0,7.666666666666667,0.0,1.0,2,24,16.0
2022,2,Saudi Arabian Grand Prix,RIC,McLaren,17.0,14.0,0.0,Gearbox,35.0,12.0,97.13286666666666,0,27,10,22,12.4,10.333333333333334,11.0,0.5,5.0,7.333333333333333,-2.0,0.5,2,24,6.0
2022,2,Saudi Arabian Grand Prix,LAT,Williams,18.0,18.0,0.0,Accident,14.0,19.0,98.87614285714288,0,15,15,22,15.8,14.666666666666666,15.4,0.3,12.0,15.0,1.0,1.0,2,24,0.0
2022,2,Saudi Arabian Grand Prix,TSU,AlphaTauri,19.0,19.0,0.0,Power Unit,0.0,20.0,96.15491860465113,0,32,2,22,10.8,8.666666666666666,9.0,0.2,14.0,9.333333333333334,1.0,5.5,2,24,8.0
2022,2,Saudi Arabian Grand Prix,MSC,Haas F1 Team,,,0.0,Withdrew,0.0,14.0,96.15491860465113,0,21,8,22,15.8,15.0,9.75,0.2,20.0,15.666666666666666,0.0,2.0,2,24,12.0
2022,3,Australian Grand Prix,LEC,Ferrari,1.0,1.0,26.0,Finished,58.0,1.0,83.5733,1,17,7,1,5.6,4.333333333333333,3.6,0.9,10.488898563343492,10.488898563343492,0.0,-4.0,3,25,104.0
2022,3,Australian Grand Prix,PER,Red Bull Racing,2.0,3.0,18.0,Finished,58.0,3.0,84.47632,1,24,14,1,11.6,12.333333333333334,11.4,0.7,10.488898563343492,10.488898563343492,0.0,0.5,3,25,55.0
2022,3,Australian Grand Prix,RUS,Mercedes,3.0,6.0,15.0,Finished,58.0,6.0,84.34056000000001,1,28,11,1,12.6,9.0,5.6,0.3,10.488898563343492,10.488898563343492,0.0,0.5,3,25,65.0
2022,3,Australian Grand Prix,HAM,Mercedes,4.0,5.0,12.0,Finished,58.0,5.0,84.23957142857142,1,12,11,1,3.4,5.0,5.0,1.0,10.488898563343492,3.0,0.0,-0.5,3,25,65.0
2022,3,Australian Grand Prix,NOR,McLaren,5.0,4.0,10.0,Finished,58.0,4.0,85.18477999999999,1,22,10,1,9.6,9.666666666666666,13.0,0.7,10.488898563343492,10.488898563343492,0.0,-1.5,3,25,24.0
2022,3,Australian Grand Prix,RIC,McLaren,6.0,7.0,8.0,Finished,58.0,7.0,85.26602000000001,1,27,10,1,12.0,14.333333333333334,11.6,0.4,10.488898563343492,5.0,0.0,1.5,3,25,24.0
2022,3,Australian Grand Prix,OCO,Alpine,7.0,8.0,6.0,Finished,58.0,8.0,85.18097959183672,1,23,3,1,6.2,7.333333333333333,9.4,0.5,10.488898563343492,10.488898563343492,0.0,-1.0,3,25,22.0
2022,3,Australian Grand Prix,BOT,Alfa Romeo,8.0,12.0,4.0,Finished,58.0,12.0,85.32508163265307,1,5,0,1,10.0,9.0,10.5,0.7,10.488898563343492,10.488898563343492,0.0,-1.0,3,25,13.0
2022,3,Australian Grand Prix,GAS,AlphaTauri,9.0,11.0,2.0,Finished,58.0,11.0,85.53171428571427,1,9,2,1,10.0,11.0,12.0,0.5,10.488898563343492,10.488898563343492,0.0,-1.0,3,25,10.0
2022,3,Australian Grand Prix,ALB,Williams,10.0,20.0,1.0,Finished,58.0,16.0,85.92532000000001,1,0,15,1,13.5,13.5,15.8,0.5,10.488898563343492,10.488898563343492,-4.0,-1.5,3,3,1.0
2022,3,Australian Grand Prix,ZHO,Alfa Romeo,11.0,14.0,0.0,Finished,58.0,14.0,85.82597959183671,1,35,0,1,10.5,10.5,10.0,1.0,10.488898563343492,8.0,0.0,1.0,3,3,13.0
2022,3,Australian Grand Prix,STR,Aston Martin,12.0,19.0,0.0,Finished,58.0,20.0,85.58873469387756,1,31,4,1,11.0,12.666666666666666,13.4,0.5,10.488898563343492,10.488898563343492,1.0,1.0,3,25,0.0
2022,3,Australian Grand Prix,MSC,Haas F1 Team,13.0,15.0,0.0,+1 Lap,57.0,15.0,85.8585,0,21,8,1,15.25,12.5,8.333333333333334,0.1,10.488898563343492,10.488898563343492,0.0,-1.0,3,25,12.0
2022,3,Australian Grand Prix,MAG,Haas F1 Team,14.0,16.0,0.0,+1 Lap,57.0,17.0,85.60879591836735,0,19,8,1,7.0,7.0,9.5,1.0,10.488898563343492,13.0,1.0,1.0,3,3,12.0
2022,3,Australian Grand Prix,TSU,AlphaTauri,15.0,13.0,0.0,+1 Lap,57.0,13.0,85.89164583333333,0,32,2,1,11.6,10.333333333333334,12.8,0.2,10.488898563343492,9.0,0.0,1.0,3,25,10.0
2022,3,Australian Grand Prix,LAT,Williams,16.0,18.0,0.0,+1 Lap,57.0,19.0,85.84793617021276,0,15,15,1,16.2,16.666666666666668,14.2,0.2,10.488898563343492,10.0,1.0,1.5,3,25,1.0
2022,3,Australian Grand Prix,ALO,Alpine,17.0,10.0,0.0,+1 Lap,57.0,10.0,85.93677551020409,0,1,3,1,9.8,11.0,9.0,0.4,10.488898563343492,7.0,0.0,1.0,3,25,22.0
2022,3,Australian Grand Prix,VER,Red Bull Racing,18.0,2.0,0.0,Fuel leak,38.0,2.0,84.77893548387098,0,33,14,1,5.0,7.0,8.8,0.9,10.488898563343492,2.0,0.0,-0.5,3,25,55.0
2022,3,Australian Grand Prix,VET,Aston Martin,19.0,17.0,0.0,Accident,22.0,18.0,87.31627777777778,0,34,4,1,11.0,12.333333333333334,13.2,0.2,10.488898563343492,12.0,1.0,-1.0,3,23,0.0
2022,3,Australian Grand Prix,SAI,Ferrari,20.0,9.0,0.0,Spun off,1.0,9.0,99.028,0,29,7,1,4.6,2.6666666666666665,1.8,0.9,10.488898563343492,1.0,0.0,4.0,3,25,104.0
2022,4,Emilia Romagna Grand Prix,VER,Red Bull Racing,1.0,1.0,26.0,Finished,63.0,1.0,83.64345614035088,1,33,14,10,8.2,12.666666666666666,8.8,0.8,1.0,6.0,0.0,-3.0,4,26,99.0
2022,4,Emilia Romagna Grand Prix,PER,Red Bull Racing,2.0,3.0,18.0,Finished,63.0,7.0,83.87475438596492,1,24,14,10,11.2,8.0,5.2,0.7,11.0,4.333333333333333,4.0,3.0,4,26,99.0
2022,4,Emilia Romagna Grand Prix,NOR,McLaren,3.0,5.0,15.0,Finished,63.0,3.0,84.56189655172412,1,22,10,10,8.8,9.0,10.0,0.7,3.0,4.5,-2.0,-1.5,4,26,39.0
2022,4,Emilia Romagna Grand Prix,RUS,Mercedes,4.0,11.0,12.0,Finished,63.0,11.0,84.6613275862069,1,28,11,10,9.8,4.0,5.2,0.3,19.0,10.0,0.0,-1.0,4,26,77.0
2022,4,Emilia Romagna Grand Prix,BOT,Alfa Romeo,5.0,7.0,10.0,Finished,63.0,8.0,84.50412068965517,1,5,0,10,7.6,9.666666666666666,11.0,0.7,18.0,10.488898563343492,1.0,-3.0,4,26,23.0
2022,4,Emilia Romagna Grand Prix,LEC,Ferrari,6.0,2.0,8.0,Finished,63.0,2.0,84.05283928571428,1,17,7,10,4.2,1.3333333333333333,5.6,1.0,4.0,4.5,0.0,-4.0,4,26,112.0
2022,4,Emilia Romagna Grand Prix,TSU,AlphaTauri,7.0,12.0,6.0,Finished,63.0,16.0,84.66642105263158,1,32,2,10,12.0,14.0,14.2,0.2,12.0,9.5,4.0,-0.5,4,26,16.0
2022,4,Emilia Romagna Grand Prix,VET,Aston Martin,8.0,13.0,4.0,Finished,63.0,9.0,84.8617192982456,1,34,4,10,13.4,15.333333333333334,14.6,0.2,15.0,11.5,-4.0,-3.0,4,24,5.0
2022,4,Emilia Romagna Grand Prix,MAG,Haas F1 Team,9.0,8.0,2.0,Finished,63.0,4.0,84.88722807017544,1,19,8,10,9.333333333333334,9.333333333333334,11.75,0.6666666666666666,10.488898563343492,16.5,-4.0,-4.0,4,4,14.0
2022,4,Emilia Romagna Grand Prix,STR,Aston Martin,10.0,15.0,1.0,+1 Lap,62.0,15.0,85.23812500000001,0,31,4,10,12.2,12.333333333333334,12.8,0.5,8.0,10.333333333333334,0.0,3.0,4,26,5.0
2022,4,Emilia Romagna Grand Prix,ALB,Williams,11.0,18.0,0.0,+1 Lap,62.0,20.0,85.57268421052632,0,0,15,10,12.333333333333334,12.333333333333334,14.8,0.6666666666666666,10.488898563343492,19.5,2.0,1.0,4,4,1.0
2022,4,Emilia Romagna Grand Prix,GAS,AlphaTauri,12.0,17.0,0.0,+1 Lap,62.0,17.0,85.59368421052632,0,9,2,10,9.6,12.333333333333334,11.6,0.6,7.0,8.666666666666666,0.0,0.5,4,26,16.0
2022,4,Emilia Romagna Grand Prix,HAM,Mercedes,13.0,14.0,0.0,+1 Lap,62.0,13.0,85.28044642857142,0,12,11,10,4.0,5.666666666666667,5.2,1.0,2.0,8.0,-1.0,1.0,4,26,77.0
2022,4,Emilia Romagna Grand Prix,OCO,Alpine,14.0,16.0,0.0,+1 Lap,62.0,19.0,85.28732142857143,0,23,3,10,6.6,6.666666666666667,11.0,0.6,9.0,9.5,3.0,7.0,4,26,22.0
2022,4,Emilia Romagna Grand Prix,ZHO,Alfa Romeo,15.0,0.0,0.0,+1 Lap,62.0,14.0,85.5990701754386,0,35,0,10,10.666666666666666,10.666666666666666,10.0,1.0,10.488898563343492,5.0,14.0,3.0,4,4,23.0
2022,4,Emilia Romagna Grand Prix,LAT,Williams,16.0,19.0,0.0,+1 Lap,62.0,18.0,85.68508771929824,0,15,15,10,15.6,16.666666666666668,13.8,0.2,20.0,16.666666666666668,-1.0,-1.0,4,26,1.0
2022,4,Emilia Romagna Grand Prix,MSC,Haas F1 Team,17.0,10.0,0.0,+1 Lap,62.0,12.0,85.67017857142858,0,21,8,10,14.5,12.0,11.25,0.1,16.0,14.0,2.0,4.0,4,26,14.0
2022,4,Emilia Romagna Grand Prix,RIC,McLaren,18.0,6.0,0.0,+1 Lap,62.0,6.0,85.65021818181819,0,27,10,10,10.8,12.333333333333334,7.6,0.4,6.0,4.0,0.0,1.5,4,26,39.0
2022,4,Emilia Romagna Grand Prix,ALO,Alpine,19.0,9.0,0.0,Collision damage,6.0,5.0,124.15316666666666,0,1,3,10,12.6,14.0,12.0,0.3,10.0,11.0,-4.0,-7.0,4,26,22.0
2022,4,Emilia Romagna Grand Prix,SAI,Ferrari,20.0,4.0,0.0,Collision,0.0,10.0,85.23812500000001,0,29,7,10,7.2,8.333333333333334,6.4,0.8,5.0,5.0,6.0,4.0,4,26,112.0
2022,5,Miami Grand Prix,VER,Red Bull Racing,1.0,3.0,26.0,Finished,57.0,3.0,94.00984615384615,1,33,14,17,8.0,6.666666666666667,5.4,0.8,10.488898563343492,10.488898563343492,0.0,-0.5,5,27,137.0
2022,5,Miami Grand Prix,LEC,Ferrari,2.0,1.0,18.0,Finished,57.0,1.0,93.87892156862746,1,17,7,17,4.0,3.0,10.0,1.0,10.488898563343492,10.488898563343492,0.0,-0.5,5,27,145.0
2022,5,Miami Grand Prix,SAI,Ferrari,3.0,2.0,15.0,Finished,57.0,2.0,94.2938431372549,1,29,7,17,9.6,14.333333333333334,9.8,0.7,10.488898563343492,2.0,0.0,0.5,5,27,145.0
2022,5,Miami Grand Prix,PER,Red Bull Racing,4.0,4.0,12.0,Finished,57.0,4.0,94.5176862745098,1,24,14,17,8.2,2.6666666666666665,4.8,0.7,10.488898563343492,1.0,0.0,0.5,5,27,137.0
2022,5,Miami Grand Prix,RUS,Mercedes,5.0,12.0,10.0,Finished,57.0,12.0,95.04792156862744,1,28,11,17,6.8,4.0,6.8,0.4,10.488898563343492,10.488898563343492,0.0,3.0,5,27,95.0
2022,5,Miami Grand Prix,HAM,Mercedes,6.0,6.0,8.0,Finished,57.0,6.0,95.08837254901962,1,12,11,17,6.4,9.0,5.8,0.9,10.488898563343492,5.0,0.0,-3.0,5,27,95.0
2022,5,Miami Grand Prix,BOT,Alfa Romeo,7.0,5.0,6.0,Finished,57.0,5.0,95.15711764705884,1,5,0,17,8.0,9.333333333333334,10.8,0.7,10.488898563343492,10.488898563343492,0.0,-6.0,5,27,29.0
2022,5,Miami Grand Prix,OCO,Alpine,8.0,20.0,4.0,Finished,57.0,20.0,95.7140588235294,1,23,3,17,8.6,9.0,14.6,0.6,10.488898563343492,10.488898563343492,0.0,4.5,5,27,26.0
2022,5,Miami Grand Prix,ALB,Williams,9.0,18.0,2.0,Finished,57.0,18.0,96.18113725490196,1,0,15,17,12.0,11.666666666666666,14.2,0.5,10.488898563343492,10.488898563343492,0.0,-0.5,5,5,3.0
2022,5,Miami Grand Prix,STR,Aston Martin,10.0,0.0,1.0,Finished,57.0,10.0,96.04917647058824,1,31,4,17,12.0,11.666666666666666,12.4,0.4,10.488898563343492,10.488898563343492,10.0,-1.5,5,27,6.0
2022,5,Miami Grand Prix,ALO,Alpine,11.0,11.0,0.0,Finished,57.0,11.0,95.79627450980392,1,1,3,17,13.8,17.333333333333332,13.0,0.3,10.488898563343492,8.0,0.0,-4.5,5,27,26.0
2022,5,Miami Grand Prix,TSU,AlphaTauri,12.0,9.0,0.0,Finished,57.0,9.0,96.49224074074073,1,32,2,17,10.6,13.666666666666666,12.4,0.3,10.488898563343492,10.488898563343492,0.0,1.0,5,27,16.0
2022,5,Miami Grand Prix,RIC,McLaren,13.0,14.0,0.0,Finished,57.0,14.0,96.55128846153846,1,27,10,17,13.4,13.666666666666666,9.8,0.4,10.488898563343492,10.488898563343492,0.0,3.0,5,27,39.0
2022,5,Miami Grand Prix,LAT,Williams,14.0,19.0,0.0,Finished,57.0,19.0,97.3011320754717,1,15,15,17,16.4,16.666666666666668,12.4,0.2,10.488898563343492,9.0,0.0,0.5,5,27,3.0
2022,5,Miami Grand Prix,MSC,Haas F1 Team,15.0,15.0,0.0,Finished,57.0,15.0,96.2811,1,21,8,17,13.75,15.0,13.25,0.1,10.488898563343492,10.488898563343492,0.0,-0.5,5,27,14.0
2022,5,Miami Grand Prix,MAG,Haas F1 Team,16.0,16.0,0.0,Front wing,56.0,16.0,96.1384,0,19,8,17,9.25,10.666666666666666,13.6,0.75,10.488898563343492,15.0,0.0,0.5,5,5,14.0
2022,5,Miami Grand Prix,VET,Aston Martin,17.0,0.0,0.0,Collision,54.0,13.0,96.60779166666669,0,34,4,17,12.8,12.666666666666666,11.8,0.2,10.488898563343492,10.0,13.0,1.5,5,25,6.0
2022,5,Miami Grand Prix,GAS,AlphaTauri,18.0,7.0,0.0,Suspension,45.0,7.0,96.495375,0,9,2,17,10.8,9.666666666666666,11.0,0.5,10.488898563343492,12.0,0.0,-1.0,5,27,16.0
2022,5,Miami Grand Prix,NOR,McLaren,19.0,8.0,0.0,Collision,39.0,8.0,95.64118421052632,0,22,10,17,7.4,5.0,9.0,0.7,10.488898563343492,13.0,0.0,-3.0,5,27,39.0
2022,5,Miami Grand Prix,ZHO,Alfa Romeo,20.0,17.0,0.0,Water leak,6.0,17.0,98.2656,0,35,0,17,11.75,12.333333333333334,9.2,0.75,10.488898563343492,7.0,0.0,6.0,5,5,29.0
2022,6,Spanish Grand Prix,VER,Red Bull Racing,1.0,2.0,25.0,Finished,66.0,2.0,88.23421538461538,1,33,14,24,8.0,6.666666666666667,5.2,0.8,2.0,3.5,0.0,-1.5,6,28,181.0
2022,6,Spanish Grand Prix,PER,Red Bull Racing,2.0,5.0,19.0,Finished,66.0,5.0,88.42776923076921,1,24,14,24,6.0,2.6666666666666665,1.8,0.7,5.0,2.6666666666666665,0.0,1.5,6,28,181.0
2022,6,Spanish Grand Prix,RUS,Mercedes,3.0,4.0,15.0,Finished,66.0,4.0,88.99093939393939,1,28,11,24,4.2,4.0,6.4,0.5,14.0,2.0,0.0,-1.0,6,28,120.0
2022,6,Spanish Grand Prix,SAI,Ferrari,4.0,3.0,12.0,Finished,66.0,3.0,88.655203125,1,29,7,24,9.6,14.333333333333334,10.2,0.7,7.0,5.5,0.0,1.0,6,28,157.0
2022,6,Spanish Grand Prix,HAM,Mercedes,5.0,6.0,10.0,Finished,66.0,6.0,88.2358253968254,1,12,11,24,7.2,7.666666666666667,6.2,0.9,1.0,2.3333333333333335,0.0,1.0,6,28,120.0
2022,6,Spanish Grand Prix,BOT,Alfa Romeo,6.0,7.0,8.0,Finished,66.0,7.0,89.11583076923077,1,5,0,24,8.2,6.666666666666667,11.6,0.7,3.0,10.488898563343492,0.0,-4.0,6,28,37.0
2022,6,Spanish Grand Prix,OCO,Alpine,7.0,12.0,6.0,Finished,66.0,12.0,89.36790769230768,1,23,3,24,8.4,9.666666666666666,13.8,0.7,9.0,13.0,0.0,-2.5,6,28,34.0
2022,6,Spanish Grand Prix,NOR,McLaren,8.0,11.0,4.0,Finished,66.0,11.0,89.17714062499999,1,22,10,24,9.8,9.0,11.8,0.6,8.0,7.0,0.0,1.0,6,28,43.0
2022,6,Spanish Grand Prix,ALO,Alpine,9.0,20.0,2.0,+1 Lap,65.0,17.0,89.3973650793651,0,1,3,24,14.4,15.666666666666666,11.8,0.4,17.0,11.0,-3.0,2.5,6,28,34.0
2022,6,Spanish Grand Prix,TSU,AlphaTauri,10.0,13.0,1.0,+1 Lap,65.0,13.0,89.44757142857144,0,32,2,24,12.2,11.333333333333334,12.8,0.4,20.0,15.0,0.0,-0.5,6,28,17.0
2022,6,Spanish Grand Prix,VET,Aston Martin,11.0,16.0,0.0,+1 Lap,65.0,16.0,89.99165625,0,34,4,24,14.2,14.666666666666666,12.8,0.2,13.0,12.0,0.0,-1.0,6,26,6.0
2022,6,Spanish Grand Prix,RIC,McLaren,12.0,9.0,0.0,+1 Lap,65.0,9.0,89.92023809523809,0,27,10,24,13.6,12.333333333333334,12.2,0.4,6.0,7.333333333333333,0.0,-1.0,6,28,43.0
2022,6,Spanish Grand Prix,GAS,AlphaTauri,13.0,14.0,0.0,+1 Lap,65.0,14.0,90.144953125,0,9,2,24,13.4,13.0,11.8,0.5,10.0,13.333333333333334,0.0,0.5,6,28,17.0
2022,6,Spanish Grand Prix,MSC,Haas F1 Team,14.0,10.0,0.0,+1 Lap,65.0,10.0,90.232125,0,21,8,24,14.0,15.0,14.2,0.2,18.0,18.5,0.0,1.0,6,28,14.0
2022,6,Spanish Grand Prix,STR,Aston Martin,15.0,17.0,0.0,+1 Lap,65.0,18.0,89.93053225806452,0,31,4,24,11.4,10.666666666666666,11.2,0.5,11.0,11.666666666666666,1.0,1.0,6,28,6.0
2022,6,Spanish Grand Prix,LAT,Williams,16.0,19.0,0.0,+2 Laps,64.0,20.0,90.75882258064516,0,15,15,24,16.0,15.333333333333334,13.2,0.3,16.0,15.0,1.0,0.5,6,28,3.0
2022,6,Spanish Grand Prix,MAG,Haas F1 Team,17.0,8.0,0.0,+2 Laps,64.0,8.0,90.05168852459016,0,19,8,24,10.6,13.0,14.2,0.6,10.488898563343492,17.0,0.0,-1.0,6,6,14.0
2022,6,Spanish Grand Prix,ALB,Williams,18.0,18.0,0.0,+2 Laps,64.0,19.0,91.4725,0,0,15,24,11.4,10.0,13.2,0.6,10.488898563343492,15.333333333333334,1.0,-0.5,6,6,3.0
2022,6,Spanish Grand Prix,ZHO,Alfa Romeo,19.0,15.0,0.0,Power loss,28.0,15.0,91.26866666666666,0,35,0,24,13.4,15.333333333333334,10.6,0.6,10.488898563343492,6.0,0.0,4.0,6,6,37.0
2022,6,Spanish Grand Prix,LEC,Ferrari,20.0,1.0,0.0,Turbo,27.0,1.0,88.94530769230771,0,17,7,24,2.4,3.0,7.0,1.0,4.0,5.0,0.0,-1.0,6,28,157.0
2022,7,Monaco Grand Prix,PER,Red Bull Racing,1.0,3.0,25.0,Finished,64.0,3.0,82.59659183673469,1,24,14,18,2.8,2.6666666666666665,2.0,0.7,4.0,2.5,0.0,-0.5,7,29,221.0
2022,7,Monaco Grand Prix,SAI,Ferrari,2.0,2.0,18.0,Finished,64.0,2.0,83.6760576923077,1,29,7,18,10.0,9.0,9.8,0.8,2.0,11.0,0.0,0.5,7,29,187.0
2022,7,Monaco Grand Prix,VER,Red Bull Racing,3.0,4.0,15.0,Finished,64.0,4.0,83.17062745098039,1,33,14,18,4.4,1.0,1.8,0.8,1.0,2.0,0.0,0.5,7,29,221.0
2022,7,Monaco Grand Prix,LEC,Ferrari,4.0,1.0,12.0,Finished,64.0,1.0,83.22758823529412,1,17,7,18,6.2,9.333333333333334,6.2,0.9,20.0,8.0,0.0,-0.5,7,29,187.0
2022,7,Monaco Grand Prix,RUS,Mercedes,5.0,6.0,10.0,Finished,64.0,6.0,82.39755319148937,1,28,11,18,4.0,4.0,6.4,0.6,14.0,13.0,0.0,-1.0,7,29,134.0
2022,7,Monaco Grand Prix,NOR,McLaren,6.0,5.0,9.0,Finished,64.0,5.0,83.74227450980392,1,22,10,18,8.4,10.0,14.0,0.7,3.0,7.5,0.0,-4.5,7,29,52.0
2022,7,Monaco Grand Prix,ALO,Alpine,7.0,7.0,6.0,Finished,64.0,7.0,85.3072641509434,1,1,3,18,14.4,13.0,10.8,0.4,13.0,11.0,0.0,-1.5,7,29,40.0
2022,7,Monaco Grand Prix,HAM,Mercedes,8.0,8.0,4.0,Finished,64.0,8.0,83.79202083333332,1,12,11,18,7.6,8.0,4.8,0.9,7.0,10.333333333333334,0.0,1.0,7,29,134.0
2022,7,Monaco Grand Prix,BOT,Alfa Romeo,9.0,12.0,2.0,Finished,64.0,12.0,85.0611568627451,1,5,0,18,8.2,6.0,13.4,0.8,19.0,10.488898563343492,0.0,-4.0,7,29,39.0
2022,7,Monaco Grand Prix,VET,Aston Martin,10.0,9.0,1.0,Finished,64.0,9.0,84.7164,1,34,4,18,13.2,12.0,12.6,0.2,5.0,6.5,0.0,-4.5,7,27,7.0
2022,7,Monaco Grand Prix,GAS,AlphaTauri,11.0,17.0,0.0,Finished,64.0,17.0,84.90345098039215,1,9,2,18,12.0,14.333333333333334,13.0,0.4,6.0,11.0,0.0,3.0,7,29,17.0
2022,7,Monaco Grand Prix,OCO,Alpine,12.0,10.0,0.0,Finished,64.0,10.0,84.8889411764706,1,23,3,18,8.4,9.666666666666666,8.4,0.8,9.0,9.666666666666666,0.0,1.5,7,29,40.0
2022,7,Monaco Grand Prix,RIC,McLaren,13.0,14.0,0.0,Finished,64.0,14.0,83.92714893617021,1,27,10,18,13.2,14.333333333333334,11.6,0.4,12.0,7.0,0.0,4.5,7,29,52.0
2022,7,Monaco Grand Prix,STR,Aston Martin,14.0,18.0,0.0,Finished,64.0,18.0,85.5194716981132,1,31,4,18,12.0,11.666666666666666,12.6,0.5,8.0,7.666666666666667,0.0,4.5,7,29,7.0
2022,7,Monaco Grand Prix,LAT,Williams,15.0,19.0,0.0,+1 Lap,63.0,19.0,86.10203846153847,0,15,15,18,16.0,15.333333333333334,14.6,0.3,15.0,14.5,0.0,1.5,7,29,3.0
2022,7,Monaco Grand Prix,ZHO,Alfa Romeo,16.0,20.0,0.0,+1 Lap,63.0,20.0,85.1874375,0,35,0,18,15.2,18.0,12.2,0.5,10.488898563343492,9.0,0.0,4.0,7,7,39.0
2022,7,Monaco Grand Prix,TSU,AlphaTauri,17.0,11.0,0.0,+1 Lap,63.0,11.0,85.96006,0,32,2,18,12.6,9.666666666666666,12.8,0.4,16.0,11.0,0.0,-3.0,7,29,17.0
2022,7,Monaco Grand Prix,ALB,Williams,18.0,16.0,0.0,Mechanical,48.0,16.0,91.84348837209302,0,0,15,18,12.4,12.666666666666666,14.4,0.5,10.488898563343492,14.666666666666666,0.0,-1.5,7,7,3.0
2022,7,Monaco Grand Prix,MSC,Haas F1 Team,19.0,15.0,0.0,Accident,24.0,15.0,96.41635,0,21,8,18,14.75,15.333333333333334,15.8,0.2,18.0,17.5,0.0,1.0,7,29,14.0
2022,7,Monaco Grand Prix,MAG,Haas F1 Team,20.0,13.0,0.0,Water pressure,19.0,13.0,99.26229411764704,0,19,8,18,13.0,14.0,16.2,0.5,10.488898563343492,18.0,0.0,-1.0,7,7,14.0
2022,8,Azerbaijan Grand Prix,VER,Red Bull Racing,1.0,3.0,25.0,Finished,51.0,3.0,109.10316326530612,1,33,14,3,4.8,1.6666666666666667,2.2,0.8,18.0,9.5,0.0,0.5,8,30,265.0
2022,8,Azerbaijan Grand Prix,PER,Red Bull Racing,2.0,2.0,19.0,Finished,51.0,2.0,109.432,1,24,14,3,2.2,2.3333333333333335,1.6,0.7,1.0,6.666666666666667,0.0,-0.5,8,30,265.0
2022,8,Azerbaijan Grand Prix,RUS,Mercedes,3.0,5.0,15.0,Finished,51.0,5.0,109.8835918367347,1,28,11,3,4.0,4.333333333333333,5.4,0.7,17.0,13.5,0.0,-1.0,8,30,161.0
2022,8,Azerbaijan Grand Prix,HAM,Mercedes,4.0,7.0,12.0,Finished,51.0,7.0,109.8898125,1,12,11,3,7.2,6.333333333333333,4.8,0.9,15.0,10.0,0.0,1.0,8,30,161.0
2022,8,Azerbaijan Grand Prix,GAS,AlphaTauri,5.0,6.0,10.0,Finished,51.0,6.0,110.2986875,1,9,2,3,12.6,14.0,13.8,0.5,3.0,5.0,0.0,-1.0,8,30,27.0
2022,8,Azerbaijan Grand Prix,VET,Aston Martin,6.0,9.0,8.0,Finished,51.0,9.0,110.3850625,1,34,4,3,13.0,12.666666666666666,13.4,0.3,2.0,10.5,0.0,-5.0,8,28,15.0
2022,8,Azerbaijan Grand Prix,ALO,Alpine,7.0,10.0,6.0,Finished,51.0,10.0,111.05383673469387,1,1,3,3,12.6,9.0,9.2,0.5,6.0,13.0,0.0,-1.5,8,30,47.0
2022,8,Azerbaijan Grand Prix,RIC,McLaren,8.0,12.0,4.0,Finished,51.0,12.0,110.90367346938775,1,27,10,3,12.4,12.666666666666666,11.6,0.5,9.0,7.0,0.0,0.5,8,30,58.0
2022,8,Azerbaijan Grand Prix,NOR,McLaren,9.0,11.0,2.0,Finished,51.0,11.0,111.15508163265304,1,22,10,3,8.2,11.0,9.4,0.8,5.0,7.333333333333333,0.0,-0.5,8,30,58.0
2022,8,Azerbaijan Grand Prix,OCO,Alpine,10.0,13.0,1.0,Finished,51.0,13.0,111.26183673469389,1,23,3,3,9.6,9.0,8.4,0.9,20.0,11.0,0.0,1.5,8,30,47.0
2022,8,Azerbaijan Grand Prix,BOT,Alfa Romeo,11.0,15.0,0.0,+1 Lap,50.0,15.0,110.9981063829787,0,5,0,3,7.0,7.333333333333333,14.0,0.8,12.0,10.488898563343492,0.0,0.5,8,30,39.0
2022,8,Azerbaijan Grand Prix,ALB,Williams,12.0,17.0,0.0,+1 Lap,50.0,17.0,110.62002173913044,0,0,15,3,13.2,15.0,16.2,0.42857142857142855,10.488898563343492,16.5,0.0,-0.5,8,8,3.0
2022,8,Azerbaijan Grand Prix,TSU,AlphaTauri,13.0,8.0,0.0,+1 Lap,50.0,8.0,110.33541304347828,0,32,2,3,12.2,13.0,11.2,0.4,7.0,5.0,0.0,1.0,8,30,27.0
2022,8,Azerbaijan Grand Prix,MSC,Haas F1 Team,14.0,20.0,0.0,+1 Lap,50.0,20.0,111.96770212765958,0,21,8,3,15.6,16.0,17.2,0.2,13.0,13.5,0.0,2.0,8,30,14.0
2022,8,Azerbaijan Grand Prix,LAT,Williams,15.0,18.0,0.0,+1 Lap,50.0,18.0,112.65663043478264,0,15,15,3,15.4,15.0,15.8,0.3,16.0,15.0,0.0,0.5,8,30,3.0
2022,8,Azerbaijan Grand Prix,STR,Aston Martin,16.0,19.0,0.0,Vibrations,46.0,19.0,112.98729545454545,0,31,4,3,12.2,13.0,11.2,0.6,19.0,9.0,0.0,5.0,8,30,15.0
2022,8,Azerbaijan Grand Prix,MAG,Haas F1 Team,17.0,16.0,0.0,Power Unit,31.0,16.0,111.00358620689654,0,19,8,3,15.2,17.666666666666668,16.8,0.42857142857142855,10.488898563343492,13.666666666666666,0.0,-2.0,8,8,14.0
2022,8,Azerbaijan Grand Prix,ZHO,Alfa Romeo,18.0,14.0,0.0,Hydraulics,23.0,14.0,112.06223809523809,0,35,0,3,16.2,18.333333333333332,12.2,0.42857142857142855,10.488898563343492,11.0,0.0,-0.5,8,8,39.0
2022,8,Azerbaijan Grand Prix,LEC,Ferrari,19.0,1.0,0.0,Power Unit,21.0,1.0,109.18505555555556,0,17,7,3,6.6,8.666666666666666,6.6,0.9,4.0,6.0,0.0,-1.5,8,30,187.0
2022,8,Azerbaijan Grand Prix,SAI,Ferrari,20.0,4.0,0.0,Hydraulics,8.0,4.0,109.80575,0,29,7,3,9.8,3.0,9.8,0.8,8.0,10.333333333333334,0.0,1.5,8,30,187.0
2022,9,Canadian Grand Prix,VER,Red Bull Racing,1.0,1.0,25.0,Finished,70.0,1.0,77.56622950819673,1,33,14,7,1.4,1.6666666666666667,1.8,0.8,10.488898563343492,10.488898563343492,0.0,-6.0,9,31,290.0
2022,9,Canadian Grand Prix,SAI,Ferrari,2.0,3.0,19.0,Finished,70.0,3.0,77.52722950819673,1,29,7,7,9.8,8.666666666666666,13.0,0.7,10.488898563343492,10.488898563343492,0.0,-6.0,9,31,216.0
2022,9,Canadian Grand Prix,HAM,Mercedes,3.0,4.0,15.0,Finished,70.0,4.0,78.07781967213116,1,12,11,7,7.2,5.666666666666667,5.0,0.9,10.488898563343492,10.488898563343492,0.0,-2.0,9,31,188.0
2022,9,Canadian Grand Prix,RUS,Mercedes,4.0,8.0,12.0,Finished,70.0,8.0,78.00942372881356,1,28,11,7,4.0,3.6666666666666665,4.6,0.8,10.488898563343492,3.0,0.0,2.0,9,31,188.0
2022,9,Canadian Grand Prix,LEC,Ferrari,5.0,19.0,10.0,Finished,70.0,15.0,78.92590163934426,1,17,7,7,10.2,14.333333333333334,9.4,0.8,10.488898563343492,2.0,-4.0,6.0,9,31,216.0
2022,9,Canadian Grand Prix,OCO,Alpine,6.0,7.0,8.0,Finished,70.0,7.0,78.73403278688525,1,23,3,7,10.2,9.666666666666666,9.0,0.9,10.488898563343492,10.488898563343492,0.0,2.5,9,31,57.0
2022,9,Canadian Grand Prix,BOT,Alfa Romeo,7.0,11.0,6.0,Finished,70.0,11.0,79.32785483870967,1,5,0,7,7.6,8.666666666666666,14.6,0.8,10.488898563343492,10.488898563343492,0.0,0.5,9,31,49.0
2022,9,Canadian Grand Prix,ZHO,Alfa Romeo,8.0,10.0,4.0,Finished,70.0,10.0,79.47122580645161,1,35,0,7,17.6,17.666666666666668,12.2,0.375,10.488898563343492,7.0,0.0,-0.5,9,9,49.0
2022,9,Canadian Grand Prix,ALO,Alpine,9.0,2.0,2.0,Finished,70.0,2.0,78.83168852459018,1,1,3,7,10.6,7.666666666666667,8.4,0.5,10.488898563343492,6.0,0.0,-2.5,9,31,57.0
2022,9,Canadian Grand Prix,STR,Aston Martin,10.0,17.0,1.0,Finished,70.0,18.0,79.93872580645163,1,31,4,7,13.0,15.0,12.2,0.5,10.488898563343492,10.488898563343492,1.0,0.5,9,31,16.0
2022,9,Canadian Grand Prix,RIC,McLaren,11.0,9.0,0.0,Finished,70.0,9.0,80.01771428571429,1,27,10,7,12.8,11.0,9.6,0.6,10.488898563343492,10.488898563343492,0.0,-2.5,9,31,58.0
2022,9,Canadian Grand Prix,VET,Aston Martin,12.0,16.0,0.0,Finished,70.0,17.0,80.05829032258065,1,34,4,7,10.4,9.0,11.2,0.4,10.488898563343492,10.0,1.0,-0.5,9,29,16.0
2022,9,Canadian Grand Prix,ALB,Williams,13.0,12.0,0.0,Finished,70.0,12.0,80.12843548387099,1,0,15,7,13.6,16.0,15.6,0.375,10.488898563343492,10.488898563343492,0.0,-3.5,9,9,3.0
2022,9,Canadian Grand Prix,GAS,AlphaTauri,14.0,15.0,0.0,Finished,70.0,16.0,80.57465079365078,1,9,2,7,11.8,9.666666666666666,11.8,0.6,10.488898563343492,10.488898563343492,1.0,-2.0,9,31,27.0
2022,9,Canadian Grand Prix,NOR,McLaren,15.0,14.0,0.0,Finished,70.0,14.0,80.19726984126984,1,22,10,7,9.0,7.666666666666667,9.4,0.9,10.488898563343492,11.0,0.0,2.5,9,31,58.0
2022,9,Canadian Grand Prix,LAT,Williams,16.0,18.0,0.0,Finished,70.0,19.0,81.117484375,1,15,15,7,15.2,15.333333333333334,14.6,0.3,10.488898563343492,13.0,1.0,3.5,9,31,3.0
2022,9,Canadian Grand Prix,MAG,Haas F1 Team,17.0,5.0,0.0,Finished,70.0,5.0,80.68803125,1,19,8,7,15.8,18.0,17.4,0.375,10.488898563343492,10.488898563343492,0.0,-0.5,9,9,14.0
2022,9,Canadian Grand Prix,TSU,AlphaTauri,18.0,20.0,0.0,Accident,47.0,20.0,79.96097674418606,0,32,2,7,11.8,13.333333333333334,12.0,0.4,10.488898563343492,14.0,0.0,2.0,9,31,27.0
2022,9,Canadian Grand Prix,MSC,Haas F1 Team,19.0,6.0,0.0,Engine,18.0,6.0,80.1221875,0,21,8,7,15.8,15.666666666666666,17.4,0.2,10.488898563343492,17.0,0.0,0.5,9,31,14.0
2022,9,Canadian Grand Prix,PER,Red Bull Racing,20.0,13.0,0.0,Gearbox,7.0,13.0,81.36599999999999,0,24,14,7,2.2,1.6666666666666667,1.6,0.7,10.488898563343492,1.0,0.0,6.0,9,31,290.0
2022,10,British Grand Prix,SAI,Ferrari,1.0,1.0,25.0,Finished,52.0,1.0,92.78446666666667,1,29,7,6,6.2,8.0,10.0,0.7,6.0,4.0,0.0,-1.0,10,32,253.0
2022,10,British Grand Prix,PER,Red Bull Racing,2.0,4.0,18.0,Finished,52.0,4.0,93.33291111111107,1,24,14,6,5.8,7.666666666666667,5.4,0.7,16.0,18.0,0.0,1.0,10,32,314.0
2022,10,British Grand Prix,HAM,Mercedes,3.0,5.0,16.0,Finished,52.0,5.0,92.79042222222223,1,12,11,6,5.2,5.0,4.4,0.9,1.0,2.0,0.0,-1.5,10,32,204.0
2022,10,British Grand Prix,LEC,Ferrari,4.0,3.0,12.0,Finished,52.0,3.0,92.94562222222224,1,17,7,6,10.0,9.333333333333334,9.4,0.8,2.0,3.0,0.0,1.0,10,32,253.0
2022,10,British Grand Prix,ALO,Alpine,5.0,7.0,10.0,Finished,52.0,7.0,93.64325,1,1,3,6,8.6,7.666666666666667,8.8,0.6,7.0,8.0,0.0,-4.0,10,32,67.0
2022,10,British Grand Prix,NOR,McLaren,6.0,6.0,8.0,Finished,52.0,6.0,93.6755681818182,1,22,10,6,11.4,10.0,11.2,0.9,4.0,4.5,0.0,-4.0,10,32,66.0
2022,10,British Grand Prix,VER,Red Bull Racing,7.0,2.0,6.0,Finished,52.0,2.0,94.2035,1,33,14,6,1.4,1.6666666666666667,5.2,0.8,20.0,12.666666666666666,0.0,-1.0,10,32,314.0
2022,10,British Grand Prix,MSC,Haas F1 Team,8.0,19.0,4.0,Finished,52.0,19.0,94.5162888888889,1,21,8,6,16.2,17.333333333333332,17.4,0.2,18.0,17.5,0.0,1.0,10,32,19.0
2022,10,British Grand Prix,VET,Aston Martin,9.0,18.0,2.0,Finished,52.0,18.0,94.67428888888892,1,34,4,6,11.2,9.333333333333334,11.6,0.5,19.0,13.5,0.0,-1.0,10,30,18.0
2022,10,British Grand Prix,MAG,Haas F1 Team,10.0,17.0,1.0,Finished,52.0,17.0,95.03106666666667,1,19,8,6,17.4,18.0,15.0,0.4444444444444444,10.488898563343492,14.333333333333334,0.0,-1.0,10,10,19.0
2022,10,British Grand Prix,STR,Aston Martin,11.0,20.0,0.0,Finished,52.0,20.0,94.79372727272728,1,31,4,6,13.0,13.333333333333334,10.6,0.5,8.0,12.0,0.0,1.0,10,32,18.0
2022,10,British Grand Prix,LAT,Williams,12.0,10.0,0.0,Finished,52.0,10.0,95.3361777777778,1,15,15,6,15.2,15.333333333333334,14.8,0.3,14.0,13.0,0.0,-3.0,10,32,3.0
2022,10,British Grand Prix,RIC,McLaren,13.0,14.0,0.0,Finished,52.0,14.0,94.9648888888889,1,27,10,6,11.4,10.666666666666666,9.8,0.6,5.0,5.0,0.0,4.0,10,32,66.0
2022,10,British Grand Prix,TSU,AlphaTauri,14.0,13.0,0.0,Finished,52.0,13.0,95.90508695652174,1,32,2,6,14.0,16.0,13.4,0.4,10.0,10.5,0.0,1.0,10,32,27.0
2022,10,British Grand Prix,OCO,Alpine,15.0,15.0,0.0,Fuel pump,37.0,15.0,94.86057575757576,0,23,3,6,8.6,9.333333333333334,7.4,0.9,9.0,7.0,0.0,4.0,10,32,67.0
2022,10,British Grand Prix,GAS,AlphaTauri,16.0,11.0,0.0,Collision damage,26.0,11.0,95.6440909090909,0,9,2,6,12.2,10.0,12.8,0.6,11.0,11.666666666666666,0.0,-1.0,10,32,27.0
2022,10,British Grand Prix,BOT,Alfa Romeo,17.0,12.0,0.0,Gearbox,20.0,12.0,96.01429411764704,0,5,0,6,8.0,9.0,12.0,0.8,3.0,10.488898563343492,0.0,1.5,10,32,49.0
2022,10,British Grand Prix,RUS,Mercedes,18.0,8.0,0.0,Collision,0.0,8.0,94.67428888888892,0,28,11,6,4.0,4.0,3.4,0.9,12.0,2.3333333333333335,0.0,1.5,10,32,204.0
2022,10,British Grand Prix,ZHO,Alfa Romeo,19.0,9.0,0.0,Collision,0.0,9.0,94.67428888888892,0,35,0,6,16.2,14.0,12.2,0.4444444444444444,10.488898563343492,17.0,0.0,-1.5,10,10,49.0
2022,10,British Grand Prix,ALB,Williams,20.0,16.0,0.0,Collision,0.0,16.0,94.67428888888892,0,0,15,6,14.0,14.333333333333334,13.6,0.4444444444444444,10.488898563343492,12.666666666666666,0.0,3.0,10,10,3.0
2022,11,Austrian Grand Prix,LEC,Ferrari,1.0,2.0,25.0,Finished,71.0,2.0,70.14055223880597,1,17,7,2,10.4,9.333333333333334,6.4,0.8,8.0,6.5,0.0,-0.5,11,33,278.0
2022,11,Austrian Grand Prix,VER,Red Bull Racing,2.0,1.0,19.0,Finished,71.0,1.0,70.15425373134327,1,33,14,2,2.6,3.0,6.4,0.8,1.0,3.5,0.0,-6.0,11,33,333.0
2022,11,Austrian Grand Prix,HAM,Mercedes,3.0,8.0,15.0,Finished,71.0,9.0,71.06198529411765,1,12,11,2,4.6,3.3333333333333335,6.4,0.9,4.0,3.0,1.0,2.5,11,33,231.0
2022,11,Austrian Grand Prix,RUS,Mercedes,4.0,4.0,12.0,Finished,71.0,4.0,71.1142205882353,1,28,11,2,6.6,8.333333333333334,6.2,0.9,11.0,3.0,0.0,-2.5,11,33,231.0
2022,11,Austrian Grand Prix,OCO,Alpine,5.0,6.0,10.0,Finished,71.0,5.0,71.48236764705884,1,23,3,2,10.0,10.333333333333334,9.0,0.8,20.0,15.0,-1.0,-1.5,11,33,78.0
2022,11,Austrian Grand Prix,MSC,Haas F1 Team,6.0,9.0,8.0,+1 Lap,70.0,7.0,71.56753731343284,0,21,8,2,14.8,13.666666666666666,14.2,0.3,18.0,18.5,-2.0,0.5,11,33,31.0
2022,11,Austrian Grand Prix,NOR,McLaren,7.0,10.0,6.0,+1 Lap,70.0,15.0,71.55676119402986,0,22,10,2,8.8,10.0,10.8,0.9,3.0,5.0,5.0,-0.5,11,33,74.0
2022,11,Austrian Grand Prix,MAG,Haas F1 Team,8.0,7.0,4.0,+1 Lap,70.0,6.0,71.68085074626866,0,19,8,2,16.2,14.666666666666666,12.0,0.5,10.488898563343492,14.333333333333334,-1.0,-0.5,11,11,31.0
2022,11,Austrian Grand Prix,RIC,McLaren,9.0,11.0,2.0,+1 Lap,70.0,16.0,71.78773134328357,0,27,10,2,11.4,10.666666666666666,10.4,0.7,7.0,5.666666666666667,5.0,0.5,11,33,74.0
2022,11,Austrian Grand Prix,ALO,Alpine,10.0,19.0,1.0,+1 Lap,70.0,8.0,71.5422537313433,0,1,3,2,7.4,7.0,8.0,0.6,10.0,11.666666666666666,-11.0,1.5,11,33,78.0
2022,11,Austrian Grand Prix,BOT,Alfa Romeo,11.0,0.0,0.0,+1 Lap,70.0,12.0,71.58281818181817,0,5,0,2,10.0,11.666666666666666,13.8,0.7,2.0,10.488898563343492,12.0,-3.0,11,33,49.0
2022,11,Austrian Grand Prix,ALB,Williams,12.0,15.0,0.0,+1 Lap,70.0,11.0,71.69127272727272,0,0,15,2,16.2,15.0,15.2,0.4,10.488898563343492,13.5,-4.0,-4.0,11,11,3.0
2022,11,Austrian Grand Prix,STR,Aston Martin,13.0,12.0,0.0,+1 Lap,70.0,17.0,71.73024242424242,0,31,4,2,13.2,12.333333333333334,11.6,0.6,13.0,15.0,5.0,-1.5,11,33,18.0
2022,11,Austrian Grand Prix,ZHO,Alfa Romeo,14.0,13.0,0.0,+1 Lap,70.0,18.0,71.6415,0,35,0,2,16.0,15.0,12.4,0.4,10.488898563343492,11.0,5.0,3.0,11,11,49.0
2022,11,Austrian Grand Prix,GAS,AlphaTauri,15.0,14.0,0.0,+1 Lap,70.0,10.0,71.6897878787879,0,9,2,2,11.8,11.666666666666666,15.0,0.5,9.0,10.5,-4.0,-2.0,11,33,27.0
2022,11,Austrian Grand Prix,TSU,AlphaTauri,16.0,16.0,0.0,+1 Lap,70.0,14.0,71.89075757575758,0,32,2,2,14.4,15.0,15.4,0.4,12.0,12.0,-2.0,2.0,11,33,27.0
2022,11,Austrian Grand Prix,VET,Aston Martin,17.0,18.0,0.0,+1 Lap,70.0,20.0,71.62770769230768,0,34,4,2,9.6,9.0,11.0,0.6,17.0,14.333333333333334,2.0,1.5,11,31,18.0
2022,11,Austrian Grand Prix,SAI,Ferrari,18.0,3.0,0.0,Power Unit,56.0,3.0,70.58175925925924,0,29,7,2,5.8,7.666666666666667,2.6,0.7,5.0,4.666666666666667,0.0,0.5,11,33,278.0
2022,11,Austrian Grand Prix,LAT,Williams,19.0,17.0,0.0,Undertray,48.0,19.0,72.82167391304348,0,15,15,2,14.8,14.333333333333334,14.6,0.4,16.0,13.0,2.0,4.0,11,33,3.0
2022,11,Austrian Grand Prix,PER,Red Bull Racing,20.0,5.0,0.0,Collision damage,24.0,13.0,73.28386363636363,0,24,14,2,5.4,8.0,6.4,0.8,6.0,3.0,8.0,6.0,11,33,333.0
2022,12,French Grand Prix,VER,Red Bull Racing,1.0,2.0,25.0,Finished,53.0,2.0,99.22285999999998,1,33,14,11,2.8,3.3333333333333335,10.2,0.9,1.0,2.0,0.0,-0.5,12,34,370.0
2022,12,French Grand Prix,HAM,Mercedes,2.0,4.0,18.0,Finished,53.0,4.0,98.81689795918366,1,12,11,11,4.2,3.0,6.4,0.9,2.0,3.0,0.0,-1.0,12,34,264.0
2022,12,French Grand Prix,RUS,Mercedes,3.0,6.0,15.0,Finished,53.0,6.0,99.0443469387755,1,28,11,11,6.8,8.666666666666666,6.0,0.9,12.0,2.6666666666666665,0.0,1.0,12,34,264.0
2022,12,French Grand Prix,PER,Red Bull Racing,4.0,3.0,12.0,Finished,53.0,3.0,98.95795918367348,1,24,14,11,9.0,14.0,6.4,0.8,3.0,1.6666666666666667,0.0,0.5,12,34,370.0
2022,12,French Grand Prix,SAI,Ferrari,5.0,19.0,11.0,Finished,53.0,9.0,99.30085416666668,1,29,7,11,8.6,7.0,5.8,0.6,11.0,13.5,-10.0,4.0,12,34,289.0
2022,12,French Grand Prix,ALO,Alpine,6.0,7.0,8.0,Finished,53.0,7.0,99.93561224489795,1,1,3,11,7.6,8.0,8.8,0.5,8.0,11.0,0.0,-2.5,12,34,90.0
2022,12,French Grand Prix,NOR,McLaren,7.0,5.0,6.0,Finished,53.0,5.0,100.5986,1,22,10,11,8.6,9.333333333333334,10.0,0.8,5.0,5.5,0.0,-3.0,12,34,82.0
2022,12,French Grand Prix,OCO,Alpine,8.0,10.0,4.0,Finished,53.0,12.0,100.75442,1,23,3,11,9.6,8.666666666666666,8.2,0.8,14.0,9.333333333333334,2.0,2.5,12,34,90.0
2022,12,French Grand Prix,RIC,McLaren,9.0,9.0,2.0,Finished,53.0,11.0,100.90534,1,27,10,11,10.8,11.0,8.4,0.6,6.0,6.0,2.0,3.0,12,34,82.0
2022,12,French Grand Prix,STR,Aston Martin,10.0,15.0,1.0,Finished,53.0,17.0,100.95508,1,31,4,11,12.8,11.333333333333334,12.4,0.5,10.0,9.5,2.0,1.5,12,34,19.0
2022,12,French Grand Prix,VET,Aston Martin,11.0,12.0,0.0,Finished,53.0,14.0,101.35609803921568,1,34,4,11,10.8,12.666666666666666,12.0,0.6,9.0,9.666666666666666,2.0,-1.5,12,32,19.0
2022,12,French Grand Prix,GAS,AlphaTauri,12.0,14.0,0.0,Finished,53.0,16.0,101.15373999999998,1,9,2,11,12.2,15.0,15.8,0.5,7.0,10.0,2.0,4.0,12,34,27.0
2022,12,French Grand Prix,ALB,Williams,13.0,13.0,0.0,Finished,53.0,15.0,101.15467999999996,1,0,15,11,15.0,15.0,15.8,0.3,10.488898563343492,15.0,2.0,-2.5,12,12,3.0
2022,12,French Grand Prix,BOT,Alfa Romeo,14.0,11.0,0.0,Finished,53.0,13.0,101.02202040816326,1,5,0,11,11.0,11.666666666666666,13.8,0.6,4.0,10.488898563343492,2.0,-2.5,12,34,49.0
2022,12,French Grand Prix,MSC,Haas F1 Team,15.0,17.0,0.0,Finished,53.0,19.0,101.08834693877552,1,21,8,11,13.2,11.0,10.2,0.2,19.0,19.5,2.0,4.5,12,34,31.0
2022,12,French Grand Prix,ZHO,Alfa Romeo,16.0,16.0,0.0,+6 Laps,47.0,18.0,101.39111904761906,0,35,0,11,15.0,13.666666666666666,15.0,0.3,10.488898563343492,14.0,2.0,2.5,12,12,49.0
2022,12,French Grand Prix,LAT,Williams,17.0,18.0,0.0,Collision damage,40.0,20.0,101.27119444444446,0,15,15,11,15.4,15.666666666666666,15.2,0.3,18.0,14.333333333333334,2.0,2.5,12,34,3.0
2022,12,French Grand Prix,MAG,Haas F1 Team,18.0,20.0,0.0,Collision damage,37.0,10.0,101.25408823529412,0,19,8,11,14.4,11.666666666666666,9.4,0.4,10.488898563343492,18.0,-10.0,-4.5,12,12,31.0
2022,12,French Grand Prix,LEC,Ferrari,19.0,1.0,0.0,Accident,17.0,1.0,99.11423529411763,0,17,7,11,6.6,3.3333333333333335,5.8,0.8,16.0,10.666666666666666,0.0,-4.0,12,34,289.0
2022,12,French Grand Prix,TSU,AlphaTauri,20.0,8.0,0.0,Undertray,17.0,8.0,101.87393333333333,0,32,2,11,15.6,16.0,14.6,0.3,13.0,10.666666666666666,0.0,-4.0,12,34,27.0
2022,13,Hungarian Grand Prix,VER,Red Bull Racing,1.0,10.0,25.0,Finished,70.0,10.0,84.64520588235294,1,33,14,12,2.4,3.3333333333333335,6.8,0.9,9.0,13.0,0.0,-0.5,13,35,405.0
2022,13,Hungarian Grand Prix,HAM,Mercedes,2.0,7.0,19.0,Finished,70.0,7.0,84.26395454545454,1,12,11,12,3.0,2.6666666666666665,6.0,0.9,2.0,9.0,0.0,3.0,13,35,298.0
2022,13,Hungarian Grand Prix,RUS,Mercedes,3.0,1.0,15.0,Finished,70.0,1.0,84.38083333333336,1,28,11,12,6.4,8.333333333333334,2.8,0.9,8.0,6.666666666666667,0.0,-3.0,13,35,298.0
2022,13,Hungarian Grand Prix,SAI,Ferrari,4.0,2.0,12.0,Finished,70.0,2.0,84.28863636363639,1,29,7,12,9.2,8.0,9.4,0.6,3.0,10.5,0.0,-0.5,13,35,309.0
2022,13,Hungarian Grand Prix,PER,Red Bull Racing,5.0,11.0,10.0,Finished,70.0,11.0,84.29003030303032,1,24,14,12,9.6,8.666666666666666,5.6,0.8,17.0,9.0,0.0,0.5,13,35,405.0
2022,13,Hungarian Grand Prix,LEC,Ferrari,6.0,3.0,8.0,Finished,70.0,3.0,84.0168923076923,1,17,7,12,9.6,8.0,9.4,0.7,18.0,8.333333333333334,0.0,0.5,13,35,309.0
2022,13,Hungarian Grand Prix,NOR,McLaren,7.0,4.0,6.0,Finished,70.0,4.0,85.1563787878788,1,22,10,12,8.8,6.666666666666667,9.0,0.8,15.0,13.0,0.0,-2.5,13,35,88.0
2022,13,Hungarian Grand Prix,ALO,Alpine,8.0,6.0,4.0,+1 Lap,69.0,6.0,85.76990909090908,0,1,3,12,7.4,7.0,8.8,0.6,4.0,2.5,0.0,0.5,13,35,96.0
2022,13,Hungarian Grand Prix,OCO,Alpine,9.0,5.0,2.0,+1 Lap,69.0,5.0,85.77883333333334,0,23,3,12,8.8,9.333333333333334,7.4,0.8,1.0,4.333333333333333,0.0,-0.5,13,35,96.0
2022,13,Hungarian Grand Prix,VET,Aston Martin,10.0,18.0,1.0,+1 Lap,69.0,18.0,85.48712307692307,0,34,4,12,11.0,12.333333333333334,12.4,0.6,20.0,19.5,0.0,2.0,13,33,20.0
2022,13,Hungarian Grand Prix,STR,Aston Martin,11.0,14.0,0.0,+1 Lap,69.0,14.0,85.258859375,0,31,4,12,12.0,11.333333333333334,12.2,0.6,19.0,16.333333333333332,0.0,-2.0,13,35,20.0
2022,13,Hungarian Grand Prix,GAS,AlphaTauri,12.0,0.0,0.0,+1 Lap,69.0,19.0,85.460640625,0,9,2,12,12.4,14.333333333333334,15.8,0.5,5.0,5.5,19.0,1.5,13,35,27.0
2022,13,Hungarian Grand Prix,ZHO,Alfa Romeo,13.0,12.0,0.0,+1 Lap,69.0,12.0,85.41359375,0,35,0,12,15.0,16.333333333333332,14.8,0.2,10.488898563343492,10.488898563343492,0.0,2.0,13,13,49.0
2022,13,Hungarian Grand Prix,MSC,Haas F1 Team,14.0,15.0,0.0,+1 Lap,69.0,15.0,85.577171875,0,21,8,12,12.4,9.666666666666666,11.4,0.3,12.0,13.0,0.0,1.0,13,35,31.0
2022,13,Hungarian Grand Prix,RIC,McLaren,15.0,9.0,0.0,+1 Lap,69.0,9.0,85.81606153846154,0,27,10,12,10.0,10.333333333333334,7.8,0.7,11.0,11.0,0.0,2.5,13,35,88.0
2022,13,Hungarian Grand Prix,MAG,Haas F1 Team,16.0,13.0,0.0,+1 Lap,69.0,13.0,85.80082812500001,0,19,8,12,14.0,12.0,12.2,0.3,10.488898563343492,13.333333333333334,0.0,-1.0,13,13,31.0
2022,13,Hungarian Grand Prix,ALB,Williams,17.0,17.0,0.0,+1 Lap,69.0,17.0,85.62166666666668,0,0,15,12,14.0,15.0,16.2,0.4,10.488898563343492,7.5,0.0,-1.5,13,13,3.0
2022,13,Hungarian Grand Prix,LAT,Williams,18.0,19.0,0.0,+1 Lap,69.0,20.0,85.73982539682541,0,15,15,12,15.8,16.0,15.6,0.3,7.0,10.666666666666666,1.0,1.5,13,35,3.0
2022,13,Hungarian Grand Prix,TSU,AlphaTauri,19.0,16.0,0.0,+2 Laps,68.0,16.0,86.13291803278688,0,32,2,12,16.2,16.666666666666668,15.0,0.3,6.0,7.666666666666667,0.0,-1.5,13,35,27.0
2022,13,Hungarian Grand Prix,BOT,Alfa Romeo,20.0,8.0,0.0,Power Unit,65.0,8.0,85.47372580645161,0,5,0,12,12.0,14.0,13.6,0.7,16.0,13.0,0.0,-2.0,13,35,49.0
2022,14,Belgian Grand Prix,VER,Red Bull Racing,1.0,14.0,26.0,Finished,44.0,1.0,113.48468292682928,1,33,14,5,2.4,1.3333333333333333,6.2,1.0,1.0,10.0,-13.0,-1.0,14,36,449.0
2022,14,Belgian Grand Prix,PER,Red Bull Racing,2.0,2.0,18.0,Finished,44.0,3.0,114.2455714285714,1,24,14,5,10.2,9.666666666666666,2.4,0.8,19.0,7.0,1.0,1.0,14,36,449.0
2022,14,Belgian Grand Prix,SAI,Ferrari,3.0,1.0,15.0,Finished,44.0,2.0,114.3909761904762,1,29,7,5,6.0,9.0,10.4,0.7,10.0,9.0,1.0,-1.0,14,36,332.0
2022,14,Belgian Grand Prix,RUS,Mercedes,4.0,5.0,12.0,Finished,44.0,8.0,114.59483333333334,1,28,11,5,6.4,3.3333333333333335,2.8,0.9,2.0,7.5,3.0,0.5,14,36,310.0
2022,14,Belgian Grand Prix,ALO,Alpine,5.0,3.0,10.0,Finished,44.0,6.0,115.7175,1,1,3,5,7.6,8.0,8.2,0.6,11.0,9.0,3.0,0.5,14,36,112.0
2022,14,Belgian Grand Prix,LEC,Ferrari,6.0,15.0,8.0,Finished,44.0,4.0,115.0938048780488,1,17,7,5,7.0,8.666666666666666,7.4,0.7,8.0,7.0,-11.0,1.0,14,36,332.0
2022,14,Belgian Grand Prix,OCO,Alpine,7.0,16.0,6.0,Finished,44.0,5.0,115.34492682926827,1,23,3,5,8.6,7.333333333333333,7.2,0.7,7.0,7.666666666666667,-11.0,-0.5,14,36,112.0
2022,14,Belgian Grand Prix,VET,Aston Martin,8.0,10.0,4.0,Finished,44.0,16.0,115.3690487804878,1,34,4,5,11.8,12.666666666666666,11.8,0.6,5.0,12.5,6.0,1.0,14,34,24.0
2022,14,Belgian Grand Prix,GAS,AlphaTauri,9.0,0.0,2.0,Finished,44.0,12.0,115.72978048780486,1,9,2,5,13.8,13.0,15.8,0.4,6.0,10.5,12.0,-3.5,14,36,29.0
2022,14,Belgian Grand Prix,ALB,Williams,10.0,6.0,1.0,Finished,44.0,9.0,115.96378048780488,1,0,15,5,15.0,14.0,16.8,0.3,10.488898563343492,5.5,3.0,-4.0,14,14,4.0
2022,14,Belgian Grand Prix,STR,Aston Martin,11.0,9.0,0.0,Finished,44.0,14.0,115.9889268292683,1,31,4,5,11.0,11.333333333333334,10.0,0.5,20.0,11.0,5.0,-1.0,14,36,24.0
2022,14,Belgian Grand Prix,NOR,McLaren,12.0,17.0,0.0,Finished,44.0,10.0,116.05565853658536,1,22,10,5,8.4,7.0,9.4,0.8,14.0,9.0,-7.0,-0.5,14,36,88.0
2022,14,Belgian Grand Prix,TSU,AlphaTauri,13.0,0.0,0.0,Finished,44.0,19.0,116.04926829268294,1,32,2,5,17.4,18.333333333333332,14.4,0.3,15.0,10.0,19.0,3.5,14,36,29.0
2022,14,Belgian Grand Prix,ZHO,Alfa Romeo,14.0,18.0,0.0,Finished,44.0,13.0,116.0880975609756,1,35,0,5,14.0,14.333333333333334,15.4,0.1,10.488898563343492,10.488898563343492,-5.0,-3.5,14,14,49.0
2022,14,Belgian Grand Prix,RIC,McLaren,15.0,7.0,0.0,Finished,44.0,11.0,116.08241463414636,1,27,10,5,11.4,11.0,10.0,0.6,4.0,10.0,4.0,0.5,14,36,88.0
2022,14,Belgian Grand Prix,MAG,Haas F1 Team,16.0,12.0,0.0,+1 Lap,43.0,18.0,116.3367,0,19,8,5,13.8,14.0,14.2,0.3,10.488898563343492,16.5,6.0,1.5,14,14,31.0
2022,14,Belgian Grand Prix,MSC,Haas F1 Team,17.0,19.0,0.0,+1 Lap,43.0,15.0,116.4071,0,21,8,5,12.4,11.666666666666666,15.8,0.3,16.0,16.333333333333332,-4.0,-1.5,14,36,31.0
2022,14,Belgian Grand Prix,LAT,Williams,18.0,11.0,0.0,+1 Lap,43.0,17.0,116.503675,0,15,15,5,16.4,18.0,15.0,0.3,9.0,7.0,6.0,4.0,14,36,4.0
2022,14,Belgian Grand Prix,BOT,Alfa Romeo,19.0,13.0,0.0,Accident,1.0,20.0,125.651,0,5,0,5,13.8,15.0,15.4,0.6,12.0,14.0,7.0,3.5,14,36,49.0
2022,14,Belgian Grand Prix,HAM,Mercedes,20.0,4.0,0.0,Collision damage,0.0,7.0,115.96378048780488,0,12,11,5,2.6,2.3333333333333335,2.8,0.9,3.0,6.333333333333333,3.0,-0.5,14,36,310.0
2022,15,Dutch Grand Prix,VER,Red Bull Racing,1.0,1.0,26.0,Finished,72.0,1.0,76.08666153846154,1,33,14,9,2.4,1.0,2.6,1.0,1.0,4.5,0.0,-2.0,15,37,485.0
2022,15,Dutch Grand Prix,RUS,Mercedes,2.0,6.0,18.0,Finished,72.0,6.0,76.2808153846154,1,28,11,9,6.4,3.3333333333333335,6.4,0.9,17.0,2.5,0.0,1.0,15,37,340.0
2022,15,Dutch Grand Prix,LEC,Ferrari,3.0,2.0,15.0,Finished,72.0,2.0,76.41601587301588,1,17,7,9,7.2,10.333333333333334,7.6,0.7,5.0,6.0,0.0,-0.5,15,37,351.0
2022,15,Dutch Grand Prix,HAM,Mercedes,4.0,4.0,12.0,Finished,72.0,4.0,76.42946153846154,1,12,11,9,6.0,8.0,6.2,0.9,2.0,2.3333333333333335,0.0,-1.0,15,37,340.0
2022,15,Dutch Grand Prix,PER,Red Bull Racing,5.0,5.0,10.0,Finished,72.0,5.0,76.71584126984126,1,24,14,9,6.6,3.6666666666666665,2.0,0.8,8.0,3.3333333333333335,0.0,2.0,15,37,485.0
2022,15,Dutch Grand Prix,ALO,Alpine,6.0,13.0,8.0,Finished,72.0,13.0,77.38735384615386,1,1,3,9,6.8,6.333333333333333,7.4,0.7,6.0,7.5,0.0,0.5,15,37,122.0
2022,15,Dutch Grand Prix,NOR,McLaren,7.0,7.0,6.0,Finished,72.0,7.0,77.32733846153845,1,22,10,9,7.8,8.666666666666666,11.6,0.8,10.0,10.5,0.0,-5.0,15,37,94.0
2022,15,Dutch Grand Prix,SAI,Ferrari,8.0,3.0,4.0,Finished,72.0,3.0,77.098359375,1,29,7,9,6.2,4.0,4.4,0.8,7.0,5.0,0.0,0.5,15,37,351.0
2022,15,Dutch Grand Prix,OCO,Alpine,9.0,12.0,2.0,Finished,72.0,12.0,77.38564062500001,1,23,3,9,8.8,8.0,7.0,0.8,9.0,7.0,0.0,-0.5,15,37,122.0
2022,15,Dutch Grand Prix,STR,Aston Martin,10.0,10.0,1.0,Finished,72.0,10.0,77.20388888888887,1,31,4,9,11.2,10.666666666666666,10.2,0.6,12.0,12.5,0.0,-4.5,15,37,25.0
2022,15,Dutch Grand Prix,GAS,AlphaTauri,11.0,11.0,0.0,Finished,72.0,11.0,77.68007936507938,1,9,2,9,12.8,11.0,14.6,0.5,4.0,11.5,0.0,1.0,15,37,29.0
2022,15,Dutch Grand Prix,ALB,Williams,12.0,15.0,0.0,Finished,72.0,15.0,78.02266153846153,1,0,15,9,14.4,13.333333333333334,16.0,0.4,10.488898563343492,16.5,0.0,-2.5,15,15,4.0
2022,15,Dutch Grand Prix,MSC,Haas F1 Team,13.0,8.0,0.0,Finished,72.0,8.0,77.68882812499999,1,21,8,9,12.0,15.333333333333334,16.2,0.3,18.0,19.0,0.0,-5.0,15,37,31.0
2022,15,Dutch Grand Prix,VET,Aston Martin,14.0,19.0,0.0,Finished,72.0,19.0,77.98078125,1,34,4,9,11.0,9.666666666666666,10.0,0.6,13.0,11.666666666666666,0.0,4.5,15,35,25.0
2022,15,Dutch Grand Prix,MAG,Haas F1 Team,15.0,18.0,0.0,Finished,72.0,18.0,78.07496923076923,1,19,8,9,13.6,16.666666666666668,15.2,0.2,10.488898563343492,17.0,0.0,5.0,15,15,31.0
2022,15,Dutch Grand Prix,ZHO,Alfa Romeo,16.0,14.0,0.0,Finished,72.0,14.0,77.909359375,1,35,0,9,15.2,14.333333333333334,16.4,0.2,10.488898563343492,10.488898563343492,0.0,-1.0,15,15,49.0
2022,15,Dutch Grand Prix,RIC,McLaren,17.0,17.0,0.0,Finished,72.0,17.0,78.04406153846153,1,27,10,9,12.2,13.0,11.2,0.7,11.0,9.333333333333334,0.0,5.0,15,37,94.0
2022,15,Dutch Grand Prix,LAT,Williams,18.0,20.0,0.0,+1 Lap,71.0,20.0,79.23526153846153,0,15,15,9,16.8,17.666666666666668,15.0,0.3,16.0,15.0,0.0,2.5,15,37,4.0
2022,15,Dutch Grand Prix,BOT,Alfa Romeo,19.0,16.0,0.0,Engine,53.0,16.0,78.36812244897958,0,5,0,9,16.2,17.666666666666668,16.4,0.5,3.0,16.0,0.0,1.0,15,37,49.0
2022,15,Dutch Grand Prix,TSU,AlphaTauri,20.0,9.0,0.0,Differential,43.0,9.0,78.1269268292683,0,32,2,9,16.4,17.333333333333332,12.8,0.3,19.0,11.333333333333334,0.0,-1.0,15,37,29.0
2022,16,Italian Grand Prix,VER,Red Bull Racing,1.0,7.0,25.0,Finished,53.0,2.0,85.9886304347826,1,33,14,13,1.2,1.0,2.8,1.0,18.0,11.5,-5.0,-1.0,16,38,519.0
2022,16,Italian Grand Prix,LEC,Ferrari,2.0,1.0,18.0,Finished,53.0,1.0,85.86577777777777,1,17,7,13,7.0,5.0,5.2,0.7,4.0,5.0,0.0,-1.0,16,38,381.0
2022,16,Italian Grand Prix,RUS,Mercedes,3.0,2.0,15.0,Finished,53.0,6.0,86.64574468085107,1,28,11,13,3.2,3.0,6.6,0.9,9.0,10.0,4.0,0.5,16,38,365.0
2022,16,Italian Grand Prix,SAI,Ferrari,4.0,18.0,12.0,Finished,53.0,3.0,86.90463829787234,1,29,7,13,7.6,5.0,4.4,0.8,6.0,4.0,-15.0,1.0,16,38,381.0
2022,16,Italian Grand Prix,HAM,Mercedes,5.0,19.0,10.0,Finished,53.0,5.0,87.50870212765956,1,12,11,13,6.2,8.666666666666666,6.6,0.9,17.0,7.666666666666667,-14.0,-0.5,16,38,365.0
2022,16,Italian Grand Prix,PER,Red Bull Racing,6.0,13.0,9.0,Finished,53.0,4.0,88.16127083333333,1,24,14,13,7.2,4.0,2.0,0.8,5.0,8.0,-9.0,1.0,16,38,519.0
2022,16,Italian Grand Prix,NOR,McLaren,7.0,3.0,6.0,Finished,53.0,7.0,87.19089130434783,1,22,10,13,8.0,8.666666666666666,13.2,0.9,2.0,1.5,4.0,-0.5,16,38,100.0
2022,16,Italian Grand Prix,GAS,AlphaTauri,8.0,5.0,4.0,Finished,53.0,9.0,87.68617391304348,1,9,2,13,11.8,10.666666666666666,14.4,0.6,19.0,19.5,4.0,-3.0,16,38,33.0
2022,16,Italian Grand Prix,DEV,Williams,9.0,8.0,2.0,Finished,53.0,13.0,87.72215217391303,1,7,15,13,10.488898563343492,10.488898563343492,15.2,0.85,10.488898563343492,10.0,5.0,-1.5,16,1,6.0
2022,16,Italian Grand Prix,ZHO,Alfa Romeo,10.0,9.0,1.0,Finished,53.0,14.0,87.75254347826088,1,35,0,13,14.6,14.333333333333334,17.6,0.3,10.488898563343492,10.488898563343492,5.0,1.0,16,16,50.0
2022,16,Italian Grand Prix,OCO,Alpine,11.0,14.0,0.0,Finished,53.0,11.0,88.21040425531915,1,23,3,13,7.6,8.333333333333334,7.2,0.8,10.0,9.0,-3.0,0.5,16,38,122.0
2022,16,Italian Grand Prix,MSC,Haas F1 Team,12.0,17.0,0.0,Finished,53.0,20.0,88.26797872340425,1,21,8,13,13.0,14.666666666666666,15.4,0.3,15.0,15.5,3.0,0.5,16,38,31.0
2022,16,Italian Grand Prix,BOT,Alfa Romeo,13.0,15.0,0.0,+1 Lap,52.0,12.0,88.2169111111111,0,5,0,13,16.6,19.333333333333332,15.6,0.4,3.0,10.0,-3.0,-1.0,16,38,50.0
2022,16,Italian Grand Prix,TSU,AlphaTauri,14.0,20.0,0.0,+1 Lap,52.0,15.0,87.91211111111112,0,32,2,13,17.6,17.333333333333332,12.2,0.2,20.0,15.666666666666666,-5.0,3.0,16,38,33.0
2022,16,Italian Grand Prix,LAT,Williams,15.0,10.0,0.0,+1 Lap,52.0,16.0,88.11795555555557,0,15,15,13,18.0,18.0,13.4,0.2,11.0,9.666666666666666,6.0,1.5,16,38,6.0
2022,16,Italian Grand Prix,MAG,Haas F1 Team,16.0,16.0,0.0,+1 Lap,52.0,19.0,88.52508695652173,0,19,8,13,14.6,15.666666666666666,14.6,0.3,10.488898563343492,14.333333333333334,3.0,-0.5,16,16,31.0
2022,16,Italian Grand Prix,RIC,McLaren,17.0,4.0,0.0,Oil leak,45.0,8.0,87.5139534883721,0,27,10,13,13.0,15.666666666666666,11.6,0.7,1.0,3.3333333333333335,4.0,0.5,16,38,100.0
2022,16,Italian Grand Prix,STR,Aston Martin,18.0,12.0,0.0,Engine,39.0,18.0,88.41286486486486,0,31,4,13,11.0,10.666666666666666,10.8,0.6,7.0,9.5,6.0,0.5,16,38,25.0
2022,16,Italian Grand Prix,ALO,Alpine,19.0,6.0,0.0,Water pressure,31.0,10.0,88.07106666666667,0,1,3,13,7.0,6.333333333333333,7.6,0.7,8.0,9.666666666666666,4.0,-0.5,16,38,122.0
2022,16,Italian Grand Prix,VET,Aston Martin,20.0,11.0,0.0,Engine,10.0,17.0,88.8225,0,34,4,13,12.0,10.666666666666666,12.2,0.7,12.0,12.333333333333334,6.0,-0.5,16,36,25.0
2022,17,Singapore Grand Prix,PER,Red Bull Racing,1.0,2.0,25.0,Finished,59.0,2.0,117.1853137254902,1,24,14,23,4.4,4.333333333333333,3.0,0.8,10.488898563343492,10.488898563343492,0.0,-3.0,17,39,550.0
2022,17,Singapore Grand Prix,LEC,Ferrari,2.0,1.0,18.0,Finished,59.0,1.0,117.77029411764704,1,17,7,23,7.2,3.6666666666666665,4.6,0.8,10.488898563343492,10.488898563343492,0.0,-1.5,17,39,414.0
2022,17,Singapore Grand Prix,SAI,Ferrari,3.0,4.0,15.0,Finished,59.0,4.0,118.13227450980392,1,29,7,23,4.8,5.0,3.8,0.8,10.488898563343492,2.0,0.0,1.5,17,39,414.0
2022,17,Singapore Grand Prix,NOR,McLaren,4.0,6.0,12.0,Finished,59.0,6.0,118.69619607843138,1,22,10,23,8.0,8.666666666666666,12.6,0.9,10.488898563343492,10.488898563343492,0.0,-5.5,17,39,122.0
2022,17,Singapore Grand Prix,RIC,McLaren,5.0,16.0,10.0,Finished,59.0,17.0,120.80551923076924,1,27,10,23,14.6,16.333333333333332,10.4,0.7,10.488898563343492,4.0,1.0,5.5,17,39,122.0
2022,17,Singapore Grand Prix,STR,Aston Martin,6.0,11.0,8.0,Finished,59.0,12.0,120.37980392156862,1,31,4,23,12.0,13.0,14.6,0.6,10.488898563343492,10.488898563343492,1.0,-1.0,17,39,37.0
2022,17,Singapore Grand Prix,VER,Red Bull Racing,7.0,8.0,6.0,Finished,59.0,8.0,119.87309803921568,1,33,14,23,1.0,1.0,2.8,1.0,10.488898563343492,1.0,0.0,3.0,17,39,550.0
2022,17,Singapore Grand Prix,VET,Aston Martin,8.0,13.0,4.0,Finished,59.0,14.0,120.56921568627448,1,34,4,23,12.6,14.0,13.6,0.7,10.488898563343492,6.0,1.0,1.0,17,37,37.0
2022,17,Singapore Grand Prix,HAM,Mercedes,9.0,3.0,2.0,Finished,59.0,3.0,119.84488235294116,1,12,11,23,6.6,9.666666666666666,6.8,0.9,10.488898563343492,10.488898563343492,0.0,-4.0,17,39,367.0
2022,17,Singapore Grand Prix,GAS,AlphaTauri,10.0,7.0,1.0,Finished,59.0,7.0,120.66892156862748,1,9,2,23,10.4,9.333333333333334,13.2,0.7,10.488898563343492,10.488898563343492,0.0,-1.5,17,39,34.0
2022,17,Singapore Grand Prix,BOT,Alfa Romeo,11.0,15.0,0.0,Finished,59.0,16.0,122.74583018867922,1,5,0,23,17.0,17.0,15.4,0.3,10.488898563343492,10.488898563343492,1.0,0.5,17,39,50.0
2022,17,Singapore Grand Prix,MAG,Haas F1 Team,12.0,9.0,0.0,Finished,59.0,9.0,121.81265384615386,1,19,8,23,16.2,15.666666666666666,14.6,0.3,10.488898563343492,10.488898563343492,0.0,-2.0,17,17,31.0
2022,17,Singapore Grand Prix,MSC,Haas F1 Team,13.0,12.0,0.0,+1 Lap,58.0,13.0,122.4452857142857,0,21,8,23,14.2,14.0,13.6,0.4,10.488898563343492,12.0,1.0,2.0,17,39,31.0
2022,17,Singapore Grand Prix,RUS,Mercedes,14.0,0.0,0.0,+2 Laps,57.0,11.0,123.35291836734694,0,28,11,23,3.0,3.0,4.6,0.9,10.488898563343492,9.0,11.0,4.0,17,39,367.0
2022,17,Singapore Grand Prix,TSU,AlphaTauri,15.0,10.0,0.0,Accident,34.0,10.0,125.25764285714284,0,32,2,23,17.2,15.666666666666666,12.6,0.2,10.488898563343492,10.0,0.0,1.5,17,39,34.0
2022,17,Singapore Grand Prix,OCO,Alpine,16.0,17.0,0.0,Engine,26.0,18.0,126.75643478260872,0,23,3,23,8.8,9.0,10.4,0.8,10.488898563343492,10.488898563343492,1.0,6.5,17,39,122.0
2022,17,Singapore Grand Prix,ALB,Williams,17.0,18.0,0.0,Collision damage,25.0,19.0,128.12140909090908,0,0,15,23,12.8,13.0,14.4,0.4,10.488898563343492,10.488898563343492,1.0,-0.5,17,16,6.0
2022,17,Singapore Grand Prix,ALO,Alpine,18.0,5.0,0.0,Engine,20.0,5.0,123.47755555555555,0,1,3,23,8.8,10.0,12.2,0.7,10.488898563343492,16.0,0.0,-6.5,17,39,122.0
2022,17,Singapore Grand Prix,LAT,Williams,19.0,19.0,0.0,Collision damage,7.0,20.0,129.88183333333333,0,15,15,23,17.2,17.0,14.2,0.2,10.488898563343492,17.0,1.0,0.5,17,39,6.0
2022,17,Singapore Grand Prix,ZHO,Alfa Romeo,20.0,14.0,0.0,Collision,6.0,15.0,129.93333333333337,0,35,0,23,13.8,13.333333333333334,13.8,0.4,10.488898563343492,11.0,1.0,-0.5,17,17,50.0
2022,18,Japanese Grand Prix,VER,Red Bull Racing,1.0,1.0,25.0,Finished,28.0,1.0,108.13730434782606,1,33,14,14,2.2,3.0,4.0,1.0,10.488898563343492,10.488898563343492,0.0,-1.5,18,40,593.0
2022,18,Japanese Grand Prix,PER,Red Bull Racing,2.0,4.0,18.0,Finished,28.0,4.0,109.41591304347824,1,24,14,14,3.8,4.0,3.2,0.8,10.488898563343492,1.0,0.0,1.5,18,40,593.0
2022,18,Japanese Grand Prix,LEC,Ferrari,3.0,2.0,15.0,Finished,28.0,2.0,109.30221739130435,1,17,7,14,3.8,2.3333333333333335,3.8,0.8,10.488898563343492,10.488898563343492,0.0,-0.5,18,40,429.0
2022,18,Japanese Grand Prix,OCO,Alpine,4.0,5.0,12.0,Finished,28.0,5.0,109.14195454545452,1,23,3,14,10.4,12.0,14.6,0.7,10.488898563343492,10.488898563343492,0.0,-1.0,18,40,140.0
2022,18,Japanese Grand Prix,HAM,Mercedes,5.0,6.0,10.0,Finished,28.0,6.0,109.13072727272726,1,12,11,14,8.0,6.0,7.0,0.9,10.488898563343492,10.488898563343492,0.0,-1.0,18,40,381.0
2022,18,Japanese Grand Prix,VET,Aston Martin,6.0,9.0,8.0,Finished,28.0,9.0,108.80422727272727,1,34,4,14,12.0,14.0,13.2,0.7,10.488898563343492,10.488898563343492,0.0,-5.0,18,38,45.0
2022,18,Japanese Grand Prix,ALO,Alpine,7.0,7.0,6.0,Finished,28.0,7.0,109.38681818181816,1,1,3,14,11.2,14.333333333333334,13.6,0.6,10.488898563343492,4.0,0.0,1.0,18,40,140.0
2022,18,Japanese Grand Prix,RUS,Mercedes,8.0,8.0,4.0,Finished,28.0,8.0,109.2148636363636,1,28,11,14,5.2,6.333333333333333,7.2,0.8,10.488898563343492,5.0,0.0,1.0,18,40,381.0
2022,18,Japanese Grand Prix,LAT,Williams,9.0,20.0,2.0,Finished,28.0,20.0,109.77890909090912,1,15,15,14,17.6,17.333333333333332,15.6,0.2,10.488898563343492,10.488898563343492,0.0,2.0,18,40,8.0
2022,18,Japanese Grand Prix,NOR,McLaren,10.0,10.0,1.0,Finished,28.0,10.0,111.21208695652172,1,22,10,14,7.4,6.0,10.0,0.9,10.488898563343492,10.488898563343492,0.0,-0.5,18,40,123.0
2022,18,Japanese Grand Prix,RIC,McLaren,11.0,11.0,0.0,Finished,28.0,11.0,110.42000000000002,1,27,10,14,13.8,13.0,8.6,0.7,10.488898563343492,10.0,0.0,0.5,18,40,123.0
2022,18,Japanese Grand Prix,STR,Aston Martin,12.0,19.0,0.0,Finished,28.0,19.0,111.43913043478258,1,31,4,14,11.2,11.333333333333334,11.6,0.6,10.488898563343492,6.0,0.0,5.0,18,40,45.0
2022,18,Japanese Grand Prix,TSU,AlphaTauri,13.0,13.0,0.0,Finished,28.0,13.0,110.65477272727274,1,32,2,14,16.2,16.333333333333332,13.4,0.2,10.488898563343492,10.488898563343492,0.0,-2.0,18,40,34.0
2022,18,Japanese Grand Prix,MAG,Haas F1 Team,14.0,18.0,0.0,Finished,28.0,18.0,110.9230909090909,1,19,8,14,15.0,14.333333333333334,13.6,0.4,10.488898563343492,10.488898563343492,0.0,1.5,18,18,31.0
2022,18,Japanese Grand Prix,BOT,Alfa Romeo,15.0,12.0,0.0,Finished,28.0,12.0,110.8106818181818,1,5,0,14,16.4,14.333333333333334,14.6,0.3,10.488898563343492,10.488898563343492,0.0,-1.0,18,40,50.0
2022,18,Japanese Grand Prix,ZHO,Alfa Romeo,16.0,14.0,0.0,Finished,28.0,14.0,111.7126956521739,1,35,0,14,14.6,15.333333333333334,13.8,0.4,10.488898563343492,15.0,0.0,1.0,18,18,50.0
2022,18,Japanese Grand Prix,MSC,Haas F1 Team,17.0,15.0,0.0,Finished,28.0,15.0,112.27439130434782,1,21,8,14,13.8,12.666666666666666,13.4,0.4,10.488898563343492,14.0,0.0,-1.5,18,40,31.0
2022,18,Japanese Grand Prix,GAS,AlphaTauri,18.0,17.0,0.0,Finished,28.0,17.0,110.8325,1,9,2,14,10.0,9.666666666666666,12.0,0.7,10.488898563343492,13.0,0.0,2.0,18,40,34.0
2022,18,Japanese Grand Prix,SAI,Ferrari,19.0,3.0,0.0,Accident,0.0,3.0,110.09945454545456,0,29,7,14,4.4,5.0,2.8,0.8,10.488898563343492,3.0,0.0,0.5,18,40,429.0
2022,18,Japanese Grand Prix,ALB,Williams,20.0,16.0,0.0,Hydraulics,0.0,16.0,110.09945454545456,0,0,15,14,13.8,13.0,13.8,0.4,10.488898563343492,9.0,0.0,-2.0,18,17,8.0
2022,19,United States Grand Prix,VER,Red Bull Racing,1.0,2.0,25.0,Finished,56.0,3.0,101.61436170212762,1,33,14,28,2.2,3.0,3.4,1.0,1.0,2.0,1.0,-0.5,19,41,630.0
2022,19,United States Grand Prix,HAM,Mercedes,2.0,3.0,18.0,Finished,56.0,5.0,102.34458333333336,1,12,11,28,8.6,6.333333333333333,8.2,0.9,2.0,4.0,2.0,-0.5,19,41,410.0
2022,19,United States Grand Prix,LEC,Ferrari,3.0,12.0,15.0,Finished,56.0,2.0,102.67026530612245,1,17,7,28,3.2,2.3333333333333335,6.2,0.9,4.0,5.5,-10.0,0.5,19,41,444.0
2022,19,United States Grand Prix,PER,Red Bull Racing,4.0,9.0,12.0,Finished,56.0,4.0,103.01308163265308,1,24,14,28,3.2,3.0,2.4,0.8,3.0,1.6666666666666667,-5.0,0.5,19,41,630.0
2022,19,United States Grand Prix,RUS,Mercedes,5.0,4.0,11.0,Finished,56.0,6.0,102.52495652173911,1,28,11,28,6.2,8.333333333333334,7.6,0.8,14.0,3.3333333333333335,2.0,0.5,19,41,410.0
2022,19,United States Grand Prix,NOR,McLaren,6.0,6.0,8.0,Finished,56.0,8.0,104.0023125,1,22,10,28,8.0,7.0,9.4,0.9,8.0,6.5,2.0,-4.5,19,41,131.0
2022,19,United States Grand Prix,ALO,Alpine,7.0,14.0,6.0,Finished,56.0,9.0,104.06879591836734,1,1,3,28,11.0,14.666666666666666,12.8,0.6,18.0,18.5,-5.0,-4.5,19,41,146.0
2022,19,United States Grand Prix,VET,Aston Martin,8.0,10.0,4.0,Finished,56.0,12.0,103.30570833333331,1,34,4,28,11.2,11.333333333333334,10.4,0.7,10.0,11.0,2.0,2.5,19,39,49.0
2022,19,United States Grand Prix,MAG,Haas F1 Team,9.0,13.0,2.0,Finished,56.0,16.0,104.18347916666669,1,19,8,28,14.6,14.0,14.4,0.5,10.488898563343492,16.5,3.0,-1.5,19,19,33.0
2022,19,United States Grand Prix,TSU,AlphaTauri,10.0,19.0,1.0,Finished,56.0,15.0,104.4135,1,32,2,28,15.0,14.0,14.0,0.3,9.0,14.5,-4.0,1.0,19,41,35.0
2022,19,United States Grand Prix,OCO,Alpine,11.0,0.0,0.0,Finished,56.0,18.0,104.24393750000002,1,23,3,28,9.4,10.333333333333334,10.4,0.7,19.0,14.666666666666666,18.0,4.5,19,41,146.0
2022,19,United States Grand Prix,ZHO,Alfa Romeo,12.0,18.0,0.0,Finished,56.0,14.0,104.13151063829788,1,35,0,28,15.2,15.333333333333334,15.0,0.5,10.488898563343492,10.488898563343492,-4.0,2.0,19,19,50.0
2022,19,United States Grand Prix,ALB,Williams,13.0,8.0,0.0,Finished,56.0,11.0,104.47764583333333,1,0,15,28,15.2,16.333333333333332,16.0,0.4,10.488898563343492,14.5,3.0,-4.5,19,18,8.0
2022,19,United States Grand Prix,GAS,AlphaTauri,14.0,11.0,0.0,Finished,56.0,13.0,103.82863829787232,1,9,2,28,11.2,12.0,13.2,0.7,20.0,13.0,2.0,-1.0,19,41,35.0
2022,19,United States Grand Prix,MSC,Haas F1 Team,15.0,16.0,0.0,Finished,56.0,19.0,104.40925,1,21,8,28,14.4,14.0,13.0,0.5,16.0,14.0,3.0,1.5,19,41,33.0
2022,19,United States Grand Prix,RIC,McLaren,16.0,15.0,0.0,Finished,56.0,17.0,104.55089361702127,1,27,10,28,13.0,11.0,7.2,0.7,5.0,6.333333333333333,2.0,4.5,19,41,131.0
2022,19,United States Grand Prix,LAT,Williams,17.0,17.0,0.0,Finished,56.0,20.0,105.3144375,1,15,15,28,15.8,14.333333333333334,15.6,0.3,15.0,14.0,3.0,4.5,19,41,8.0
2022,19,United States Grand Prix,STR,Aston Martin,18.0,5.0,0.0,Collision,21.0,7.0,105.15711764705884,0,31,4,28,11.4,12.0,8.0,0.7,12.0,10.0,2.0,-2.5,19,41,49.0
2022,19,United States Grand Prix,BOT,Alfa Romeo,19.0,7.0,0.0,Spun off,16.0,10.0,105.7689375,0,5,0,28,15.4,13.0,14.8,0.4,6.0,12.0,3.0,-2.0,19,41,50.0
2022,19,United States Grand Prix,SAI,Ferrari,20.0,1.0,0.0,Collision damage,1.0,1.0,115.016,0,29,7,28,7.4,8.666666666666666,6.0,0.8,7.0,4.666666666666667,0.0,-0.5,19,41,444.0
2022,20,Mexico City Grand Prix,VER,Red Bull Racing,1.0,1.0,25.0,Finished,71.0,1.0,83.077,1,33,14,16,2.2,3.0,3.0,1.0,1.0,2.0,0.0,-1.5,20,42,670.0
2022,20,Mexico City Grand Prix,HAM,Mercedes,2.0,3.0,18.0,Finished,71.0,3.0,83.2697857142857,1,12,11,16,5.0,5.333333333333333,6.8,0.9,2.0,8.5,0.0,0.5,20,42,441.0
2022,20,Mexico City Grand Prix,PER,Red Bull Racing,3.0,4.0,15.0,Finished,71.0,4.0,83.29697142857144,1,24,14,16,3.6,2.3333333333333335,1.8,0.9,3.0,1.6666666666666667,0.0,1.5,20,42,670.0
2022,20,Mexico City Grand Prix,RUS,Mercedes,4.0,2.0,13.0,Finished,71.0,2.0,83.41869565217392,1,28,11,16,6.4,9.0,4.4,0.8,16.0,6.333333333333333,0.0,-0.5,20,42,441.0
2022,20,Mexico City Grand Prix,SAI,Ferrari,5.0,5.0,10.0,Finished,71.0,5.0,83.87719999999999,1,29,7,16,10.8,14.0,9.6,0.7,6.0,5.5,0.0,-1.0,20,42,462.0
2022,20,Mexico City Grand Prix,LEC,Ferrari,6.0,7.0,8.0,Finished,71.0,7.0,84.05045714285713,1,17,7,16,2.6,2.6666666666666665,10.0,0.9,5.0,5.333333333333333,0.0,1.0,20,42,462.0
2022,20,Mexico City Grand Prix,RIC,McLaren,7.0,11.0,6.0,+1 Lap,70.0,11.0,84.59271014492755,0,27,10,16,13.2,10.666666666666666,9.6,0.7,12.0,11.0,0.0,1.5,20,42,139.0
2022,20,Mexico City Grand Prix,OCO,Alpine,8.0,10.0,4.0,+1 Lap,70.0,10.0,84.75043478260868,0,23,3,16,10.2,10.333333333333334,9.4,0.7,13.0,11.0,0.0,0.5,20,42,150.0
2022,20,Mexico City Grand Prix,NOR,McLaren,9.0,8.0,2.0,+1 Lap,70.0,8.0,84.80528985507247,0,22,10,16,6.8,6.666666666666667,10.0,0.9,10.0,9.666666666666666,0.0,-1.5,20,42,139.0
2022,20,Mexico City Grand Prix,BOT,Alfa Romeo,10.0,6.0,1.0,+1 Lap,70.0,6.0,84.84233333333333,0,5,0,16,15.4,15.0,16.4,0.3,15.0,10.488898563343492,0.0,-3.0,20,42,51.0
2022,20,Mexico City Grand Prix,GAS,AlphaTauri,11.0,14.0,0.0,+1 Lap,70.0,14.0,84.79291304347825,0,9,2,16,12.2,14.0,14.0,0.7,4.0,12.0,0.0,0.5,20,42,35.0
2022,20,Mexico City Grand Prix,ALB,Williams,12.0,17.0,0.0,+1 Lap,70.0,19.0,84.90923188405796,0,0,15,16,14.4,16.666666666666668,15.6,0.5,10.488898563343492,16.5,2.0,-0.5,20,19,8.0
2022,20,Mexico City Grand Prix,ZHO,Alfa Romeo,13.0,12.0,0.0,+1 Lap,70.0,12.0,85.05815942028984,0,35,0,16,14.8,16.0,14.4,0.5,10.488898563343492,10.0,0.0,3.0,20,20,51.0
2022,20,Mexico City Grand Prix,VET,Aston Martin,14.0,16.0,0.0,+1 Lap,70.0,17.0,85.10884057971015,0,34,4,16,11.2,7.333333333333333,10.4,0.7,7.0,10.5,1.0,-0.5,20,40,49.0
2022,20,Mexico City Grand Prix,STR,Aston Martin,15.0,20.0,0.0,+1 Lap,70.0,18.0,84.99070588235294,0,31,4,16,12.8,12.0,11.6,0.6,14.0,11.666666666666666,-2.0,0.5,20,42,49.0
2022,20,Mexico City Grand Prix,MSC,Haas F1 Team,16.0,15.0,0.0,+1 Lap,70.0,16.0,85.38278260869565,0,21,8,16,14.0,15.0,13.6,0.6,19.0,18.5,1.0,0.5,20,42,33.0
2022,20,Mexico City Grand Prix,MAG,Haas F1 Team,17.0,19.0,0.0,+1 Lap,70.0,15.0,85.39188405797101,0,19,8,16,13.2,11.666666666666666,14.2,0.5,10.488898563343492,17.666666666666668,-4.0,-0.5,20,20,33.0
2022,20,Mexico City Grand Prix,LAT,Williams,18.0,18.0,0.0,+2 Laps,69.0,20.0,85.9842985074627,0,15,15,16,15.6,15.0,14.2,0.3,17.0,15.0,2.0,0.5,20,42,8.0
2022,20,Mexico City Grand Prix,ALO,Alpine,19.0,9.0,0.0,Engine,63.0,9.0,84.61298387096774,0,1,3,16,11.4,10.666666666666666,7.4,0.6,9.0,10.0,0.0,-0.5,20,42,150.0
2022,20,Mexico City Grand Prix,TSU,AlphaTauri,20.0,13.0,0.0,Collision damage,50.0,13.0,84.80129166666667,0,32,2,16,14.4,12.666666666666666,13.2,0.4,20.0,11.666666666666666,0.0,-0.5,20,42,35.0
2022,21,São Paulo Grand Prix,RUS,Mercedes,1.0,1.0,26.0,Finished,71.0,3.0,76.05522807017543,1,28,11,26,6.8,5.666666666666667,4.2,0.9,13.0,2.0,2.0,-2.5,21,43,485.0
2022,21,São Paulo Grand Prix,HAM,Mercedes,2.0,2.0,18.0,Finished,71.0,8.0,76.24835087719298,1,12,11,26,4.6,3.0,2.8,0.9,1.0,1.6666666666666667,6.0,2.5,21,43,485.0
2022,21,São Paulo Grand Prix,SAI,Ferrari,3.0,7.0,15.0,Finished,71.0,5.0,75.91762500000002,1,29,7,26,10.2,14.666666666666666,10.6,0.7,6.0,5.5,-2.0,-2.5,21,43,489.0
2022,21,São Paulo Grand Prix,LEC,Ferrari,4.0,5.0,12.0,Finished,71.0,10.0,76.43652727272728,1,17,7,26,3.2,4.0,7.4,0.9,5.0,4.666666666666667,5.0,2.5,21,43,489.0
2022,21,São Paulo Grand Prix,ALO,Alpine,5.0,17.0,10.0,Finished,71.0,7.0,76.83756140350877,1,1,3,26,14.0,11.0,10.4,0.5,9.0,8.5,-10.0,0.5,21,43,164.0
2022,21,São Paulo Grand Prix,VER,Red Bull Racing,6.0,3.0,8.0,Finished,71.0,2.0,76.68975,1,33,14,26,2.2,1.0,2.2,1.0,2.0,3.0,-1.0,-3.5,21,43,684.0
2022,21,São Paulo Grand Prix,PER,Red Bull Racing,7.0,4.0,6.0,Finished,71.0,9.0,76.27405357142857,1,24,14,26,3.2,3.0,3.0,0.9,4.0,4.0,5.0,3.5,21,43,684.0
2022,21,São Paulo Grand Prix,OCO,Alpine,8.0,16.0,4.0,Finished,71.0,6.0,77.27598245614034,1,23,3,26,10.0,7.666666666666667,10.0,0.7,8.0,7.333333333333333,-10.0,-0.5,21,43,164.0
2022,21,São Paulo Grand Prix,BOT,Alfa Romeo,9.0,14.0,2.0,Finished,71.0,18.0,77.2903157894737,1,5,0,26,13.6,14.666666666666666,14.0,0.3,3.0,10.488898563343492,4.0,0.5,21,43,53.0
2022,21,São Paulo Grand Prix,STR,Aston Martin,10.0,15.0,1.0,Finished,71.0,15.0,77.84931034482759,1,31,4,26,13.8,15.0,13.4,0.5,20.0,15.5,0.0,1.0,21,43,50.0
2022,21,São Paulo Grand Prix,VET,Aston Martin,11.0,9.0,0.0,Finished,71.0,13.0,77.4013859649123,1,34,4,26,11.2,9.333333333333334,13.0,0.6,11.0,13.666666666666666,4.0,-1.0,21,41,50.0
2022,21,São Paulo Grand Prix,ZHO,Alfa Romeo,12.0,13.0,0.0,Finished,71.0,17.0,77.61615789473686,1,35,0,26,14.2,13.666666666666666,12.6,0.5,10.488898563343492,9.0,4.0,-0.5,21,21,53.0
2022,21,São Paulo Grand Prix,MSC,Haas F1 Team,13.0,12.0,0.0,Finished,71.0,20.0,77.61207017543857,1,21,8,26,14.6,16.0,14.8,0.5,18.0,17.5,8.0,9.5,21,43,33.0
2022,21,São Paulo Grand Prix,GAS,AlphaTauri,14.0,10.0,0.0,Finished,71.0,12.0,77.44773684210526,1,9,2,26,12.2,14.333333333333334,14.6,0.7,7.0,11.0,2.0,-3.5,21,43,35.0
2022,21,São Paulo Grand Prix,ALB,Williams,15.0,19.0,0.0,Finished,71.0,11.0,77.98003448275863,1,0,15,26,14.8,15.0,16.0,0.4,10.488898563343492,14.5,-8.0,-2.5,21,20,8.0
2022,21,São Paulo Grand Prix,LAT,Williams,16.0,18.0,0.0,Finished,71.0,16.0,77.76347368421052,1,15,15,26,15.6,14.666666666666666,15.0,0.2,16.0,14.666666666666666,-2.0,2.5,21,43,8.0
2022,21,São Paulo Grand Prix,TSU,AlphaTauri,17.0,0.0,0.0,+1 Lap,70.0,19.0,77.88857142857144,0,32,2,26,14.4,14.333333333333334,13.8,0.3,15.0,12.0,19.0,3.5,21,43,35.0
2022,21,São Paulo Grand Prix,NOR,McLaren,18.0,6.0,0.0,Gearbox,50.0,4.0,77.48069047619049,0,22,10,26,7.2,8.333333333333334,9.8,0.8,10.0,14.5,-2.0,-5.0,21,43,139.0
2022,21,São Paulo Grand Prix,MAG,Haas F1 Team,19.0,8.0,0.0,Collision,0.0,1.0,77.34585087719299,0,19,8,26,13.6,13.333333333333334,14.0,0.4,10.488898563343492,16.0,-7.0,-9.5,21,21,33.0
2022,21,São Paulo Grand Prix,RIC,McLaren,20.0,11.0,0.0,Collision,0.0,14.0,77.34585087719299,0,27,10,26,11.2,11.333333333333334,11.2,0.6,19.0,15.666666666666666,3.0,5.0,21,43,139.0
2022,22,Abu Dhabi Grand Prix,VER,Red Bull Racing,1.0,1.0,25.0,Finished,58.0,1.0,90.43363157894736,1,33,14,0,3.2,2.6666666666666665,4.2,1.0,1.0,8.0,0.0,-0.5,22,44,724.0
2022,22,Abu Dhabi Grand Prix,LEC,Ferrari,2.0,3.0,18.0,Finished,58.0,3.0,90.58743859649124,1,17,7,0,3.6,4.333333333333333,7.6,0.9,10.0,6.5,0.0,-0.5,22,44,519.0
2022,22,Abu Dhabi Grand Prix,PER,Red Bull Racing,3.0,2.0,15.0,Finished,58.0,2.0,90.25719642857143,1,24,14,0,3.4,4.666666666666667,3.6,1.0,15.0,5.666666666666667,0.0,0.5,22,44,724.0
2022,22,Abu Dhabi Grand Prix,SAI,Ferrari,4.0,4.0,12.0,Finished,58.0,4.0,90.54083928571428,1,29,7,0,10.0,9.333333333333334,4.0,0.8,3.0,5.0,0.0,0.5,22,44,519.0
2022,22,Abu Dhabi Grand Prix,RUS,Mercedes,5.0,6.0,10.0,Finished,58.0,6.0,90.60444642857144,1,28,11,0,6.4,3.3333333333333335,2.8,0.9,18.0,4.0,0.0,0.5,22,44,495.0
2022,22,Abu Dhabi Grand Prix,NOR,McLaren,6.0,7.0,9.0,Finished,58.0,7.0,91.08098214285714,1,22,10,0,9.4,11.0,14.0,0.8,7.0,9.5,0.0,-1.5,22,44,150.0
2022,22,Abu Dhabi Grand Prix,OCO,Alpine,7.0,8.0,6.0,Finished,58.0,8.0,91.0959107142857,1,23,3,0,9.4,9.0,10.2,0.7,9.0,8.5,0.0,-1.5,22,44,170.0
2022,22,Abu Dhabi Grand Prix,STR,Aston Martin,8.0,14.0,4.0,Finished,58.0,14.0,91.468,1,31,4,0,12.2,14.333333333333334,13.6,0.6,13.0,12.0,0.0,2.5,22,44,55.0
2022,22,Abu Dhabi Grand Prix,RIC,McLaren,9.0,13.0,2.0,Finished,58.0,10.0,91.87710526315789,1,27,10,0,11.8,14.333333333333334,12.0,0.6,12.0,8.333333333333334,-3.0,1.5,22,44,150.0
2022,22,Abu Dhabi Grand Prix,VET,Aston Martin,10.0,9.0,1.0,Finished,58.0,9.0,91.86405263157891,1,34,4,0,9.4,11.0,11.6,0.7,11.0,10.666666666666666,0.0,-2.5,22,42,55.0
2022,22,Abu Dhabi Grand Prix,TSU,AlphaTauri,11.0,11.0,0.0,Finished,58.0,12.0,91.63064285714285,1,32,2,0,15.0,15.666666666666666,15.2,0.3,4.0,4.5,1.0,-2.5,22,44,35.0
2022,22,Abu Dhabi Grand Prix,ZHO,Alfa Romeo,12.0,15.0,0.0,+1 Lap,57.0,15.0,91.99405454545456,0,35,0,0,14.6,12.333333333333334,12.6,0.6,10.488898563343492,10.488898563343492,0.0,-1.5,22,22,53.0
2022,22,Abu Dhabi Grand Prix,ALB,Williams,13.0,19.0,0.0,+1 Lap,57.0,19.0,92.06112727272726,0,0,15,0,15.4,13.333333333333334,15.6,0.5,10.488898563343492,17.0,0.0,-0.5,22,21,8.0
2022,22,Abu Dhabi Grand Prix,GAS,AlphaTauri,14.0,17.0,0.0,+1 Lap,57.0,17.0,92.41196428571428,0,9,2,0,13.4,13.0,14.6,0.8,5.0,6.666666666666667,0.0,2.5,22,44,35.0
2022,22,Abu Dhabi Grand Prix,BOT,Alfa Romeo,15.0,18.0,0.0,+1 Lap,57.0,18.0,92.540875,0,5,0,0,12.8,12.666666666666666,11.2,0.4,6.0,12.0,0.0,1.5,22,44,53.0
2022,22,Abu Dhabi Grand Prix,MSC,Haas F1 Team,16.0,12.0,0.0,+1 Lap,57.0,13.0,92.34130909090908,0,21,8,0,14.8,14.666666666666666,16.0,0.6,14.0,14.0,1.0,-1.5,22,44,33.0
2022,22,Abu Dhabi Grand Prix,MAG,Haas F1 Team,17.0,16.0,0.0,+1 Lap,57.0,16.0,92.92096428571428,0,19,8,0,14.2,15.0,16.2,0.4,10.488898563343492,15.0,0.0,1.5,22,22,33.0
2022,22,Abu Dhabi Grand Prix,HAM,Mercedes,18.0,5.0,0.0,Hydraulics,55.0,5.0,90.91539622641508,0,12,11,0,4.0,2.0,2.8,0.9,2.0,4.333333333333333,0.0,-0.5,22,44,495.0
2022,22,Abu Dhabi Grand Prix,LAT,Williams,19.0,20.0,0.0,Collision damage,55.0,20.0,92.65741176470588,0,15,15,0,15.8,17.0,14.8,0.3,16.0,15.666666666666666,0.0,0.5,22,44,8.0
2022,22,Abu Dhabi Grand Prix,ALO,Alpine,20.0,10.0,0.0,Water leak,27.0,11.0,93.09462962962962,0,1,3,0,11.2,10.333333333333334,9.4,0.6,8.0,8.0,1.0,1.5,22,44,170.0
2023,1,Bahrain Grand Prix,VER,Red Bull Racing,1.0,1.0,25.0,Finished,57.0,1.0,97.76616666666666,1,33,14,4,2.0,2.6666666666666665,4.0,1.0,10.5,11.0,0.0,-0.5,1,45,43.0
2023,1,Bahrain Grand Prix,PER,Red Bull Racing,2.0,2.0,18.0,Finished,57.0,2.0,97.91887037037036,1,24,14,4,3.8,4.333333333333333,3.6,1.0,11.5,9.0,0.0,0.5,1,45,43.0
2023,1,Bahrain Grand Prix,ALO,Aston Martin,3.0,5.0,15.0,Finished,57.0,5.0,98.7085090909091,1,1,4,4,11.6,14.666666666666666,10.8,0.5,14.0,13.5,0.0,-1.5,1,45,23.0
2023,1,Bahrain Grand Prix,SAI,Ferrari,4.0,4.0,12.0,Finished,57.0,4.0,98.53433333333334,1,29,7,4,10.2,4.0,3.8,0.8,5.0,4.25,0.0,0.5,1,45,12.0
2023,1,Bahrain Grand Prix,HAM,Mercedes,5.0,7.0,10.0,Finished,57.0,7.0,98.56555555555556,1,12,11,4,5.8,7.333333333333333,6.0,0.8,2.0,2.75,0.0,0.5,1,45,16.0
2023,1,Bahrain Grand Prix,STR,Aston Martin,6.0,8.0,8.0,Finished,57.0,8.0,98.9918727272727,1,31,4,4,12.6,11.0,8.4,0.6,11.0,11.4,0.0,1.5,1,45,23.0
2023,1,Bahrain Grand Prix,RUS,Mercedes,7.0,6.0,6.0,Finished,57.0,6.0,98.63616666666668,1,28,11,4,4.6,3.3333333333333335,6.2,0.9,9.0,3.2,0.0,-0.5,1,45,16.0
2023,1,Bahrain Grand Prix,BOT,Alfa Romeo,8.0,12.0,4.0,Finished,57.0,12.0,99.47358181818184,1,5,0,4,13.6,11.333333333333334,12.2,0.3,4.5,8.0,0.0,-0.5,1,45,4.0
2023,1,Bahrain Grand Prix,GAS,Alpine,9.0,20.0,2.0,Finished,57.0,20.0,98.91257407407409,1,9,3,4,14.2,13.0,11.8,0.7,18.5,12.0,0.0,5.5,1,45,2.0
2023,1,Bahrain Grand Prix,ALB,Williams,10.0,15.0,1.0,Finished,57.0,15.0,99.23214814814811,1,0,15,4,14.6,13.333333333333334,16.2,0.5,13.0,15.25,0.0,-0.5,1,22,1.0
2023,1,Bahrain Grand Prix,TSU,AlphaTauri,11.0,14.0,0.0,Finished,57.0,14.0,99.1977962962963,1,32,2,4,14.2,16.0,15.2,0.4,8.5,13.5,0.0,-2.5,1,45,0.0
2023,1,Bahrain Grand Prix,SAR,Williams,12.0,16.0,0.0,Lapped,56.0,16.0,99.48490566037736,0,30,15,4,10.488898563343492,10.488898563343492,14.6,0.85,10.488898563343492,14.2,0.0,0.5,1,1,1.0
2023,1,Bahrain Grand Prix,MAG,Haas F1 Team,13.0,17.0,0.0,Lapped,56.0,17.0,99.80049056603772,0,19,8,4,15.2,17.666666666666668,16.4,0.4,5.0,13.0,0.0,3.5,1,23,0.0
2023,1,Bahrain Grand Prix,DEV,AlphaTauri,14.0,19.0,0.0,Lapped,56.0,19.0,100.3331851851852,0,7,2,4,9.0,9.0,13.4,1.0,10.488898563343492,13.0,0.0,2.5,1,2,0.0
2023,1,Bahrain Grand Prix,HUL,Haas F1 Team,15.0,10.0,0.0,Lapped,56.0,10.0,99.63690566037737,0,13,8,4,14.5,14.5,15.6,1.0,17.0,13.0,0.0,-3.5,1,3,0.0
2023,1,Bahrain Grand Prix,ZHO,Alfa Romeo,16.0,13.0,0.0,Lapped,56.0,13.0,100.13116981132076,0,35,0,4,13.0,12.333333333333334,11.2,0.6,10.0,8.0,0.0,0.5,1,23,4.0
2023,1,Bahrain Grand Prix,NOR,McLaren,17.0,11.0,0.0,Lapped,55.0,11.0,98.93358333333332,0,22,10,4,9.8,11.0,12.4,0.8,9.5,10.0,0.0,-3.5,1,45,0.0
2023,1,Bahrain Grand Prix,OCO,Alpine,18.0,9.0,0.0,Retired,41.0,9.0,99.91243243243244,0,23,3,4,7.6,7.666666666666667,9.8,0.7,10.0,11.4,0.0,-5.5,1,45,2.0
2023,1,Bahrain Grand Prix,LEC,Ferrari,19.0,3.0,0.0,Retired,39.0,3.0,98.59110810810812,0,17,7,4,3.6,4.0,3.4,1.0,3.5,4.2,0.0,-0.5,1,45,12.0
2023,1,Bahrain Grand Prix,PIA,McLaren,20.0,18.0,0.0,Retired,13.0,18.0,101.7095,0,25,10,4,10.488898563343492,10.488898563343492,14.0,0.85,10.488898563343492,11.4,0.0,3.5,1,1,0.0
2023,2,Saudi Arabian Grand Prix,PER,Red Bull Racing,1.0,1.0,25.0,Finished,50.0,1.0,93.54051063829786,1,24,14,22,3.8,4.0,2.8,1.0,10.5,6.0,0.0,-7.0,2,46,87.0
2023,2,Saudi Arabian Grand Prix,VER,Red Bull Racing,2.0,15.0,19.0,Finished,50.0,15.0,94.08789361702128,1,33,14,22,2.0,2.6666666666666665,1.6,1.0,1.5,5.0,0.0,7.0,2,46,87.0
2023,2,Saudi Arabian Grand Prix,ALO,Aston Martin,3.0,2.0,15.0,Finished,50.0,3.0,94.0957234042553,1,1,4,22,10.8,9.333333333333334,7.6,0.6,14.5,13.0,1.0,-1.5,2,46,38.0
2023,2,Saudi Arabian Grand Prix,RUS,Mercedes,4.0,3.0,12.0,Finished,50.0,4.0,94.37191489361705,1,28,11,22,4.4,4.333333333333333,7.4,0.9,12.0,4.75,1.0,-2.0,2,46,38.0
2023,2,Saudi Arabian Grand Prix,HAM,Mercedes,5.0,7.0,10.0,Finished,50.0,8.0,94.76880851063832,1,12,11,22,5.8,8.333333333333334,7.8,0.8,5.5,4.6,1.0,2.0,2,46,38.0
2023,2,Saudi Arabian Grand Prix,SAI,Ferrari,6.0,4.0,8.0,Finished,50.0,5.0,95.2564680851064,1,29,7,22,7.2,3.6666666666666665,6.6,0.8,5.5,5.0,1.0,1.5,2,46,26.0
2023,2,Saudi Arabian Grand Prix,LEC,Ferrari,7.0,12.0,6.0,Finished,50.0,2.0,94.94217391304346,1,17,7,22,6.8,8.333333333333334,7.0,0.9,4.5,5.2,-10.0,-1.5,2,46,26.0
2023,2,Saudi Arabian Grand Prix,OCO,Alpine,8.0,6.0,4.0,Finished,50.0,7.0,95.24878260869563,1,23,3,22,10.4,11.0,12.4,0.7,5.0,9.75,1.0,-1.5,2,46,8.0
2023,2,Saudi Arabian Grand Prix,GAS,Alpine,9.0,9.0,2.0,Finished,50.0,10.0,95.98053191489362,1,9,3,22,12.4,12.333333333333334,12.4,0.8,7.0,9.4,1.0,1.5,2,46,8.0
2023,2,Saudi Arabian Grand Prix,MAG,Haas F1 Team,10.0,13.0,1.0,Finished,50.0,13.0,96.24157446808508,1,19,8,22,15.0,16.333333333333332,16.0,0.4,9.0,15.666666666666666,0.0,1.0,2,24,1.0
2023,2,Saudi Arabian Grand Prix,TSU,AlphaTauri,11.0,16.0,0.0,Finished,50.0,16.0,95.87321276595743,1,32,2,22,13.8,13.0,13.4,0.5,16.5,11.75,0.0,-1.0,2,46,0.0
2023,2,Saudi Arabian Grand Prix,HUL,Haas F1 Team,12.0,10.0,0.0,Finished,50.0,11.0,96.48193617021276,1,13,8,22,14.666666666666666,14.666666666666666,14.2,0.6666666666666666,12.0,14.25,1.0,-1.0,2,4,1.0
2023,2,Saudi Arabian Grand Prix,ZHO,Alfa Romeo,13.0,11.0,0.0,Finished,50.0,12.0,96.09678260869566,1,35,0,22,13.0,13.333333333333334,12.6,0.6,11.0,13.0,1.0,-1.0,2,24,4.0
2023,2,Saudi Arabian Grand Prix,DEV,AlphaTauri,14.0,18.0,0.0,Finished,50.0,18.0,96.36576595744684,1,7,2,22,11.5,11.5,12.2,0.5,10.488898563343492,11.6,0.0,1.0,2,3,0.0
2023,2,Saudi Arabian Grand Prix,PIA,McLaren,15.0,8.0,0.0,Finished,50.0,9.0,96.24763043478262,1,25,10,22,20.0,20.0,14.4,0.0,10.488898563343492,9.75,1.0,-5.0,2,2,0.0
2023,2,Saudi Arabian Grand Prix,SAR,Williams,16.0,20.0,0.0,Finished,50.0,20.0,96.54051063829787,1,30,15,22,12.0,12.0,14.0,0.0,10.488898563343492,15.75,0.0,1.5,2,2,1.0
2023,2,Saudi Arabian Grand Prix,NOR,McLaren,17.0,19.0,0.0,Finished,50.0,19.0,96.11666666666666,1,22,10,22,11.2,13.666666666666666,13.4,0.7,8.5,10.8,0.0,5.0,2,46,0.0
2023,2,Saudi Arabian Grand Prix,BOT,Alfa Romeo,18.0,14.0,0.0,Lapped,49.0,14.0,97.5664888888889,0,5,0,22,12.2,10.666666666666666,12.8,0.4,9.0,13.0,0.0,1.0,2,46,4.0
2023,2,Saudi Arabian Grand Prix,ALB,Williams,19.0,17.0,0.0,Retired,27.0,17.0,97.58521739130433,0,0,15,22,12.6,12.666666666666666,14.0,0.5,14.0,15.8,0.0,-1.5,2,23,1.0
2023,2,Saudi Arabian Grand Prix,STR,Aston Martin,20.0,5.0,0.0,Retired,16.0,6.0,97.324,0,31,4,22,11.4,8.0,6.0,0.7,12.0,11.0,1.0,1.5,2,46,38.0
2023,3,Australian Grand Prix,VER,Red Bull Racing,1.0,1.0,25.0,Finished,58.0,1.0,82.46829787234041,1,33,14,1,2.2,1.3333333333333333,1.8,1.0,18.0,10.0,0.0,-9.5,3,47,123.0
2023,3,Australian Grand Prix,HAM,Mercedes,2.0,3.0,18.0,Finished,58.0,3.0,82.64008695652173,1,12,11,1,6.4,9.333333333333334,7.8,0.9,4.0,3.5,0.0,0.5,3,47,56.0
2023,3,Australian Grand Prix,ALO,Aston Martin,3.0,4.0,15.0,Finished,58.0,4.0,82.78412765957447,1,1,4,1,10.0,8.666666666666666,8.4,0.6,17.0,15.5,0.0,-1.0,3,47,65.0
2023,3,Australian Grand Prix,STR,Aston Martin,4.0,6.0,12.0,Finished,58.0,6.0,82.78547826086955,1,31,4,1,11.8,11.333333333333334,7.0,0.6,12.0,11.333333333333334,0.0,1.0,3,47,65.0
2023,3,Australian Grand Prix,PER,Red Bull Racing,5.0,20.0,11.0,Finished,58.0,20.0,82.76415217391305,1,24,14,1,3.2,2.0,1.4,1.0,2.0,7.0,0.0,9.5,3,47,123.0
2023,3,Australian Grand Prix,NOR,McLaren,6.0,13.0,8.0,Finished,58.0,13.0,83.02302173913043,1,22,10,1,13.4,13.333333333333334,15.6,0.7,5.0,5.5,0.0,-1.5,3,47,12.0
2023,3,Australian Grand Prix,HUL,Haas F1 Team,7.0,10.0,6.0,Finished,58.0,10.0,82.74446666666667,1,13,8,1,14.0,13.0,13.4,0.75,10.488898563343492,13.5,0.0,-2.0,3,5,7.0
2023,3,Australian Grand Prix,PIA,McLaren,8.0,16.0,4.0,Finished,58.0,16.0,83.41180434782609,1,25,10,1,17.5,17.5,15.0,0.5,10.488898563343492,5.666666666666667,0.0,1.5,3,3,12.0
2023,3,Australian Grand Prix,ZHO,Alfa Romeo,9.0,17.0,2.0,Finished,58.0,17.0,83.81082608695652,1,35,0,1,13.2,13.666666666666666,14.0,0.6,11.0,9.5,0.0,-1.0,3,25,6.0
2023,3,Australian Grand Prix,TSU,AlphaTauri,10.0,12.0,1.0,Finished,58.0,12.0,84.02106521739128,1,32,2,1,14.0,11.0,12.8,0.5,15.0,12.0,0.0,-1.5,3,47,1.0
2023,3,Australian Grand Prix,BOT,Alfa Romeo,11.0,19.0,0.0,Finished,58.0,19.0,84.07211111111111,1,5,0,1,12.0,13.666666666666666,12.8,0.4,8.0,9.333333333333334,0.0,1.0,3,47,6.0
2023,3,Australian Grand Prix,SAI,Ferrari,12.0,5.0,0.0,Finished,58.0,5.0,82.5940652173913,1,29,7,1,4.4,4.666666666666667,8.0,0.8,20.0,10.5,0.0,-1.0,3,47,26.0
2023,3,Australian Grand Prix,GAS,Alpine,13.0,9.0,0.0,Retired,56.0,9.0,82.74600000000001,0,9,3,1,11.4,10.666666666666666,12.8,0.8,9.0,12.0,0.0,-1.0,3,47,8.0
2023,3,Australian Grand Prix,OCO,Alpine,14.0,11.0,0.0,Retired,56.0,11.0,83.11528260869567,0,23,3,1,9.8,11.0,11.4,0.7,7.0,12.333333333333334,0.0,1.0,3,47,8.0
2023,3,Australian Grand Prix,DEV,AlphaTauri,15.0,15.0,0.0,Retired,56.0,15.0,84.83055555555555,0,7,2,1,12.333333333333334,12.333333333333334,12.0,0.6666666666666666,10.488898563343492,11.333333333333334,0.0,1.5,3,4,1.0
2023,3,Australian Grand Prix,SAR,Williams,16.0,18.0,0.0,Retired,56.0,18.0,84.68266666666668,0,30,15,1,14.0,14.0,15.2,0.5,10.488898563343492,13.0,0.0,5.0,3,3,1.0
2023,3,Australian Grand Prix,MAG,Haas F1 Team,17.0,14.0,0.0,Retired,52.0,14.0,83.66786666666668,0,19,8,1,15.2,13.333333333333334,11.4,0.5,14.0,11.333333333333334,0.0,2.0,3,25,7.0
2023,3,Australian Grand Prix,RUS,Mercedes,18.0,2.0,0.0,Retired,17.0,2.0,85.9425,0,28,11,1,4.2,5.333333333333333,4.6,0.9,3.0,3.0,0.0,-0.5,3,47,56.0
2023,3,Australian Grand Prix,ALB,Williams,19.0,8.0,0.0,Retired,6.0,8.0,89.422,0,0,15,1,13.8,14.0,14.6,0.5,10.0,14.0,0.0,-5.0,3,24,1.0
2023,3,Australian Grand Prix,LEC,Ferrari,20.0,7.0,0.0,Retired,0.0,7.0,83.11528260869567,0,17,7,1,7.6,9.333333333333334,9.6,0.9,1.0,11.0,0.0,1.0,3,47,26.0
2023,4,Azerbaijan Grand Prix,PER,Red Bull Racing,1.0,3.0,25.0,Finished,51.0,3.0,105.78554166666667,1,24,14,3,3.6,2.6666666666666665,2.2,1.0,1.5,5.5,0.0,0.5,4,48,166.0
2023,4,Azerbaijan Grand Prix,VER,Red Bull Racing,2.0,2.0,18.0,Finished,51.0,2.0,105.89039583333332,1,33,14,3,2.2,1.3333333333333333,2.0,1.0,9.5,4.6,0.0,-0.5,4,48,166.0
2023,4,Azerbaijan Grand Prix,LEC,Ferrari,3.0,1.0,15.0,Finished,51.0,1.0,106.289375,1,17,7,3,10.4,15.333333333333334,12.8,0.8,11.5,12.75,0.0,-1.5,4,48,51.0
2023,4,Azerbaijan Grand Prix,ALO,Aston Martin,4.0,6.0,12.0,Finished,51.0,6.0,106.42256249999998,1,1,4,3,6.8,3.0,7.2,0.6,6.5,10.75,0.0,-1.5,4,48,83.0
2023,4,Azerbaijan Grand Prix,SAI,Ferrari,5.0,4.0,10.0,Finished,51.0,4.0,106.84575,1,29,7,3,5.8,7.333333333333333,9.6,0.8,14.0,10.8,0.0,1.5,4,48,51.0
2023,4,Azerbaijan Grand Prix,HAM,Mercedes,6.0,5.0,8.0,Finished,51.0,5.0,106.96955319148935,1,12,11,3,6.4,4.0,7.2,0.9,9.5,8.5,0.0,-3.0,4,48,69.0
2023,4,Azerbaijan Grand Prix,STR,Aston Martin,7.0,9.0,6.0,Finished,51.0,9.0,107.0551875,1,31,4,3,9.6,10.0,6.8,0.6,17.5,9.4,0.0,1.5,4,48,83.0
2023,4,Azerbaijan Grand Prix,RUS,Mercedes,8.0,11.0,5.0,Finished,51.0,11.0,107.59704166666668,1,28,11,3,7.0,9.666666666666666,7.0,0.8,10.0,8.0,0.0,3.0,4,48,69.0
2023,4,Azerbaijan Grand Prix,NOR,McLaren,9.0,7.0,2.0,Finished,51.0,7.0,107.78127659574469,1,22,10,3,12.8,13.333333333333334,13.2,0.7,7.0,7.75,0.0,-1.5,4,48,14.0
2023,4,Azerbaijan Grand Prix,TSU,AlphaTauri,10.0,8.0,1.0,Finished,51.0,8.0,108.5199375,1,32,2,3,12.0,10.666666666666666,12.8,0.6,10.0,7.0,0.0,-6.0,4,48,2.0
2023,4,Azerbaijan Grand Prix,PIA,McLaren,11.0,10.0,0.0,Finished,51.0,10.0,108.63570833333334,1,25,10,3,14.333333333333334,14.333333333333334,11.0,0.6666666666666666,10.488898563343492,8.0,0.0,1.5,4,4,14.0
2023,4,Azerbaijan Grand Prix,ALB,Williams,12.0,12.0,0.0,Finished,51.0,13.0,108.71691666666668,1,0,15,3,15.2,16.0,16.4,0.4,12.0,15.0,1.0,-1.0,4,25,1.0
2023,4,Azerbaijan Grand Prix,MAG,Haas F1 Team,13.0,16.0,0.0,Finished,51.0,18.0,108.3506875,1,19,8,3,15.2,13.333333333333334,12.2,0.4,17.0,14.5,2.0,0.5,4,26,7.0
2023,4,Azerbaijan Grand Prix,GAS,Alpine,14.0,17.0,0.0,Finished,51.0,19.0,108.79472916666668,1,9,3,3,11.8,10.333333333333334,12.4,0.7,4.0,10.75,2.0,3.5,4,48,8.0
2023,4,Azerbaijan Grand Prix,OCO,Alpine,15.0,19.0,0.0,Finished,51.0,12.0,108.52410416666667,1,23,3,3,11.0,13.333333333333334,11.6,0.6,15.0,11.4,-7.0,-3.5,4,48,8.0
2023,4,Azerbaijan Grand Prix,SAR,Williams,16.0,14.0,0.0,Finished,51.0,15.0,109.46857142857142,1,30,15,3,14.666666666666666,14.666666666666666,16.4,0.3333333333333333,10.488898563343492,14.4,1.0,1.0,4,4,1.0
2023,4,Azerbaijan Grand Prix,HUL,Haas F1 Team,17.0,20.0,0.0,Lapped,50.0,17.0,108.97536170212764,0,13,8,3,12.6,11.333333333333334,11.8,0.8,10.488898563343492,14.2,-3.0,-0.5,4,6,7.0
2023,4,Azerbaijan Grand Prix,BOT,Alfa Romeo,18.0,13.0,0.0,Lapped,50.0,14.0,109.69806382978722,0,5,0,3,12.2,12.333333333333334,13.4,0.5,11.5,14.5,1.0,-1.0,4,48,6.0
2023,4,Azerbaijan Grand Prix,ZHO,Alfa Romeo,19.0,15.0,0.0,Retired,36.0,16.0,109.20451515151514,0,35,0,3,12.4,12.666666666666666,13.8,0.6,18.0,15.666666666666666,1.0,1.0,4,26,6.0
2023,4,Azerbaijan Grand Prix,DEV,AlphaTauri,20.0,18.0,0.0,Retired,9.0,20.0,110.627,0,7,2,3,13.0,14.333333333333334,12.0,0.5,10.488898563343492,7.6,2.0,6.0,4,5,2.0
2023,5,Miami Grand Prix,VER,Red Bull Racing,1.0,9.0,26.0,Finished,57.0,9.0,92.24984210526316,1,33,14,17,1.4,1.6666666666666667,2.2,1.0,1.0,2.5,0.0,4.0,5,49,210.0
2023,5,Miami Grand Prix,PER,Red Bull Racing,2.0,1.0,18.0,Finished,57.0,1.0,92.34429824561404,1,24,14,17,2.4,2.3333333333333335,2.0,1.0,4.0,2.0,0.0,-4.0,5,49,210.0
2023,5,Miami Grand Prix,ALO,Aston Martin,3.0,2.0,15.0,Finished,57.0,2.0,92.71133333333334,1,1,4,17,6.6,3.3333333333333335,7.6,0.7,11.0,13.5,0.0,-8.0,5,49,98.0
2023,5,Miami Grand Prix,RUS,Mercedes,4.0,6.0,12.0,Finished,57.0,6.0,92.83280701754389,1,28,11,17,8.4,10.0,7.8,0.8,5.0,5.5,0.0,-3.5,5,49,89.0
2023,5,Miami Grand Prix,SAI,Ferrari,5.0,3.0,10.0,Finished,57.0,3.0,92.9079298245614,1,29,7,17,6.2,7.666666666666667,9.4,0.8,3.0,2.5,0.0,-2.0,5,49,67.0
2023,5,Miami Grand Prix,HAM,Mercedes,6.0,13.0,8.0,Finished,57.0,13.0,93.14894736842103,1,12,11,17,7.2,4.333333333333333,7.6,0.9,6.0,5.0,0.0,3.5,5,49,89.0
2023,5,Miami Grand Prix,LEC,Ferrari,7.0,7.0,6.0,Finished,57.0,7.0,93.17945614035088,1,17,7,17,10.2,10.0,9.0,0.8,2.0,3.3333333333333335,0.0,2.0,5,49,67.0
2023,5,Miami Grand Prix,GAS,Alpine,8.0,5.0,4.0,Finished,57.0,5.0,93.22650877192982,1,9,3,17,11.8,12.0,13.0,0.7,18.0,9.5,0.0,-1.5,5,49,14.0
2023,5,Miami Grand Prix,OCO,Alpine,9.0,8.0,2.0,Finished,57.0,8.0,93.26954385964912,1,23,3,17,12.4,12.333333333333334,12.8,0.6,8.0,9.0,0.0,1.5,5,49,14.0
2023,5,Miami Grand Prix,MAG,Haas F1 Team,10.0,4.0,1.0,Finished,57.0,4.0,93.3541403508772,1,19,8,17,14.0,13.333333333333334,13.2,0.5,16.0,15.5,0.0,-4.0,5,27,8.0
2023,5,Miami Grand Prix,TSU,AlphaTauri,11.0,17.0,0.0,Finished,57.0,17.0,93.3780701754386,1,32,2,17,10.6,10.333333333333334,13.8,0.7,12.0,15.0,0.0,1.0,5,49,2.0
2023,5,Miami Grand Prix,STR,Aston Martin,12.0,18.0,0.0,Finished,57.0,18.0,93.38587719298243,1,31,4,17,9.0,10.333333333333334,4.2,0.7,10.0,10.0,0.0,8.0,5,49,98.0
2023,5,Miami Grand Prix,BOT,Alfa Romeo,13.0,10.0,0.0,Finished,57.0,10.0,93.50663157894736,1,5,0,17,14.0,15.666666666666666,15.0,0.5,7.0,13.5,0.0,-2.0,5,49,6.0
2023,5,Miami Grand Prix,ALB,Williams,14.0,11.0,0.0,Finished,57.0,11.0,93.52810526315793,1,0,15,17,14.6,16.666666666666668,16.4,0.4,9.0,11.5,0.0,-4.5,5,26,1.0
2023,5,Miami Grand Prix,HUL,Haas F1 Team,15.0,12.0,0.0,Finished,57.0,12.0,93.5647543859649,1,13,8,17,12.6,12.0,12.8,0.6666666666666666,10.488898563343492,13.666666666666666,0.0,4.0,5,7,8.0
2023,5,Miami Grand Prix,ZHO,Alfa Romeo,16.0,14.0,0.0,Finished,57.0,14.0,93.62598245614036,1,35,0,17,13.8,13.666666666666666,14.0,0.5,20.0,13.333333333333334,0.0,2.0,5,27,6.0
2023,5,Miami Grand Prix,NOR,McLaren,17.0,16.0,0.0,Finished,57.0,16.0,93.78873684210524,1,22,10,17,11.0,10.666666666666666,10.2,0.7,19.0,16.0,0.0,-1.5,5,49,14.0
2023,5,Miami Grand Prix,DEV,AlphaTauri,18.0,15.0,0.0,Finished,57.0,15.0,93.810350877193,1,7,2,17,14.4,16.333333333333332,13.2,0.4,10.488898563343492,13.666666666666666,0.0,-1.0,5,6,2.0
2023,5,Miami Grand Prix,PIA,McLaren,19.0,19.0,0.0,Lapped,56.0,19.0,94.26341071428573,0,25,10,17,13.5,11.333333333333334,10.2,0.75,10.488898563343492,16.333333333333332,0.0,1.5,5,5,14.0
2023,5,Miami Grand Prix,SAR,Williams,20.0,20.0,0.0,Lapped,56.0,20.0,93.76370909090907,0,30,15,17,15.0,16.0,15.4,0.5,10.488898563343492,12.333333333333334,0.0,4.5,5,5,1.0
2023,6,Monaco Grand Prix,VER,Red Bull Racing,1.0,1.0,25.0,Finished,78.0,1.0,79.71618750000002,1,33,14,18,1.4,1.3333333333333333,2.2,1.0,2.0,2.25,0.0,-9.5,6,50,235.0
2023,6,Monaco Grand Prix,ALO,Aston Martin,2.0,2.0,18.0,Finished,78.0,2.0,80.003203125,1,1,4,18,3.2,3.3333333333333335,6.0,0.8,10.0,9.25,0.0,-6.0,6,50,116.0
2023,6,Monaco Grand Prix,OCO,Alpine,3.0,3.0,15.0,Finished,78.0,4.0,80.13650793650794,1,23,3,18,12.8,12.666666666666666,12.0,0.7,10.5,10.25,1.0,-1.5,6,50,35.0
2023,6,Monaco Grand Prix,HAM,Mercedes,4.0,5.0,13.0,Finished,78.0,6.0,80.1797619047619,1,12,11,18,4.8,4.666666666666667,8.4,0.9,7.5,9.75,1.0,-1.0,6,50,112.0
2023,6,Monaco Grand Prix,RUS,Mercedes,5.0,8.0,10.0,Finished,78.0,8.0,80.43903125,1,28,11,18,8.2,10.0,5.6,0.9,9.5,8.6,0.0,1.0,6,50,112.0
2023,6,Monaco Grand Prix,LEC,Ferrari,6.0,6.0,8.0,Finished,78.0,3.0,80.19819354838711,1,17,7,18,11.2,10.0,8.0,0.8,12.0,7.0,-3.0,-1.0,6,50,79.0
2023,6,Monaco Grand Prix,GAS,Alpine,7.0,7.0,6.0,Finished,78.0,7.0,80.18904838709676,1,9,3,18,10.6,11.666666666666666,9.8,0.7,8.5,8.8,0.0,1.5,6,50,35.0
2023,6,Monaco Grand Prix,SAI,Ferrari,8.0,4.0,4.0,Finished,78.0,5.0,80.29766666666666,1,29,7,18,6.4,7.333333333333333,5.2,0.8,2.0,6.8,1.0,1.0,6,50,79.0
2023,6,Monaco Grand Prix,NOR,McLaren,9.0,10.0,2.0,Lapped,77.0,10.0,81.06739682539683,0,22,10,18,13.2,10.666666666666666,12.8,0.7,4.5,8.5,0.0,-0.5,6,50,17.0
2023,6,Monaco Grand Prix,PIA,McLaren,10.0,11.0,1.0,Lapped,77.0,11.0,81.02114285714286,0,25,10,18,14.6,12.666666666666666,13.0,0.6,10.488898563343492,8.6,0.0,0.5,6,6,17.0
2023,6,Monaco Grand Prix,BOT,Alfa Romeo,11.0,15.0,0.0,Lapped,77.0,15.0,81.76714285714283,0,5,0,18,13.6,14.0,15.4,0.5,14.0,12.5,0.0,-2.0,6,50,6.0
2023,6,Monaco Grand Prix,DEV,AlphaTauri,12.0,12.0,0.0,Lapped,77.0,12.0,81.53469841269842,0,7,2,18,16.2,17.666666666666668,14.8,0.5,10.488898563343492,12.5,0.0,1.5,6,7,2.0
2023,6,Monaco Grand Prix,ZHO,Alfa Romeo,13.0,19.0,0.0,Lapped,77.0,19.0,81.39508064516127,0,35,0,18,14.6,14.666666666666666,15.4,0.6,16.0,12.0,0.0,2.0,6,28,6.0
2023,6,Monaco Grand Prix,ALB,Williams,14.0,13.0,0.0,Lapped,77.0,13.0,82.249671875,0,0,15,18,14.8,15.0,16.2,0.5,18.0,15.5,0.0,-1.5,6,27,1.0
2023,6,Monaco Grand Prix,TSU,AlphaTauri,15.0,9.0,0.0,Lapped,76.0,9.0,80.61630508474576,0,32,2,18,10.6,10.333333333333334,14.2,0.8,16.5,12.4,0.0,-1.5,6,50,2.0
2023,6,Monaco Grand Prix,PER,Red Bull Racing,16.0,20.0,0.0,Lapped,76.0,20.0,80.04950909090908,0,24,14,18,2.2,2.6666666666666665,1.4,1.0,2.5,2.0,0.0,9.5,6,50,235.0
2023,6,Monaco Grand Prix,HUL,Haas F1 Team,17.0,18.0,0.0,Lapped,76.0,18.0,81.36986440677967,0,13,8,18,13.2,13.0,14.4,0.7142857142857143,10.488898563343492,18.5,0.0,0.5,6,8,8.0
2023,6,Monaco Grand Prix,SAR,Williams,18.0,16.0,0.0,Lapped,76.0,16.0,81.48919298245615,0,30,15,18,16.0,17.333333333333332,15.2,0.4,10.488898563343492,15.2,0.0,1.5,6,6,1.0
2023,6,Monaco Grand Prix,MAG,Haas F1 Team,19.0,17.0,0.0,Retired,70.0,17.0,79.72101960784313,0,19,8,18,12.6,13.333333333333334,14.4,0.5,20.0,18.2,0.0,-0.5,6,28,8.0
2023,6,Monaco Grand Prix,STR,Aston Martin,20.0,14.0,0.0,Retired,53.0,14.0,79.62174,0,31,4,18,9.8,7.666666666666667,5.6,0.7,11.0,7.8,0.0,6.0,6,50,116.0
2023,7,Spanish Grand Prix,VER,Red Bull Racing,1.0,1.0,26.0,Finished,66.0,1.0,79.41065625,1,33,14,24,1.4,1.3333333333333333,4.4,1.0,1.5,2.5,0.0,-5.0,7,51,273.0
2023,7,Spanish Grand Prix,HAM,Mercedes,2.0,4.0,18.0,Finished,66.0,5.0,79.750453125,1,12,11,24,4.6,5.333333333333333,5.4,0.9,3.0,3.0,1.0,-3.5,7,51,145.0
2023,7,Spanish Grand Prix,RUS,Mercedes,3.0,12.0,15.0,Finished,66.0,12.0,79.917921875,1,28,11,24,7.8,5.666666666666667,4.2,0.9,8.5,2.8,0.0,3.5,7,51,145.0
2023,7,Spanish Grand Prix,PER,Red Bull Racing,4.0,11.0,12.0,Finished,66.0,11.0,79.999203125,1,24,14,24,5.0,6.333333333333333,4.2,0.9,3.5,2.2,0.0,5.0,7,51,273.0
2023,7,Spanish Grand Prix,SAI,Ferrari,5.0,2.0,10.0,Finished,66.0,2.0,80.08448437500002,1,29,7,24,7.2,6.0,6.2,0.9,5.5,8.75,0.0,-8.5,7,51,89.0
2023,7,Spanish Grand Prix,STR,Aston Martin,6.0,5.0,8.0,Finished,66.0,6.0,80.33453125,1,31,4,24,12.6,13.0,8.8,0.6,13.0,12.5,1.0,-1.5,7,51,130.0
2023,7,Spanish Grand Prix,ALO,Aston Martin,7.0,8.0,6.0,Finished,66.0,9.0,80.379546875,1,1,4,24,3.0,3.0,8.6,0.8,13.0,11.2,1.0,1.5,7,51,130.0
2023,7,Spanish Grand Prix,OCO,Alpine,8.0,6.0,4.0,Finished,66.0,7.0,80.43087499999999,1,23,3,24,9.8,9.0,8.4,0.7,8.0,10.5,1.0,1.5,7,51,40.0
2023,7,Spanish Grand Prix,ZHO,Alfa Romeo,9.0,13.0,2.0,Finished,66.0,13.0,80.450734375,1,35,0,24,14.0,16.0,14.4,0.5,19.0,12.5,0.0,-1.5,7,29,8.0
2023,7,Spanish Grand Prix,GAS,Alpine,10.0,10.0,1.0,Finished,66.0,4.0,80.47884375,1,9,3,24,10.2,9.666666666666666,7.0,0.7,11.5,10.0,-6.0,-1.5,7,51,40.0
2023,7,Spanish Grand Prix,LEC,Ferrari,11.0,19.0,0.0,Finished,66.0,19.0,80.517703125,1,17,7,24,8.6,5.333333333333333,6.2,0.8,12.0,8.0,0.0,8.5,7,51,89.0
2023,7,Spanish Grand Prix,TSU,AlphaTauri,12.0,15.0,0.0,Finished,66.0,15.0,80.46665625,1,32,2,24,11.4,12.0,15.2,0.7,15.0,13.25,0.0,0.5,7,51,2.0
2023,7,Spanish Grand Prix,PIA,McLaren,13.0,9.0,0.0,Lapped,65.0,10.0,80.68233333333333,0,25,10,24,12.6,13.333333333333334,13.2,0.5,10.488898563343492,8.5,1.0,3.5,7,7,17.0
2023,7,Spanish Grand Prix,DEV,AlphaTauri,14.0,14.0,0.0,Lapped,65.0,14.0,80.7045396825397,0,7,2,24,15.8,16.666666666666668,13.6,0.42857142857142855,10.488898563343492,13.0,0.0,-0.5,7,8,2.0
2023,7,Spanish Grand Prix,HUL,Haas F1 Team,15.0,7.0,0.0,Lapped,65.0,8.0,80.57785483870968,0,13,8,24,13.6,16.333333333333332,15.6,0.625,10.488898563343492,17.0,1.0,-4.5,7,9,8.0
2023,7,Spanish Grand Prix,ALB,Williams,16.0,18.0,0.0,Lapped,65.0,18.0,81.0233492063492,0,0,15,24,15.6,13.333333333333334,16.4,0.5,18.0,16.0,0.0,-1.0,7,28,1.0
2023,7,Spanish Grand Prix,NOR,McLaren,17.0,3.0,0.0,Lapped,65.0,3.0,80.54640322580644,0,22,10,24,11.6,11.666666666666666,13.6,0.6,8.0,9.4,0.0,-3.5,7,51,17.0
2023,7,Spanish Grand Prix,MAG,Haas F1 Team,18.0,17.0,0.0,Lapped,65.0,17.0,80.91130645161292,0,19,8,24,13.8,14.0,15.2,0.4,17.0,16.6,0.0,4.5,7,29,8.0
2023,7,Spanish Grand Prix,BOT,Alfa Romeo,19.0,16.0,0.0,Lapped,65.0,16.0,81.3328253968254,0,5,0,24,14.2,14.0,12.4,0.4,4.5,11.333333333333334,0.0,1.5,7,51,8.0
2023,7,Spanish Grand Prix,SAR,Williams,20.0,20.0,0.0,Lapped,65.0,20.0,81.37038095238094,0,30,15,24,17.2,18.0,16.4,0.3333333333333333,10.488898563343492,16.0,0.0,1.0,7,7,1.0
2023,8,Canadian Grand Prix,VER,Red Bull Racing,1.0,1.0,25.0,Finished,70.0,1.0,76.74755555555555,1,33,14,7,1.2,1.0,4.8,1.0,1.0,10.5,0.0,-5.5,8,52,307.0
2023,8,Canadian Grand Prix,ALO,Aston Martin,2.0,2.0,18.0,Finished,70.0,3.0,76.94534920634922,1,1,4,7,3.8,4.0,9.4,0.8,9.0,11.0,1.0,-5.0,8,52,150.0
2023,8,Canadian Grand Prix,HAM,Mercedes,3.0,3.0,15.0,Finished,70.0,4.0,77.01222222222222,1,12,11,7,4.0,4.0,4.0,0.9,3.0,3.5,1.0,-0.5,8,52,160.0
2023,8,Canadian Grand Prix,LEC,Ferrari,4.0,10.0,12.0,Finished,70.0,11.0,77.29414285714284,1,17,7,7,9.4,8.0,7.4,0.8,5.0,3.5,1.0,1.5,8,52,111.0
2023,8,Canadian Grand Prix,SAI,Ferrari,5.0,11.0,10.0,Finished,70.0,8.0,77.34907936507936,1,29,7,7,7.0,6.0,6.8,1.0,2.0,3.6666666666666665,-3.0,-1.5,8,52,111.0
2023,8,Canadian Grand Prix,PER,Red Bull Racing,6.0,12.0,9.0,Finished,70.0,12.0,77.82553968253967,1,24,14,7,5.6,7.333333333333333,4.6,0.9,20.0,7.333333333333333,0.0,5.5,8,52,307.0
2023,8,Canadian Grand Prix,ALB,Williams,7.0,9.0,6.0,Finished,70.0,10.0,78.16978125,1,0,15,7,15.0,14.666666666666666,17.6,0.4,13.0,14.5,1.0,-4.5,8,29,7.0
2023,8,Canadian Grand Prix,OCO,Alpine,8.0,6.0,4.0,Finished,70.0,6.0,78.06809375,1,23,3,7,9.8,6.666666666666667,7.4,0.7,6.0,7.5,0.0,-5.5,8,52,44.0
2023,8,Canadian Grand Prix,STR,Aston Martin,9.0,16.0,2.0,Finished,70.0,13.0,77.9458064516129,1,31,4,7,9.8,12.666666666666666,7.4,0.7,10.0,8.0,-3.0,5.0,8,52,150.0
2023,8,Canadian Grand Prix,BOT,Alfa Romeo,10.0,14.0,1.0,Finished,70.0,15.0,78.287578125,1,5,0,7,14.4,14.333333333333334,13.6,0.4,7.0,7.5,1.0,-2.5,8,52,9.0
2023,8,Canadian Grand Prix,PIA,McLaren,11.0,8.0,0.0,Finished,70.0,9.0,78.18614062500001,1,25,10,7,12.2,14.0,13.6,0.42857142857142855,10.488898563343492,13.0,1.0,1.0,8,8,17.0
2023,8,Canadian Grand Prix,GAS,Alpine,12.0,15.0,0.0,Finished,70.0,17.0,77.97567741935485,1,9,3,7,10.4,8.333333333333334,7.2,0.7,14.0,7.666666666666667,2.0,5.5,8,52,44.0
2023,8,Canadian Grand Prix,NOR,McLaren,13.0,7.0,0.0,Finished,70.0,7.0,78.19771875,1,22,10,7,11.6,14.333333333333334,12.0,0.5,15.0,12.333333333333334,0.0,-1.0,8,52,17.0
2023,8,Canadian Grand Prix,TSU,AlphaTauri,14.0,19.0,0.0,Finished,70.0,16.0,78.0656507936508,1,32,2,7,11.6,12.666666666666666,14.2,0.7,18.0,16.0,-3.0,-1.0,8,52,2.0
2023,8,Canadian Grand Prix,HUL,Haas F1 Team,15.0,5.0,0.0,Lapped,69.0,2.0,78.64259677419354,0,13,8,7,14.2,15.666666666666666,16.8,0.5555555555555556,10.488898563343492,18.0,-3.0,-6.0,8,10,8.0
2023,8,Canadian Grand Prix,ZHO,Alfa Romeo,16.0,20.0,0.0,Lapped,69.0,20.0,78.72860317460318,0,35,0,7,13.2,12.666666666666666,12.4,0.5,8.0,8.333333333333334,0.0,2.5,8,30,9.0
2023,8,Canadian Grand Prix,MAG,Haas F1 Team,17.0,13.0,0.0,Lapped,69.0,14.0,78.89698412698414,0,19,8,7,15.4,15.666666666666666,16.8,0.3,17.0,17.0,1.0,6.0,8,30,8.0
2023,8,Canadian Grand Prix,DEV,AlphaTauri,18.0,17.0,0.0,Lapped,69.0,18.0,78.67445901639344,0,7,2,7,15.8,14.666666666666666,13.4,0.375,10.488898563343492,15.333333333333334,1.0,1.0,8,9,2.0
2023,8,Canadian Grand Prix,RUS,Mercedes,19.0,4.0,0.0,Retired,53.0,5.0,78.78438,0,28,11,7,7.6,4.0,3.4,0.9,4.0,3.3333333333333335,1.0,0.5,8,52,160.0
2023,8,Canadian Grand Prix,SAR,Williams,20.0,18.0,0.0,Retired,6.0,19.0,81.67866666666667,0,30,15,7,18.0,19.333333333333332,15.0,0.2857142857142857,10.488898563343492,12.0,1.0,4.5,8,8,7.0
2023,9,Austrian Grand Prix,VER,Red Bull Racing,1.0,1.0,26.0,Finished,71.0,1.0,69.82996923076922,1,33,14,2,1.2,1.0,5.6,1.0,1.5,7.25,0.0,-7.0,9,53,348.0
2023,9,Austrian Grand Prix,LEC,Ferrari,2.0,2.0,18.0,Finished,71.0,2.0,70.13875757575757,1,17,7,2,6.2,7.0,6.6,0.8,4.5,8.0,0.0,-0.5,9,53,137.0
2023,9,Austrian Grand Prix,PER,Red Bull Racing,3.0,15.0,15.0,Finished,71.0,15.0,70.19043076923076,1,24,14,2,5.8,8.666666666666666,2.6,0.9,13.0,6.0,0.0,7.0,9,53,348.0
2023,9,Austrian Grand Prix,NOR,McLaren,4.0,4.0,12.0,Finished,71.0,4.0,70.37330303030305,1,22,10,2,13.0,13.0,12.8,0.6,5.0,6.5,0.0,-4.5,9,53,29.0
2023,9,Austrian Grand Prix,ALO,Aston Martin,5.0,7.0,10.0,Finished,71.0,7.0,70.38878461538461,1,1,4,2,3.6,3.6666666666666665,8.8,0.9,10.0,15.0,0.0,0.5,9,53,162.0
2023,9,Austrian Grand Prix,SAI,Ferrari,6.0,3.0,8.0,Finished,71.0,3.0,70.26469696969698,1,29,7,2,5.6,6.0,5.4,1.0,11.5,6.8,0.0,0.5,9,53,137.0
2023,9,Austrian Grand Prix,RUS,Mercedes,7.0,11.0,6.0,Finished,71.0,11.0,70.68048484848485,1,28,11,2,7.8,9.0,6.4,0.8,7.5,3.25,0.0,3.0,9,53,170.0
2023,9,Austrian Grand Prix,HAM,Mercedes,8.0,5.0,4.0,Finished,71.0,5.0,70.70047761194031,1,12,11,2,4.2,3.0,6.8,0.9,3.5,4.0,0.0,-3.0,9,53,170.0
2023,9,Austrian Grand Prix,STR,Aston Martin,9.0,6.0,2.0,Finished,71.0,6.0,70.47475,1,31,4,2,10.8,11.666666666666666,5.8,0.8,13.0,13.0,0.0,-0.5,9,53,162.0
2023,9,Austrian Grand Prix,GAS,Alpine,10.0,9.0,1.0,Finished,71.0,9.0,70.7470303030303,1,9,3,2,10.2,9.666666666666666,9.0,0.8,12.0,11.25,0.0,-1.5,9,53,45.0
2023,9,Austrian Grand Prix,ALB,Williams,11.0,10.0,0.0,Finished,71.0,10.0,70.92298484848486,1,0,15,2,12.6,12.333333333333334,16.2,0.5,12.0,14.5,0.0,-4.0,9,30,7.0
2023,9,Austrian Grand Prix,ZHO,Alfa Romeo,12.0,17.0,0.0,Lapped,70.0,17.0,71.09011111111109,0,35,0,2,14.6,12.666666666666666,13.4,0.5,14.0,12.5,0.0,1.5,9,31,9.0
2023,9,Austrian Grand Prix,SAR,Williams,13.0,18.0,0.0,Lapped,70.0,18.0,71.2672,0,30,15,2,18.8,19.333333333333332,14.8,0.25,10.488898563343492,13.8,0.0,4.0,9,9,7.0
2023,9,Austrian Grand Prix,OCO,Alpine,14.0,12.0,0.0,Lapped,70.0,12.0,71.08575384615384,0,23,3,2,8.6,6.333333333333333,9.6,0.8,12.5,11.0,0.0,1.5,9,53,45.0
2023,9,Austrian Grand Prix,BOT,Alfa Romeo,15.0,14.0,0.0,Lapped,70.0,14.0,71.4288125,0,5,0,2,14.2,13.333333333333334,13.2,0.5,6.5,12.333333333333334,0.0,-1.5,9,53,9.0
2023,9,Austrian Grand Prix,PIA,McLaren,16.0,13.0,0.0,Lapped,70.0,13.0,71.33371875,0,25,10,2,12.8,11.333333333333334,11.6,0.5,10.488898563343492,6.0,0.0,4.5,9,9,29.0
2023,9,Austrian Grand Prix,DEV,AlphaTauri,17.0,20.0,0.0,Lapped,70.0,20.0,71.2104126984127,0,7,2,2,16.4,14.666666666666666,14.6,0.3333333333333333,10.488898563343492,13.0,0.0,2.0,9,10,2.0
2023,9,Austrian Grand Prix,MAG,Haas F1 Team,18.0,19.0,0.0,Lapped,70.0,19.0,71.867234375,0,19,8,2,15.4,18.0,16.8,0.3,8.0,12.75,0.0,5.5,9,31,8.0
2023,9,Austrian Grand Prix,TSU,AlphaTauri,19.0,16.0,0.0,Lapped,70.0,16.0,71.531296875,0,32,2,2,12.4,13.666666666666666,15.0,0.8,14.0,13.8,0.0,-2.0,9,53,2.0
2023,9,Austrian Grand Prix,HUL,Haas F1 Team,20.0,8.0,0.0,Retired,12.0,8.0,72.02487500000001,0,13,8,2,15.8,15.666666666666666,16.6,0.5,10.488898563343492,13.8,0.0,-5.5,9,11,8.0
2023,10,British Grand Prix,VER,Red Bull Racing,1.0,1.0,26.0,Finished,52.0,1.0,92.17458695652176,1,33,14,6,1.0,1.0,3.0,1.0,13.5,11.25,0.0,-7.0,10,54,382.0
2023,10,British Grand Prix,NOR,McLaren,2.0,2.0,18.0,Finished,52.0,2.0,92.44243478260869,1,22,10,6,12.0,11.333333333333334,12.2,0.7,5.0,7.0,0.0,-0.5,10,54,59.0
2023,10,British Grand Prix,HAM,Mercedes,3.0,7.0,15.0,Finished,52.0,7.0,92.80880434782613,1,12,11,6,4.6,4.333333333333333,8.0,0.9,2.0,6.25,0.0,0.5,10,54,195.0
2023,10,British Grand Prix,PIA,McLaren,4.0,3.0,12.0,Finished,52.0,3.0,92.6983777777778,1,25,10,6,13.8,13.333333333333334,9.2,0.4444444444444444,10.488898563343492,6.0,0.0,0.5,10,10,59.0
2023,10,British Grand Prix,RUS,Mercedes,5.0,6.0,10.0,Finished,52.0,6.0,92.8703111111111,1,28,11,6,7.6,9.666666666666666,8.0,0.8,15.0,5.6,0.0,-0.5,10,54,195.0
2023,10,British Grand Prix,PER,Red Bull Racing,6.0,15.0,8.0,Finished,52.0,15.0,93.6182608695652,1,24,14,6,6.2,4.333333333333333,2.4,0.9,9.0,9.2,0.0,7.0,10,54,382.0
2023,10,British Grand Prix,ALO,Aston Martin,7.0,9.0,6.0,Finished,52.0,9.0,93.24219565217392,1,1,4,6,3.8,4.666666666666667,6.4,0.9,6.0,11.75,0.0,-1.5,10,54,168.0
2023,10,British Grand Prix,ALB,Williams,8.0,8.0,4.0,Finished,52.0,8.0,93.32595652173914,1,0,15,6,12.4,11.333333333333334,14.2,0.5,20.0,14.5,0.0,-3.0,10,31,11.0
2023,10,British Grand Prix,LEC,Ferrari,9.0,4.0,2.0,Finished,52.0,4.0,92.92739999999998,1,17,7,6,6.0,5.666666666666667,5.6,0.8,3.0,3.25,0.0,-0.5,10,54,140.0
2023,10,British Grand Prix,SAI,Ferrari,10.0,5.0,1.0,Finished,52.0,5.0,93.17655555555557,1,29,7,6,5.8,5.333333333333333,5.2,1.0,3.5,4.4,0.0,0.5,10,54,140.0
2023,10,British Grand Prix,SAR,Williams,11.0,14.0,0.0,Finished,52.0,14.0,93.9719777777778,1,30,15,6,18.2,17.666666666666668,11.8,0.2222222222222222,10.488898563343492,13.2,0.0,3.0,10,10,11.0
2023,10,British Grand Prix,BOT,Alfa Romeo,12.0,20.0,0.0,Finished,52.0,15.0,94.07619565217392,1,5,0,6,13.6,14.666666666666666,14.4,0.4,10.0,18.0,-5.0,-1.0,10,54,9.0
2023,10,British Grand Prix,HUL,Haas F1 Team,13.0,11.0,0.0,Finished,52.0,11.0,93.7564,1,13,8,6,16.4,16.666666666666668,17.6,0.4,10.488898563343492,13.25,0.0,-4.0,10,12,8.0
2023,10,British Grand Prix,STR,Aston Martin,14.0,12.0,0.0,Finished,52.0,12.0,93.46513333333333,1,31,4,6,11.2,8.0,6.4,0.8,9.5,10.8,0.0,1.5,10,54,168.0
2023,10,British Grand Prix,ZHO,Alfa Romeo,15.0,17.0,0.0,Finished,52.0,17.0,94.05195555555557,1,35,0,6,13.2,12.333333333333334,13.0,0.4,19.0,16.0,0.0,1.0,10,32,9.0
2023,10,British Grand Prix,TSU,AlphaTauri,16.0,16.0,0.0,Finished,52.0,16.0,93.9398222222222,1,32,2,6,14.2,15.0,16.4,0.8,12.0,12.75,0.0,-1.0,10,54,2.0
2023,10,British Grand Prix,DEV,AlphaTauri,17.0,18.0,0.0,Finished,52.0,18.0,94.49293478260869,1,7,2,6,15.8,16.333333333333332,16.8,0.3,10.488898563343492,13.4,0.0,1.0,10,11,2.0
2023,10,British Grand Prix,GAS,Alpine,18.0,10.0,0.0,Retired,46.0,10.0,93.60144736842103,0,9,3,6,9.4,10.666666666666666,10.8,0.8,13.5,9.0,0.0,-1.5,10,54,45.0
2023,10,British Grand Prix,MAG,Haas F1 Team,19.0,19.0,0.0,Retired,31.0,19.0,94.70661290322582,0,19,8,6,16.4,17.666666666666668,16.6,0.3,10.0,13.2,0.0,4.0,10,32,8.0
2023,10,British Grand Prix,OCO,Alpine,20.0,13.0,0.0,Retired,9.0,13.0,95.15011111111112,0,23,3,6,8.4,10.0,12.4,0.7,12.0,10.8,0.0,1.5,10,54,45.0
2023,11,Hungarian Grand Prix,VER,Red Bull Racing,1.0,2.0,26.0,Finished,70.0,2.0,83.58682352941179,1,33,14,12,1.0,1.0,3.4,1.0,5.0,8.0,0.0,-3.5,11,55,423.0
2023,11,Hungarian Grand Prix,NOR,McLaren,2.0,3.0,18.0,Finished,70.0,3.0,84.36497101449274,1,22,10,12,9.0,6.333333333333333,7.8,0.7,11.0,12.0,0.0,-0.5,11,55,87.0
2023,11,Hungarian Grand Prix,PER,Red Bull Racing,3.0,9.0,15.0,Finished,70.0,9.0,84.40137681159419,1,24,14,12,7.0,5.0,2.4,0.9,11.0,6.6,0.0,3.5,11,55,423.0
2023,11,Hungarian Grand Prix,HAM,Mercedes,4.0,1.0,12.0,Finished,70.0,1.0,84.13744117647059,1,12,11,12,4.0,4.666666666666667,8.4,1.0,2.0,5.75,0.0,-8.5,11,55,215.0
2023,11,Hungarian Grand Prix,PIA,McLaren,5.0,4.0,10.0,Finished,70.0,4.0,84.50882352941176,1,25,10,12,10.8,10.333333333333334,5.6,0.5,10.488898563343492,10.0,0.0,0.5,11,11,87.0
2023,11,Hungarian Grand Prix,RUS,Mercedes,6.0,18.0,8.0,Finished,70.0,18.0,84.79495652173914,1,28,11,12,7.8,10.333333333333334,5.4,0.8,5.5,5.4,0.0,8.5,11,55,215.0
2023,11,Hungarian Grand Prix,LEC,Ferrari,7.0,6.0,6.0,Finished,70.0,6.0,84.70744927536232,1,17,7,12,6.4,5.0,6.4,0.8,12.0,7.75,0.0,-2.5,11,55,150.0
2023,11,Hungarian Grand Prix,SAI,Ferrari,8.0,11.0,4.0,Finished,70.0,11.0,84.6200588235294,1,29,7,12,6.8,7.0,6.8,1.0,3.5,7.6,0.0,2.5,11,55,150.0
2023,11,Hungarian Grand Prix,ALO,Aston Martin,9.0,8.0,2.0,Finished,70.0,8.0,84.64680882352941,1,1,4,12,4.6,4.666666666666667,8.8,1.0,6.0,15.0,0.0,-3.0,11,55,171.0
2023,11,Hungarian Grand Prix,STR,Aston Martin,10.0,14.0,1.0,Lapped,69.0,14.0,84.99953731343284,0,31,4,12,11.6,10.666666666666666,8.8,0.8,15.0,13.8,0.0,3.0,11,55,171.0
2023,11,Hungarian Grand Prix,ALB,Williams,11.0,16.0,0.0,Lapped,69.0,16.0,85.24237313432835,0,0,15,12,11.2,8.666666666666666,12.6,0.6,17.0,12.5,0.0,-2.0,11,32,11.0
2023,11,Hungarian Grand Prix,BOT,Alfa Romeo,12.0,7.0,0.0,Lapped,69.0,7.0,85.22776119402985,0,5,0,12,13.4,12.333333333333334,14.0,0.5,18.0,16.5,0.0,1.0,11,55,9.0
2023,11,Hungarian Grand Prix,RIC,AlphaTauri,13.0,13.0,0.0,Lapped,69.0,13.0,85.337,0,27,2,12,12.6,12.0,17.4,0.6,13.0,10.5,0.0,-2.0,11,45,2.0
2023,11,Hungarian Grand Prix,HUL,Haas F1 Team,14.0,10.0,0.0,Lapped,69.0,10.0,85.5536119402985,0,13,8,12,16.0,16.0,17.4,0.4,10.488898563343492,14.0,0.0,-4.5,11,13,8.0
2023,11,Hungarian Grand Prix,TSU,AlphaTauri,15.0,17.0,0.0,Lapped,69.0,17.0,85.76441176470587,0,32,2,12,15.2,16.333333333333332,16.4,0.8,12.5,11.0,0.0,2.0,11,55,2.0
2023,11,Hungarian Grand Prix,ZHO,Alfa Romeo,16.0,5.0,0.0,Lapped,69.0,5.0,85.55661194029851,0,35,0,12,13.0,14.333333333333334,13.2,0.5,13.0,15.0,0.0,-1.0,11,33,9.0
2023,11,Hungarian Grand Prix,MAG,Haas F1 Team,17.0,19.0,0.0,Lapped,69.0,19.0,86.0175223880597,0,19,8,12,18.2,18.0,16.8,0.3,16.0,14.0,0.0,4.5,11,33,8.0
2023,11,Hungarian Grand Prix,SAR,Williams,18.0,20.0,0.0,Retired,67.0,20.0,85.83929230769229,0,30,15,12,16.4,14.666666666666666,10.8,0.3,10.488898563343492,12.2,0.0,2.0,11,11,11.0
2023,11,Hungarian Grand Prix,OCO,Alpine,19.0,12.0,0.0,Retired,2.0,12.0,104.073,0,23,3,12,10.6,14.0,14.8,0.6,5.0,5.5,0.0,-1.5,11,55,45.0
2023,11,Hungarian Grand Prix,GAS,Alpine,20.0,15.0,0.0,Retired,1.0,15.0,124.981,0,9,3,12,11.4,13.333333333333334,16.2,0.8,8.5,8.2,0.0,1.5,11,55,45.0
2023,12,Belgian Grand Prix,VER,Red Bull Racing,1.0,6.0,25.0,Finished,44.0,1.0,112.51022727272726,1,33,14,5,1.0,1.0,2.8,1.0,1.0,5.75,-5.0,-1.0,12,56,466.0
2023,12,Belgian Grand Prix,PER,Red Bull Racing,2.0,2.0,18.0,Finished,44.0,3.0,113.01715909090908,1,24,14,5,4.4,4.0,2.4,0.9,10.5,4.8,1.0,1.0,12,56,466.0
2023,12,Belgian Grand Prix,LEC,Ferrari,3.0,1.0,15.0,Finished,44.0,2.0,113.24338636363638,1,17,7,5,6.6,6.0,8.0,0.9,7.0,6.75,1.0,-1.5,12,56,165.0
2023,12,Belgian Grand Prix,HAM,Mercedes,4.0,3.0,13.0,Finished,44.0,4.0,113.63911363636367,1,12,11,5,4.0,5.0,5.2,1.0,11.5,9.75,1.0,-2.0,12,56,236.0
2023,12,Belgian Grand Prix,ALO,Aston Martin,5.0,9.0,10.0,Finished,44.0,9.0,113.78713636363636,1,1,4,5,6.0,7.0,9.8,1.0,8.0,11.0,0.0,-0.5,12,56,183.0
2023,12,Belgian Grand Prix,RUS,Mercedes,6.0,8.0,8.0,Finished,44.0,8.0,113.94434090909093,1,28,11,5,8.0,6.0,4.4,0.8,3.0,8.6,0.0,2.0,12,56,236.0
2023,12,Belgian Grand Prix,NOR,McLaren,7.0,7.0,6.0,Finished,44.0,7.0,114.18565909090908,1,22,10,5,7.6,2.6666666666666665,5.8,0.8,13.0,11.25,0.0,0.5,12,56,93.0
2023,12,Belgian Grand Prix,OCO,Alpine,8.0,14.0,4.0,Finished,44.0,15.0,114.20838636363636,1,23,3,5,13.8,17.666666666666668,18.2,0.6,7.0,7.5,1.0,1.5,12,56,49.0
2023,12,Belgian Grand Prix,STR,Aston Martin,9.0,10.0,2.0,Finished,44.0,10.0,114.31340909090908,1,31,4,5,9.6,11.0,9.0,0.7,15.5,9.8,0.0,0.5,12,56,183.0
2023,12,Belgian Grand Prix,TSU,AlphaTauri,10.0,11.0,1.0,Finished,44.0,11.0,114.33343181818184,1,32,2,5,15.2,16.666666666666668,16.0,0.7,14.0,10.75,0.0,-4.0,12,56,3.0
2023,12,Belgian Grand Prix,GAS,Alpine,11.0,12.0,0.0,Finished,44.0,12.0,114.3985,1,9,3,5,14.0,16.0,17.0,0.7,7.5,7.6,0.0,-1.5,12,56,49.0
2023,12,Belgian Grand Prix,BOT,Alfa Romeo,12.0,13.0,0.0,Finished,44.0,14.0,114.44638636363638,1,5,0,5,13.6,13.0,14.0,0.4,15.5,16.5,1.0,-1.5,12,56,9.0
2023,12,Belgian Grand Prix,ZHO,Alfa Romeo,13.0,17.0,0.0,Finished,44.0,17.0,114.67934090909093,1,35,0,5,13.6,14.333333333333334,13.4,0.5,14.0,15.0,0.0,1.5,12,34,9.0
2023,12,Belgian Grand Prix,ALB,Williams,14.0,15.0,0.0,Finished,44.0,16.0,114.69622727272728,1,0,15,5,10.6,10.0,12.2,0.5,10.0,9.75,1.0,-1.0,12,33,11.0
2023,12,Belgian Grand Prix,MAG,Haas F1 Team,15.0,16.0,0.0,Finished,44.0,13.0,114.82281818181818,1,19,8,5,17.8,18.0,16.6,0.3,16.0,16.5,-3.0,-3.5,12,34,8.0
2023,12,Belgian Grand Prix,RIC,AlphaTauri,16.0,19.0,0.0,Finished,44.0,19.0,114.85275,1,27,2,5,13.0,14.0,14.2,0.6,9.5,10.6,0.0,4.0,12,46,3.0
2023,12,Belgian Grand Prix,SAR,Williams,17.0,18.0,0.0,Finished,44.0,18.0,114.8846818181818,1,30,15,5,16.4,14.0,12.4,0.3,10.488898563343492,10.6,0.0,1.0,12,12,11.0
2023,12,Belgian Grand Prix,HUL,Haas F1 Team,18.0,20.0,0.0,Finished,44.0,20.0,115.02045454545456,1,13,8,5,15.4,15.666666666666666,15.6,0.4,10.488898563343492,16.2,0.0,3.5,12,14,8.0
2023,12,Belgian Grand Prix,SAI,Ferrari,19.0,4.0,0.0,Retired,23.0,5.0,117.12369565217392,0,29,7,5,6.8,8.0,7.4,1.0,6.5,6.0,1.0,1.5,12,56,165.0
2023,12,Belgian Grand Prix,PIA,McLaren,20.0,5.0,0.0,Retired,0.0,6.0,114.33343181818184,0,25,10,5,9.8,8.333333333333334,4.0,0.6,10.488898563343492,10.4,1.0,-0.5,12,12,93.0
2023,13,Dutch Grand Prix,VER,Red Bull Racing,1.0,1.0,25.0,Finished,72.0,1.0,77.66322807017542,1,33,14,9,1.0,1.0,2.6,1.0,1.0,3.75,0.0,-3.0,13,57,503.0
2023,13,Dutch Grand Prix,ALO,Aston Martin,2.0,5.0,19.0,Finished,72.0,5.0,78.06642105263158,1,1,4,9,5.6,7.0,9.4,1.0,6.0,12.25,0.0,-3.0,13,57,202.0
2023,13,Dutch Grand Prix,GAS,Alpine,3.0,12.0,15.0,Finished,72.0,12.0,78.5506896551724,1,9,3,9,14.2,16.333333333333332,15.6,0.7,7.5,7.5,0.0,-2.5,13,57,65.0
2023,13,Dutch Grand Prix,PER,Red Bull Racing,4.0,7.0,12.0,Finished,72.0,7.0,78.35794827586207,1,24,14,9,4.0,3.6666666666666665,1.6,0.9,6.5,3.2,0.0,3.0,13,57,503.0
2023,13,Dutch Grand Prix,SAI,Ferrari,5.0,6.0,10.0,Finished,72.0,6.0,78.4537543859649,1,29,7,9,9.6,12.333333333333334,9.4,0.9,7.5,5.75,0.0,-1.5,13,57,175.0
2023,13,Dutch Grand Prix,HAM,Mercedes,6.0,13.0,8.0,Finished,72.0,13.0,78.3832142857143,1,12,11,9,4.4,3.6666666666666665,5.0,1.0,3.0,2.75,0.0,5.0,13,57,244.0
2023,13,Dutch Grand Prix,NOR,McLaren,7.0,2.0,6.0,Finished,72.0,2.0,78.6991052631579,1,22,10,9,5.6,3.6666666666666665,7.6,0.8,8.5,11.25,0.0,-3.0,13,57,101.0
2023,13,Dutch Grand Prix,ALB,Williams,8.0,4.0,4.0,Finished,72.0,4.0,77.54486792452829,1,0,15,9,10.2,11.0,14.2,0.6,12.0,15.75,0.0,-3.0,13,34,15.0
2023,13,Dutch Grand Prix,PIA,McLaren,9.0,8.0,2.0,Finished,72.0,8.0,77.95755555555554,1,25,10,9,11.2,9.666666666666666,8.2,0.5,10.488898563343492,10.4,0.0,3.0,13,13,101.0
2023,13,Dutch Grand Prix,OCO,Alpine,10.0,16.0,1.0,Finished,72.0,17.0,78.36725454545454,1,23,3,9,13.8,15.666666666666666,12.2,0.6,9.0,6.6,1.0,2.5,13,57,65.0
2023,13,Dutch Grand Prix,STR,Aston Martin,11.0,11.0,0.0,Finished,72.0,11.0,78.74176363636363,1,31,4,9,10.2,11.0,7.0,0.8,11.0,10.2,0.0,3.0,13,57,202.0
2023,13,Dutch Grand Prix,HUL,Haas F1 Team,12.0,14.0,0.0,Finished,72.0,15.0,78.96158928571428,1,13,8,9,16.0,15.0,16.6,0.4,10.488898563343492,16.5,1.0,-1.5,13,15,8.0
2023,13,Dutch Grand Prix,LAW,AlphaTauri,13.0,19.0,0.0,Finished,72.0,20.0,79.9039827586207,1,16,2,9,10.488898563343492,10.488898563343492,14.2,0.85,10.488898563343492,13.5,1.0,3.0,13,1,3.0
2023,13,Dutch Grand Prix,BOT,Alfa Romeo,14.0,18.0,0.0,Finished,72.0,19.0,79.24796428571429,1,5,0,9,12.2,12.0,13.6,0.5,11.0,17.5,1.0,1.5,13,57,9.0
2023,13,Dutch Grand Prix,TSU,AlphaTauri,15.0,17.0,0.0,Finished,72.0,14.0,79.58482758620688,1,32,2,9,14.8,13.666666666666666,13.4,0.7,19.5,13.4,-3.0,-3.0,13,57,3.0
2023,13,Dutch Grand Prix,MAG,Haas F1 Team,16.0,0.0,0.0,Finished,72.0,18.0,79.45908771929825,1,19,8,9,17.2,17.0,15.2,0.3,15.0,15.6,18.0,1.5,13,35,8.0
2023,13,Dutch Grand Prix,RUS,Mercedes,17.0,3.0,0.0,Finished,72.0,3.0,78.1095925925926,1,28,11,9,8.6,5.666666666666667,5.2,0.8,9.5,3.4,0.0,-5.0,13,57,244.0
2023,13,Dutch Grand Prix,ZHO,Alfa Romeo,18.0,15.0,0.0,Accident,62.0,16.0,78.75649999999999,0,35,0,9,14.4,14.666666666666666,13.4,0.5,16.0,16.333333333333332,1.0,-1.5,13,35,9.0
2023,13,Dutch Grand Prix,LEC,Ferrari,19.0,9.0,0.0,Undertray,41.0,9.0,80.613125,0,17,7,9,5.0,6.333333333333333,8.4,0.9,4.0,5.6,0.0,1.5,13,57,175.0
2023,13,Dutch Grand Prix,SAR,Williams,20.0,10.0,0.0,Accident,14.0,10.0,89.39966666666668,0,30,15,9,15.8,15.333333333333334,13.6,0.3,10.488898563343492,14.2,0.0,3.0,13,13,15.0
2023,14,Italian Grand Prix,VER,Red Bull Racing,1.0,2.0,25.0,Finished,51.0,2.0,86.30965999999998,1,33,14,13,1.0,1.0,2.2,1.0,9.5,7.5,0.0,-1.5,14,58,546.0
2023,14,Italian Grand Prix,PER,Red Bull Racing,2.0,5.0,18.0,Finished,51.0,5.0,86.43958,1,24,14,13,3.6,3.0,1.8,0.9,5.5,6.2,0.0,1.5,14,58,546.0
2023,14,Italian Grand Prix,SAI,Ferrari,3.0,1.0,15.0,Finished,51.0,1.0,86.51147999999999,1,29,7,13,9.6,10.666666666666666,10.8,0.9,5.0,4.0,0.0,-1.0,14,58,202.0
2023,14,Italian Grand Prix,LEC,Ferrari,4.0,3.0,12.0,Finished,51.0,3.0,86.53356,1,17,7,13,8.0,9.666666666666666,9.8,0.9,3.0,3.8,0.0,1.0,14,58,202.0
2023,14,Italian Grand Prix,RUS,Mercedes,5.0,4.0,10.0,Finished,51.0,4.0,86.67721999999999,1,28,11,13,8.2,9.666666666666666,7.8,0.9,6.0,7.0,0.0,-2.0,14,58,262.0
2023,14,Italian Grand Prix,HAM,Mercedes,6.0,8.0,8.0,Finished,51.0,8.0,87.05687999999998,1,12,11,13,5.0,4.666666666666667,7.6,1.0,11.0,6.6,0.0,2.0,14,58,262.0
2023,14,Italian Grand Prix,ALB,Williams,7.0,6.0,6.0,Finished,51.0,6.0,87.17288,1,0,15,13,10.4,11.0,15.4,0.7,10.488898563343492,11.0,0.0,-4.5,14,35,21.0
2023,14,Italian Grand Prix,NOR,McLaren,8.0,9.0,4.0,Finished,51.0,9.0,87.20620000000001,1,22,10,13,4.4,5.333333333333333,9.6,0.8,4.5,6.75,0.0,1.0,14,58,105.0
2023,14,Italian Grand Prix,ALO,Aston Martin,9.0,10.0,2.0,Finished,51.0,10.0,87.2033,1,1,4,13,5.6,5.333333333333333,7.4,1.0,13.5,14.25,0.0,-5.0,14,58,204.0
2023,14,Italian Grand Prix,BOT,Alfa Romeo,10.0,14.0,1.0,Finished,51.0,14.0,87.58265306122449,1,5,0,13,13.0,12.666666666666666,14.6,0.5,8.0,11.5,0.0,-1.0,14,58,10.0
2023,14,Italian Grand Prix,LAW,AlphaTauri,11.0,12.0,0.0,Finished,51.0,12.0,87.30989583333333,1,16,2,13,13.0,13.0,13.8,1.0,10.488898563343492,15.25,0.0,0.5,14,2,3.0
2023,14,Italian Grand Prix,PIA,McLaren,12.0,7.0,0.0,Finished,51.0,7.0,87.13772916666669,1,25,10,13,10.8,11.333333333333334,10.2,0.5,10.488898563343492,7.0,0.0,-1.0,14,14,105.0
2023,14,Italian Grand Prix,SAR,Williams,13.0,15.0,0.0,Finished,51.0,15.0,87.73183673469389,1,30,15,13,15.8,18.333333333333332,13.2,0.3,10.488898563343492,10.2,0.0,4.5,14,14,21.0
2023,14,Italian Grand Prix,ZHO,Alfa Romeo,14.0,16.0,0.0,Finished,51.0,16.0,87.47306250000001,1,35,0,13,14.8,15.666666666666666,13.4,0.4,10.0,11.0,0.0,1.0,14,36,10.0
2023,14,Italian Grand Prix,GAS,Alpine,15.0,17.0,0.0,Finished,51.0,17.0,87.45720833333333,1,9,3,13,12.4,11.333333333333334,10.4,0.8,13.5,12.0,0.0,-0.5,14,58,65.0
2023,14,Italian Grand Prix,STR,Aston Martin,16.0,20.0,0.0,Finished,51.0,20.0,87.93667346938776,1,31,4,13,10.6,10.0,7.2,0.8,12.5,13.2,0.0,5.0,14,58,204.0
2023,14,Italian Grand Prix,HUL,Haas F1 Team,17.0,13.0,0.0,Lapped,50.0,13.0,87.65106250000001,0,13,8,13,15.4,14.666666666666666,15.6,0.4,10.488898563343492,14.75,0.0,-3.0,14,16,8.0
2023,14,Italian Grand Prix,MAG,Haas F1 Team,18.0,19.0,0.0,Lapped,50.0,19.0,87.87520833333333,0,19,8,13,17.0,16.0,15.6,0.4,16.0,15.2,0.0,3.0,14,36,8.0
2023,14,Italian Grand Prix,OCO,Alpine,19.0,18.0,0.0,Retired,39.0,18.0,88.135,0,23,3,13,14.2,12.333333333333334,9.4,0.7,10.5,12.6,0.0,0.5,14,58,65.0
2023,14,Italian Grand Prix,TSU,AlphaTauri,20.0,11.0,0.0,Did not start,0.0,11.0,87.20620000000001,0,32,2,13,15.0,13.333333333333334,13.0,0.7,17.0,14.4,0.0,-0.5,14,58,3.0
2023,15,Singapore Grand Prix,SAI,Ferrari,1.0,1.0,25.0,Finished,62.0,1.0,99.968,1,29,7,23,9.0,9.0,10.0,0.9,3.0,2.5,0.0,-1.0,15,59,239.0
2023,15,Singapore Grand Prix,NOR,McLaren,2.0,4.0,18.0,Finished,62.0,4.0,99.78747368421052,1,22,10,23,5.2,7.333333333333333,11.2,0.8,4.0,4.5,0.0,-6.5,15,59,129.0
2023,15,Singapore Grand Prix,HAM,Mercedes,3.0,5.0,16.0,Finished,62.0,5.0,99.46478947368422,1,12,11,23,4.6,5.333333333333333,8.0,1.0,9.0,11.5,0.0,1.5,15,59,278.0
2023,15,Singapore Grand Prix,LEC,Ferrari,4.0,3.0,12.0,Finished,62.0,3.0,100.08742105263158,1,17,7,23,8.4,8.666666666666666,6.4,0.9,2.0,2.0,0.0,1.0,15,59,239.0
2023,15,Singapore Grand Prix,VER,Red Bull Racing,5.0,11.0,10.0,Finished,62.0,11.0,101.00489830508474,1,33,14,23,1.0,1.0,2.0,1.0,7.0,4.0,0.0,-1.0,15,59,560.0
2023,15,Singapore Grand Prix,GAS,Alpine,6.0,12.0,8.0,Finished,62.0,12.0,101.0126724137931,1,9,3,23,13.4,9.666666666666666,11.6,0.8,10.0,17.0,0.0,2.0,15,59,73.0
2023,15,Singapore Grand Prix,PIA,McLaren,7.0,17.0,6.0,Finished,62.0,17.0,101.1559827586207,1,25,10,23,10.0,13.666666666666666,7.6,0.5,10.488898563343492,3.6666666666666665,0.0,6.5,15,15,129.0
2023,15,Singapore Grand Prix,PER,Red Bull Racing,8.0,13.0,4.0,Finished,62.0,13.0,101.4179827586207,1,24,14,23,3.4,2.6666666666666665,2.6,0.9,1.0,4.333333333333333,0.0,1.0,15,59,560.0
2023,15,Singapore Grand Prix,LAW,AlphaTauri,9.0,10.0,2.0,Finished,62.0,10.0,101.4933103448276,1,16,2,23,12.0,12.0,15.0,1.0,10.488898563343492,12.5,0.0,-2.5,15,3,5.0
2023,15,Singapore Grand Prix,MAG,Haas F1 Team,10.0,6.0,1.0,Finished,62.0,6.0,100.81235087719296,1,19,8,23,17.0,16.333333333333332,16.2,0.3,12.0,12.5,0.0,-1.5,15,37,9.0
2023,15,Singapore Grand Prix,ALB,Williams,11.0,14.0,0.0,Finished,62.0,14.0,101.3756551724138,1,0,15,23,9.6,9.666666666666666,13.0,0.7,17.0,18.0,0.0,-2.0,15,36,21.0
2023,15,Singapore Grand Prix,ZHO,Alfa Romeo,12.0,19.0,0.0,Finished,62.0,19.0,102.20518965517245,1,35,0,23,15.2,15.0,13.8,0.5,20.0,15.5,0.0,1.5,15,37,10.0
2023,15,Singapore Grand Prix,HUL,Haas F1 Team,13.0,9.0,0.0,Finished,62.0,9.0,101.81989655172414,1,13,8,23,14.8,15.666666666666666,14.6,0.4,10.488898563343492,11.666666666666666,0.0,1.5,15,17,9.0
2023,15,Singapore Grand Prix,SAR,Williams,14.0,18.0,0.0,Finished,62.0,18.0,100.47401754385965,1,30,15,23,15.8,16.666666666666668,11.8,0.3,10.488898563343492,15.666666666666666,0.0,2.0,15,15,21.0
2023,15,Singapore Grand Prix,ALO,Aston Martin,15.0,7.0,0.0,Finished,62.0,7.0,100.8319298245614,1,1,4,23,6.4,5.333333333333333,9.4,1.0,18.0,7.0,0.0,-6.5,15,59,204.0
2023,15,Singapore Grand Prix,RUS,Mercedes,16.0,2.0,0.0,Retired,61.0,2.0,99.48901785714284,0,28,11,23,7.8,9.333333333333334,7.4,0.9,14.0,8.666666666666666,0.0,-1.5,15,59,278.0
2023,15,Singapore Grand Prix,BOT,Alfa Romeo,17.0,16.0,0.0,Retired,51.0,16.0,102.05930434782609,0,5,0,23,12.0,12.0,13.6,0.6,11.0,14.333333333333334,0.0,-1.5,15,59,10.0
2023,15,Singapore Grand Prix,OCO,Alpine,18.0,8.0,0.0,Retired,42.0,8.0,101.0158974358974,0,23,3,23,15.2,12.333333333333334,10.6,0.6,16.0,13.333333333333334,0.0,-2.0,15,59,73.0
2023,15,Singapore Grand Prix,TSU,AlphaTauri,19.0,15.0,0.0,Retired,0.0,15.0,101.00878535943892,0,32,2,23,15.2,15.0,13.6,0.6,15.0,11.333333333333334,0.0,2.5,15,59,5.0
2023,15,Singapore Grand Prix,STR,Aston Martin,,,0.0,Withdrew,0.0,20.0,101.00878535943892,0,31,4,23,12.0,12.0,10.6,0.8,6.0,9.666666666666666,0.0,6.5,15,59,204.0
2023,16,Japanese Grand Prix,VER,Red Bull Racing,1.0,1.0,26.0,Finished,53.0,1.0,97.76702127659576,1,33,14,14,1.8,2.3333333333333335,4.0,1.0,1.0,1.5,0.0,-2.0,16,60,586.0
2023,16,Japanese Grand Prix,NOR,McLaren,2.0,3.0,18.0,Finished,53.0,3.0,98.07959574468089,1,22,10,14,5.2,5.666666666666667,7.6,0.8,10.0,10.5,0.0,0.5,16,60,162.0
2023,16,Japanese Grand Prix,PIA,McLaren,3.0,2.0,15.0,Finished,53.0,2.0,98.62725,1,25,10,14,10.6,9.333333333333334,6.2,0.6,10.488898563343492,7.666666666666667,0.0,-0.5,16,16,162.0
2023,16,Japanese Grand Prix,LEC,Ferrari,4.0,4.0,12.0,Finished,53.0,4.0,99.08881250000002,1,17,7,14,7.4,9.0,6.2,0.9,3.0,11.0,0.0,-1.0,16,60,259.0
2023,16,Japanese Grand Prix,HAM,Mercedes,5.0,7.0,10.0,Finished,53.0,7.0,98.74636170212766,1,12,11,14,4.6,5.0,9.4,1.0,5.0,6.5,0.0,-0.5,16,60,294.0
2023,16,Japanese Grand Prix,SAI,Ferrari,6.0,6.0,8.0,Finished,53.0,6.0,99.2099375,1,29,7,14,7.2,3.0,3.2,0.9,19.0,8.666666666666666,0.0,1.0,16,60,259.0
2023,16,Japanese Grand Prix,RUS,Mercedes,7.0,8.0,6.0,Finished,53.0,8.0,99.72681632653062,1,28,11,14,10.0,12.666666666666666,7.0,0.8,8.0,6.0,0.0,0.5,16,60,294.0
2023,16,Japanese Grand Prix,ALO,Aston Martin,8.0,10.0,4.0,Finished,53.0,10.0,100.1031224489796,1,1,4,14,8.0,8.666666666666666,12.75,1.0,7.0,9.0,0.0,-3.5,16,60,208.0
2023,16,Japanese Grand Prix,OCO,Alpine,9.0,14.0,2.0,Finished,53.0,14.0,100.09473469387756,1,23,3,14,14.8,15.666666666666666,13.6,0.5,4.0,5.5,0.0,1.0,16,60,76.0
2023,16,Japanese Grand Prix,GAS,Alpine,10.0,12.0,1.0,Finished,53.0,12.0,99.38412765957445,1,9,3,14,11.0,8.0,13.4,0.8,18.0,6.666666666666667,0.0,-1.0,16,60,76.0
2023,16,Japanese Grand Prix,LAW,AlphaTauri,11.0,11.0,0.0,Lapped,52.0,11.0,100.65741666666668,0,16,2,14,11.0,11.0,14.8,1.0,10.488898563343492,15.5,0.0,1.0,16,4,5.0
2023,16,Japanese Grand Prix,TSU,AlphaTauri,12.0,9.0,0.0,Lapped,52.0,9.0,100.6656875,0,32,2,14,15.8,18.0,14.0,0.5,13.0,14.0,0.0,-1.0,16,60,5.0
2023,16,Japanese Grand Prix,ZHO,Alfa Romeo,13.0,19.0,0.0,Lapped,52.0,19.0,100.64952083333333,0,35,0,14,14.6,14.666666666666666,14.2,0.5,16.0,15.5,0.0,1.5,16,38,10.0
2023,16,Japanese Grand Prix,HUL,Haas F1 Team,14.0,18.0,0.0,Lapped,52.0,18.0,99.52333333333334,0,13,8,14,14.8,14.0,14.8,0.4,10.488898563343492,15.5,0.0,1.5,16,18,9.0
2023,16,Japanese Grand Prix,MAG,Haas F1 Team,15.0,15.0,0.0,Lapped,52.0,15.0,99.8769347826087,0,19,8,14,15.2,14.666666666666666,14.4,0.3,14.0,15.0,0.0,-1.5,16,38,9.0
2023,16,Japanese Grand Prix,ALB,Williams,16.0,13.0,0.0,Retired,26.0,13.0,101.36061904761908,0,0,15,14,10.2,8.666666666666666,13.0,0.7,20.0,14.5,0.0,-3.5,16,37,21.0
2023,16,Japanese Grand Prix,SAR,Williams,17.0,20.0,0.0,Retired,22.0,20.0,102.352125,0,30,15,14,16.4,15.666666666666666,12.2,0.4,10.488898563343492,15.0,0.0,3.5,16,16,21.0
2023,16,Japanese Grand Prix,STR,Aston Martin,18.0,17.0,0.0,Retired,20.0,17.0,101.40693333333336,0,31,4,14,11.5,13.5,12.0,0.7,12.0,8.666666666666666,0.0,3.5,16,60,208.0
2023,16,Japanese Grand Prix,PER,Red Bull Racing,19.0,5.0,0.0,Retired,15.0,5.0,100.384,0,24,14,14,3.8,4.666666666666667,3.4,0.9,2.0,1.3333333333333333,0.0,2.0,16,60,586.0
2023,16,Japanese Grand Prix,BOT,Alfa Romeo,20.0,16.0,0.0,Retired,7.0,16.0,123.40733333333333,0,5,0,14,13.0,13.666666666666666,13.2,0.5,15.0,14.666666666666666,0.0,-1.5,16,60,10.0
2023,17,Qatar Grand Prix,VER,Red Bull Racing,1.0,1.0,26.0,Finished,57.0,1.0,87.48216000000001,1,33,14,20,1.8,2.3333333333333335,7.0,1.0,2.0,3.0,0.0,-6.0,17,61,613.0
2023,17,Qatar Grand Prix,PIA,McLaren,2.0,6.0,18.0,Finished,57.0,6.0,87.49411999999998,1,25,10,20,10.2,7.333333333333333,5.2,0.7,10.488898563343492,10.5,0.0,-2.0,17,17,195.0
2023,17,Qatar Grand Prix,NOR,McLaren,3.0,10.0,15.0,Finished,57.0,10.0,87.55035999999998,1,22,10,20,5.2,4.0,3.2,0.9,9.0,7.666666666666667,0.0,2.0,17,61,195.0
2023,17,Qatar Grand Prix,RUS,Mercedes,4.0,2.0,12.0,Finished,57.0,2.0,88.05752000000003,1,28,11,20,10.2,9.333333333333334,7.4,0.8,17.0,10.5,0.0,-0.5,17,61,306.0
2023,17,Qatar Grand Prix,LEC,Ferrari,5.0,5.0,10.0,Finished,57.0,5.0,88.17119999999998,1,17,7,20,6.8,4.0,3.8,0.9,8.0,7.5,0.0,-3.5,17,61,269.0
2023,17,Qatar Grand Prix,ALO,Aston Martin,6.0,4.0,8.0,Finished,57.0,4.0,88.37485999999998,1,1,4,20,7.8,10.666666666666666,14.25,1.0,3.0,8.0,0.0,-6.5,17,61,216.0
2023,17,Qatar Grand Prix,OCO,Alpine,7.0,8.0,6.0,Finished,57.0,8.0,88.5518,1,23,3,20,12.8,15.333333333333334,12.4,0.5,5.0,4.0,0.0,0.5,17,61,82.0
2023,17,Qatar Grand Prix,BOT,Alfa Romeo,8.0,9.0,4.0,Finished,57.0,9.0,89.05323529411766,1,5,0,20,14.6,15.666666666666666,15.2,0.5,20.0,10.488898563343492,0.0,-5.5,17,61,16.0
2023,17,Qatar Grand Prix,ZHO,Alfa Romeo,9.0,19.0,2.0,Finished,57.0,20.0,88.85539999999999,1,35,0,20,14.0,13.0,14.0,0.5,10.488898563343492,8.0,1.0,5.5,17,39,16.0
2023,17,Qatar Grand Prix,PER,Red Bull Racing,10.0,20.0,1.0,Finished,57.0,13.0,88.63444,1,24,14,20,7.0,9.666666666666666,6.8,0.9,4.0,2.3333333333333335,-7.0,6.0,17,61,613.0
2023,17,Qatar Grand Prix,STR,Aston Martin,11.0,16.0,0.0,Finished,57.0,17.0,89.14780392156862,1,31,4,20,13.5,17.0,11.75,0.7,6.0,7.333333333333333,1.0,6.5,17,61,216.0
2023,17,Qatar Grand Prix,GAS,Alpine,12.0,7.0,0.0,Finished,57.0,7.0,88.59508,1,9,3,20,9.0,10.333333333333334,10.0,0.8,11.0,5.0,0.0,-0.5,17,61,82.0
2023,17,Qatar Grand Prix,ALB,Williams,13.0,13.0,0.0,Finished,57.0,14.0,88.85296,1,0,15,20,11.2,11.333333333333334,14.2,0.7,10.488898563343492,18.0,1.0,-1.0,17,38,21.0
2023,17,Qatar Grand Prix,MAG,Haas F1 Team,14.0,18.0,0.0,Lapped,56.0,19.0,89.47452,0,19,8,20,14.8,14.333333333333334,14.0,0.3,10.488898563343492,17.0,1.0,2.0,17,39,9.0
2023,17,Qatar Grand Prix,TSU,AlphaTauri,15.0,11.0,0.0,Lapped,56.0,11.0,89.3196530612245,0,32,2,20,15.2,17.0,14.2,0.5,13.0,12.0,0.0,-3.5,17,61,5.0
2023,17,Qatar Grand Prix,HUL,Haas F1 Team,16.0,14.0,0.0,Lapped,56.0,15.0,89.08293877551023,0,13,8,20,14.8,14.666666666666666,13.2,0.4,10.488898563343492,16.0,1.0,-2.0,17,19,9.0
2023,17,Qatar Grand Prix,LAW,AlphaTauri,17.0,17.0,0.0,Lapped,56.0,18.0,89.98018000000002,0,16,2,20,11.0,10.333333333333334,13.2,0.75,10.488898563343492,13.0,1.0,3.5,17,5,5.0
2023,17,Qatar Grand Prix,SAR,Williams,18.0,15.0,0.0,Retired,40.0,16.0,90.03581818181819,0,30,15,20,16.2,14.666666666666666,14.2,0.4,10.488898563343492,16.333333333333332,1.0,1.0,17,17,21.0
2023,17,Qatar Grand Prix,HAM,Mercedes,19.0,3.0,0.0,Retired,0.0,3.0,88.74369999999999,0,12,11,20,4.8,4.666666666666667,7.0,1.0,1.0,8.333333333333334,0.0,0.5,17,61,306.0
2023,17,Qatar Grand Prix,SAI,Ferrari,20.0,12.0,0.0,Did not start,0.0,12.0,88.74369999999999,0,29,7,20,6.8,3.3333333333333335,4.0,0.9,7.0,6.666666666666667,0.0,3.5,17,61,269.0
2023,18,United States Grand Prix,VER,Red Bull Racing,1.0,6.0,25.0,Finished,56.0,6.0,101.80356363636363,1,33,14,28,1.8,2.3333333333333335,7.8,1.0,1.0,2.25,0.0,-1.5,18,62,650.0
2023,18,United States Grand Prix,NOR,McLaren,2.0,2.0,18.0,Finished,56.0,2.0,102.35878571428572,1,22,10,28,4.4,2.3333333333333335,3.4,1.0,7.0,8.75,0.0,-4.0,18,62,213.0
2023,18,United States Grand Prix,SAI,Ferrari,3.0,4.0,15.0,Finished,56.0,4.0,102.43742857142855,1,29,7,28,7.0,9.0,7.8,0.8,13.5,8.5,0.0,1.5,18,62,284.0
2023,18,United States Grand Prix,PER,Red Bull Racing,4.0,9.0,12.0,Finished,56.0,9.0,102.49682142857144,1,24,14,28,8.6,12.333333333333334,6.4,0.9,3.5,2.0,0.0,1.5,18,62,650.0
2023,18,United States Grand Prix,RUS,Mercedes,5.0,5.0,10.0,Finished,56.0,5.0,102.24669090909092,1,28,11,28,9.8,9.0,10.2,0.8,9.5,3.75,0.0,1.0,18,62,316.0
2023,18,United States Grand Prix,GAS,Alpine,6.0,7.0,8.0,Finished,56.0,7.0,103.02425,1,9,3,28,9.2,9.333333333333334,11.2,0.8,17.0,13.75,0.0,-0.5,18,62,90.0
2023,18,United States Grand Prix,STR,Aston Martin,7.0,20.0,6.0,Finished,56.0,19.0,102.67423636363635,1,31,4,28,14.0,14.5,10.75,0.7,15.0,12.0,-1.0,1.0,18,62,222.0
2023,18,United States Grand Prix,TSU,AlphaTauri,8.0,11.0,5.0,Finished,56.0,11.0,103.49548214285711,1,32,2,28,16.2,15.333333333333334,14.8,0.4,9.5,13.25,0.0,-2.0,18,62,10.0
2023,18,United States Grand Prix,ALB,Williams,9.0,15.0,2.0,Finished,56.0,18.0,103.26183636363638,1,0,15,28,11.0,13.333333333333334,15.6,0.8,13.0,14.75,3.0,-1.0,18,39,24.0
2023,18,United States Grand Prix,SAR,Williams,10.0,16.0,1.0,Finished,56.0,20.0,103.36770909090907,1,30,15,28,16.4,16.333333333333332,14.6,0.4,10.488898563343492,13.6,4.0,1.0,18,18,24.0
2023,18,United States Grand Prix,HUL,Haas F1 Team,11.0,18.0,0.0,Finished,56.0,16.0,103.3816909090909,1,13,8,28,14.4,14.333333333333334,14.4,0.4,10.488898563343492,14.25,-2.0,1.0,18,20,9.0
2023,18,United States Grand Prix,BOT,Alfa Romeo,12.0,13.0,0.0,Finished,56.0,13.0,103.92791071428572,1,5,0,28,13.8,15.0,13.4,0.6,12.5,15.5,0.0,0.5,18,62,16.0
2023,18,United States Grand Prix,ZHO,Alfa Romeo,13.0,12.0,0.0,Lapped,55.0,12.0,103.33264150943398,0,35,0,28,13.2,11.333333333333334,12.4,0.5,12.0,14.333333333333334,0.0,-0.5,18,40,16.0
2023,18,United States Grand Prix,MAG,Haas F1 Team,14.0,17.0,0.0,Lapped,55.0,14.0,103.78681481481482,0,19,8,28,14.6,13.0,14.0,0.3,9.0,13.6,-3.0,-1.0,18,40,9.0
2023,18,United States Grand Prix,RIC,AlphaTauri,15.0,14.0,0.0,Lapped,55.0,15.0,103.77301851851853,0,27,2,28,13.0,12.666666666666666,12.6,0.6,10.5,12.2,1.0,2.0,18,47,10.0
2023,18,United States Grand Prix,ALO,Aston Martin,16.0,19.0,0.0,Retired,49.0,17.0,103.63728571428572,0,1,4,28,8.0,9.666666666666666,10.0,1.0,12.5,11.0,-2.0,-1.0,18,62,222.0
2023,18,United States Grand Prix,PIA,McLaren,17.0,10.0,0.0,Retired,10.0,10.0,103.47488888888888,0,25,10,28,6.6,4.0,2.4,0.8,10.488898563343492,7.4,0.0,4.0,18,18,213.0
2023,18,United States Grand Prix,OCO,Alpine,18.0,8.0,0.0,Retired,6.0,8.0,108.07483333333332,0,23,3,28,12.6,11.333333333333334,8.8,0.5,15.0,12.2,0.0,0.5,18,62,90.0
2023,18,United States Grand Prix,HAM,Mercedes,19.0,3.0,0.0,Disqualified,56.0,3.0,101.82823636363638,0,12,11,28,7.8,9.0,8.0,0.9,2.0,4.0,0.0,-1.0,18,62,316.0
2023,18,United States Grand Prix,LEC,Ferrari,20.0,1.0,0.0,Disqualified,56.0,1.0,102.23872727272727,0,17,7,28,7.2,4.333333333333333,7.6,0.9,3.5,7.4,0.0,-1.5,18,62,284.0
2023,19,Mexico City Grand Prix,VER,Red Bull Racing,1.0,3.0,25.0,Finished,71.0,3.0,83.01418181818183,1,33,14,16,1.8,1.0,7.0,1.0,1.0,2.0,0.0,-1.0,19,63,675.0
2023,19,Mexico City Grand Prix,HAM,Mercedes,2.0,6.0,19.0,Finished,71.0,6.0,83.54636363636362,1,12,11,16,10.4,14.333333333333334,10.8,0.8,2.0,5.75,0.0,-1.0,19,63,343.0
2023,19,Mexico City Grand Prix,LEC,Ferrari,3.0,1.0,15.0,Finished,71.0,1.0,83.62062121212122,1,17,7,16,7.4,9.666666666666666,10.8,0.8,5.5,5.5,0.0,-0.5,19,63,311.0
2023,19,Mexico City Grand Prix,SAI,Ferrari,4.0,2.0,12.0,Finished,71.0,2.0,83.56920000000001,1,29,7,16,6.6,9.666666666666666,10.2,0.8,5.5,5.0,0.0,0.5,19,63,311.0
2023,19,Mexico City Grand Prix,NOR,McLaren,5.0,17.0,10.0,Finished,71.0,19.0,83.7101076923077,1,22,10,16,3.4,2.3333333333333335,5.4,1.0,9.5,9.5,2.0,6.0,19,63,227.0
2023,19,Mexico City Grand Prix,RUS,Mercedes,6.0,8.0,8.0,Finished,71.0,8.0,83.86578461538463,1,28,11,16,7.4,5.333333333333333,9.8,0.9,10.0,5.0,0.0,1.0,19,63,343.0
2023,19,Mexico City Grand Prix,RIC,AlphaTauri,7.0,4.0,6.0,Finished,71.0,4.0,83.82678461538461,1,27,2,16,14.6,14.666666666666666,13.4,0.5,9.5,13.75,0.0,-5.5,19,48,16.0
2023,19,Mexico City Grand Prix,PIA,McLaren,8.0,7.0,4.0,Finished,71.0,7.0,83.84843076923077,1,25,10,16,8.2,7.333333333333333,5.8,0.7,10.488898563343492,8.6,0.0,-6.0,19,19,227.0
2023,19,Mexico City Grand Prix,ALB,Williams,9.0,14.0,2.0,Finished,71.0,14.0,84.35548484848485,1,0,15,16,11.2,12.666666666666666,13.4,0.8,12.0,15.75,0.0,-3.0,19,40,26.0
2023,19,Mexico City Grand Prix,OCO,Alpine,10.0,15.0,1.0,Finished,71.0,16.0,85.12414925373135,1,23,3,16,14.2,11.333333333333334,10.6,0.4,10.5,12.25,1.0,2.5,19,63,91.0
2023,19,Mexico City Grand Prix,GAS,Alpine,11.0,11.0,0.0,Finished,71.0,11.0,84.47124615384615,1,9,3,16,9.8,9.333333333333334,10.6,0.8,7.5,11.8,0.0,-2.5,19,63,91.0
2023,19,Mexico City Grand Prix,TSU,AlphaTauri,12.0,18.0,0.0,Finished,71.0,15.0,84.50461538461539,1,32,2,16,14.8,11.666666666666666,12.4,0.4,20.0,12.4,-3.0,5.5,19,63,16.0
2023,19,Mexico City Grand Prix,HUL,Haas F1 Team,13.0,12.0,0.0,Finished,71.0,12.0,84.67353846153844,1,13,8,16,14.2,13.666666666666666,14.0,0.5,10.488898563343492,17.5,0.0,-2.5,19,21,9.0
2023,19,Mexico City Grand Prix,ZHO,Alfa Romeo,14.0,10.0,0.0,Finished,71.0,10.0,84.75192307692306,1,35,0,16,12.2,11.666666666666666,12.4,0.5,13.0,11.5,0.0,0.5,19,41,16.0
2023,19,Mexico City Grand Prix,BOT,Alfa Romeo,15.0,9.0,0.0,Finished,71.0,9.0,84.8717076923077,1,5,0,16,13.4,13.333333333333334,11.2,0.6,12.5,12.333333333333334,0.0,-0.5,19,63,16.0
2023,19,Mexico City Grand Prix,SAR,Williams,16.0,19.0,0.0,Retired,70.0,20.0,85.09250769230769,0,30,15,16,14.4,15.0,11.8,0.5,10.488898563343492,14.4,1.0,3.0,19,19,26.0
2023,19,Mexico City Grand Prix,STR,Aston Martin,17.0,0.0,0.0,Collision damage,66.0,18.0,85.25023333333334,0,31,4,16,13.0,12.0,11.6,0.7,14.5,12.5,18.0,2.5,19,63,222.0
2023,19,Mexico City Grand Prix,ALO,Aston Martin,18.0,13.0,0.0,Withdrew,47.0,13.0,86.2120238095238,0,1,4,16,10.8,10.0,11.4,0.9,14.0,13.4,0.0,-2.5,19,63,222.0
2023,19,Mexico City Grand Prix,MAG,Haas F1 Team,19.0,16.0,0.0,Accident,31.0,17.0,85.38979310344828,0,19,8,16,14.2,14.333333333333334,13.6,0.3,17.0,16.6,1.0,2.5,19,41,9.0
2023,19,Mexico City Grand Prix,PER,Red Bull Racing,20.0,5.0,0.0,Collision damage,1.0,5.0,103.446,0,24,14,16,8.6,11.0,3.4,0.9,3.0,1.8,0.0,1.0,19,63,675.0
2023,20,São Paulo Grand Prix,VER,Red Bull Racing,1.0,1.0,25.0,Finished,71.0,1.0,75.44187692307693,1,33,14,26,1.8,1.0,7.2,1.0,4.0,4.75,0.0,-4.0,20,64,712.0
2023,20,São Paulo Grand Prix,NOR,McLaren,2.0,6.0,19.0,Finished,71.0,7.0,75.53552307692308,1,22,10,26,2.8,3.3333333333333335,7.0,1.0,14.0,16.75,1.0,-1.5,20,64,246.0
2023,20,São Paulo Grand Prix,ALO,Aston Martin,3.0,4.0,15.0,Finished,71.0,4.0,75.90170769230771,1,1,4,26,12.6,13.333333333333334,13.8,0.8,7.0,13.0,0.0,0.5,20,64,247.0
2023,20,São Paulo Grand Prix,PER,Red Bull Racing,4.0,9.0,12.0,Finished,71.0,9.0,75.8887076923077,1,24,14,26,12.2,11.333333333333334,5.4,0.8,5.5,4.0,0.0,4.0,20,64,712.0
2023,20,São Paulo Grand Prix,STR,Aston Martin,5.0,3.0,10.0,Finished,71.0,3.0,75.97503076923077,1,31,4,26,13.25,11.666666666666666,12.2,0.6,15.0,11.0,0.0,-0.5,20,64,247.0
2023,20,São Paulo Grand Prix,SAI,Ferrari,6.0,7.0,8.0,Finished,71.0,8.0,76.14075384615386,1,29,7,26,6.8,9.0,10.0,0.8,4.5,4.5,1.0,3.0,20,64,319.0
2023,20,São Paulo Grand Prix,GAS,Alpine,7.0,15.0,6.0,Finished,71.0,13.0,76.26395454545455,1,9,3,26,9.0,9.666666666666666,11.4,0.8,10.5,7.5,-2.0,0.5,20,64,98.0
2023,20,São Paulo Grand Prix,HAM,Mercedes,8.0,5.0,4.0,Finished,71.0,5.0,76.32481538461539,1,12,11,26,9.6,13.333333333333334,10.2,0.8,1.5,1.75,0.0,-0.5,20,64,347.0
2023,20,São Paulo Grand Prix,TSU,AlphaTauri,9.0,16.0,2.0,Finished,71.0,16.0,76.39663636363636,1,32,2,26,13.2,11.666666666666666,11.8,0.5,16.0,13.25,0.0,-0.5,20,64,18.0
2023,20,São Paulo Grand Prix,OCO,Alpine,10.0,14.0,1.0,Lapped,70.0,12.0,76.48126562499999,0,23,3,26,12.4,11.666666666666666,10.4,0.5,8.0,7.4,-2.0,-0.5,20,64,98.0
2023,20,São Paulo Grand Prix,SAR,Williams,11.0,19.0,0.0,Lapped,70.0,19.0,76.9452153846154,0,30,15,26,15.0,14.666666666666666,12.4,0.5,10.488898563343492,15.0,0.0,2.0,20,20,26.0
2023,20,São Paulo Grand Prix,HUL,Haas F1 Team,12.0,11.0,0.0,Lapped,70.0,11.0,76.93876923076924,0,13,8,26,13.4,13.333333333333334,14.6,0.6,10.488898563343492,16.75,0.0,-1.5,20,22,9.0
2023,20,São Paulo Grand Prix,RIC,AlphaTauri,13.0,17.0,0.0,Lapped,70.0,17.0,76.25112307692307,0,27,2,26,12.0,12.666666666666666,10.2,0.6,19.5,12.4,0.0,0.5,20,49,18.0
2023,20,São Paulo Grand Prix,PIA,McLaren,14.0,10.0,0.0,Lapped,69.0,10.0,76.461328125,0,25,10,26,7.4,9.0,6.8,0.8,10.488898563343492,13.8,0.0,1.5,20,20,246.0
2023,20,São Paulo Grand Prix,RUS,Mercedes,15.0,8.0,0.0,Retired,57.0,6.0,76.76766,0,28,11,26,7.6,5.0,8.0,0.9,7.0,3.0,-2.0,0.5,20,64,347.0
2023,20,São Paulo Grand Prix,BOT,Alfa Romeo,16.0,18.0,0.0,Retired,39.0,18.0,77.4728,0,5,0,26,14.4,11.666666666666666,12.6,0.7,6.0,10.5,0.0,-1.0,20,64,16.0
2023,20,São Paulo Grand Prix,ZHO,Alfa Romeo,17.0,20.0,0.0,Retired,22.0,20.0,78.36022222222223,0,35,0,26,12.2,12.0,14.0,0.6,12.0,12.333333333333334,0.0,1.0,20,42,16.0
2023,20,São Paulo Grand Prix,MAG,Haas F1 Team,18.0,12.0,0.0,Retired,0.0,14.0,76.32481538461539,0,19,8,26,14.4,15.666666666666666,13.8,0.3,19.0,15.8,2.0,1.5,20,42,9.0
2023,20,São Paulo Grand Prix,ALB,Williams,19.0,13.0,0.0,Retired,0.0,15.0,76.32481538461539,0,0,15,26,11.6,10.333333333333334,11.0,0.8,15.0,14.2,2.0,-2.0,20,41,26.0
2023,20,São Paulo Grand Prix,LEC,Ferrari,20.0,2.0,0.0,Did not start,0.0,2.0,76.32481538461539,0,17,7,26,7.2,9.333333333333334,7.2,0.8,4.5,4.8,0.0,-3.0,20,64,319.0
2023,21,Las Vegas Grand Prix,VER,Red Bull Racing,1.0,2.0,25.0,Finished,50.0,3.0,98.67616279069767,1,33,14,15,1.0,1.0,6.0,1.0,10.488898563343492,10.488898563343492,1.0,-4.5,21,65,752.0
2023,21,Las Vegas Grand Prix,LEC,Ferrari,2.0,1.0,18.0,Finished,50.0,1.0,99.1173409090909,1,17,7,15,10.4,14.333333333333334,10.6,0.7,10.488898563343492,10.488898563343492,0.0,-0.5,21,65,345.0
2023,21,Las Vegas Grand Prix,PER,Red Bull Racing,3.0,11.0,15.0,Finished,50.0,12.0,98.28585714285715,1,24,14,15,11.4,9.333333333333334,5.4,0.8,10.488898563343492,1.0,1.0,4.5,21,65,752.0
2023,21,Las Vegas Grand Prix,OCO,Alpine,4.0,16.0,12.0,Finished,50.0,17.0,99.728,1,23,3,15,10.8,12.666666666666666,11.2,0.5,10.488898563343492,10.488898563343492,1.0,6.0,21,65,110.0
2023,21,Las Vegas Grand Prix,STR,Aston Martin,5.0,19.0,10.0,Finished,50.0,14.0,99.4590465116279,1,31,4,15,11.6,9.666666666666666,11.8,0.6,10.488898563343492,10.488898563343492,-5.0,2.0,21,65,259.0
2023,21,Las Vegas Grand Prix,SAI,Ferrari,6.0,12.0,8.0,Finished,50.0,2.0,99.47948837209302,1,29,7,15,7.8,4.333333333333333,7.0,0.8,10.488898563343492,2.0,-10.0,0.5,21,65,345.0
2023,21,Las Vegas Grand Prix,HAM,Mercedes,7.0,10.0,6.0,Finished,50.0,11.0,99.7466904761905,1,12,11,15,10.6,9.666666666666666,10.0,0.8,10.488898563343492,10.488898563343492,1.0,3.5,21,65,357.0
2023,21,Las Vegas Grand Prix,RUS,Mercedes,8.0,3.0,4.0,Finished,50.0,4.0,99.67181818181815,1,28,11,15,7.4,8.666666666666666,7.6,0.8,10.488898563343492,7.0,1.0,-3.5,21,65,357.0
2023,21,Las Vegas Grand Prix,ALO,Aston Martin,9.0,9.0,2.0,Finished,50.0,10.0,99.33461904761904,1,1,4,15,10.2,12.333333333333334,9.6,0.8,10.488898563343492,5.0,1.0,-2.0,21,65,259.0
2023,21,Las Vegas Grand Prix,PIA,McLaren,10.0,18.0,2.0,Finished,50.0,19.0,99.16912195121952,1,25,10,15,8.8,13.0,9.2,0.7,10.488898563343492,10.488898563343492,1.0,1.5,21,21,248.0
2023,21,Las Vegas Grand Prix,GAS,Alpine,11.0,4.0,0.0,Finished,50.0,5.0,100.29163636363636,1,9,3,15,9.2,8.0,8.4,0.9,10.488898563343492,4.0,1.0,-6.0,21,65,110.0
2023,21,Las Vegas Grand Prix,ALB,Williams,12.0,5.0,0.0,Finished,50.0,6.0,100.60927272727272,1,0,15,15,13.2,12.333333333333334,13.0,0.7,10.488898563343492,10.488898563343492,1.0,-0.5,21,42,26.0
2023,21,Las Vegas Grand Prix,MAG,Haas F1 Team,13.0,8.0,0.0,Finished,50.0,9.0,100.593,1,19,8,15,16.0,17.0,15.2,0.3,10.488898563343492,10.488898563343492,1.0,-2.0,21,43,9.0
2023,21,Las Vegas Grand Prix,RIC,AlphaTauri,14.0,14.0,0.0,Finished,50.0,15.0,101.00037209302327,1,27,2,15,12.8,11.666666666666666,11.2,0.5,10.488898563343492,10.488898563343492,1.0,-2.5,21,50,18.0
2023,21,Las Vegas Grand Prix,ZHO,Alfa Romeo,15.0,17.0,0.0,Finished,50.0,18.0,100.5119069767442,1,35,0,15,13.2,14.666666666666666,15.0,0.5,10.488898563343492,10.488898563343492,1.0,5.0,21,43,16.0
2023,21,Las Vegas Grand Prix,SAR,Williams,16.0,6.0,0.0,Finished,50.0,7.0,100.97288636363638,1,30,15,15,14.4,12.333333333333334,13.4,0.4,10.488898563343492,12.0,1.0,0.5,21,21,26.0
2023,21,Las Vegas Grand Prix,BOT,Alfa Romeo,17.0,7.0,0.0,Finished,50.0,8.0,101.42226829268292,1,5,0,15,14.2,14.333333333333334,15.4,0.6,10.488898563343492,15.0,1.0,-5.0,21,65,16.0
2023,21,Las Vegas Grand Prix,TSU,AlphaTauri,18.0,20.0,0.0,Retired,46.0,20.0,101.982,0,32,2,15,11.2,9.666666666666666,11.0,0.5,10.488898563343492,14.0,0.0,2.5,21,65,18.0
2023,21,Las Vegas Grand Prix,HUL,Haas F1 Team,19.0,13.0,0.0,Retired,45.0,13.0,100.56310810810812,0,13,8,15,13.2,12.0,15.0,0.5,10.488898563343492,13.0,0.0,2.0,21,23,9.0
2023,21,Las Vegas Grand Prix,NOR,McLaren,20.0,15.0,0.0,Retired,2.0,16.0,124.8445,0,22,10,15,2.8,3.0,7.8,1.0,10.488898563343492,10.0,1.0,-1.5,21,65,248.0
2023,22,Abu Dhabi Grand Prix,VER,Red Bull Racing,1.0,1.0,26.0,Finished,58.0,1.0,89.36189285714285,1,33,14,0,1.0,1.0,5.8,1.0,1.0,5.0,0.0,-4.0,22,66,790.0
2023,22,Abu Dhabi Grand Prix,LEC,Ferrari,2.0,2.0,18.0,Finished,58.0,2.0,89.66883928571428,1,17,7,0,10.0,8.333333333333334,7.6,0.7,6.0,4.75,0.0,-7.0,22,66,363.0
2023,22,Abu Dhabi Grand Prix,RUS,Mercedes,3.0,4.0,15.0,Finished,58.0,4.0,89.71617857142857,1,28,11,0,7.6,9.666666666666666,8.8,0.8,11.5,7.75,0.0,-3.5,22,66,374.0
2023,22,Abu Dhabi Grand Prix,PER,Red Bull Racing,4.0,9.0,12.0,Finished,58.0,9.0,89.67798214285715,1,24,14,0,8.2,9.0,2.0,0.8,9.0,4.2,0.0,4.0,22,66,790.0
2023,22,Abu Dhabi Grand Prix,NOR,McLaren,5.0,5.0,10.0,Finished,58.0,5.0,89.75019642857144,1,22,10,0,6.4,9.0,10.8,0.9,6.5,8.5,0.0,1.0,22,66,266.0
2023,22,Abu Dhabi Grand Prix,PIA,McLaren,6.0,3.0,8.0,Finished,58.0,3.0,90.24608771929825,1,25,10,0,10.2,10.666666666666666,10.2,0.7,10.488898563343492,7.8,0.0,-1.0,22,22,266.0
2023,22,Abu Dhabi Grand Prix,ALO,Aston Martin,7.0,7.0,6.0,Finished,58.0,7.0,90.03307142857145,1,1,4,0,10.4,10.0,8.0,0.8,14.0,10.5,0.0,-3.0,22,66,266.0
2023,22,Abu Dhabi Grand Prix,TSU,AlphaTauri,8.0,6.0,4.0,Finished,58.0,6.0,90.444,1,32,2,0,12.4,13.0,13.2,0.5,7.5,8.5,0.0,-4.5,22,66,22.0
2023,22,Abu Dhabi Grand Prix,HAM,Mercedes,9.0,11.0,2.0,Finished,58.0,11.0,90.13271428571429,1,12,11,0,11.0,5.666666666666667,8.2,0.8,10.0,6.8,0.0,3.5,22,66,374.0
2023,22,Abu Dhabi Grand Prix,STR,Aston Martin,10.0,13.0,1.0,Finished,58.0,13.0,90.6892105263158,1,31,4,0,9.0,9.0,5.8,0.7,10.5,9.8,0.0,3.0,22,66,266.0
2023,22,Abu Dhabi Grand Prix,RIC,AlphaTauri,11.0,15.0,0.0,Finished,58.0,15.0,90.33101785714288,1,27,2,0,13.0,11.333333333333334,12.4,0.5,10.5,8.4,0.0,4.5,22,51,22.0
2023,22,Abu Dhabi Grand Prix,OCO,Alpine,12.0,12.0,0.0,Finished,58.0,12.0,90.84880701754386,1,23,3,0,9.8,8.0,8.6,0.6,8.0,11.0,0.0,1.0,22,66,110.0
2023,22,Abu Dhabi Grand Prix,GAS,Alpine,13.0,10.0,0.0,Finished,58.0,10.0,90.54067857142856,1,9,3,0,9.4,9.666666666666666,8.8,1.0,9.5,11.2,0.0,-1.0,22,66,110.0
2023,22,Abu Dhabi Grand Prix,ALB,Williams,14.0,14.0,0.0,Finished,58.0,14.0,90.61646428571429,1,0,15,0,12.4,13.333333333333334,14.8,0.8,13.0,16.5,0.0,-3.0,22,43,26.0
2023,22,Abu Dhabi Grand Prix,HUL,Haas F1 Team,15.0,8.0,0.0,Finished,58.0,8.0,90.8103392857143,1,13,8,0,14.2,14.666666666666666,16.2,0.5,10.488898563343492,15.666666666666666,0.0,-4.5,22,24,9.0
2023,22,Abu Dhabi Grand Prix,SAR,Williams,16.0,20.0,0.0,Finished,58.0,20.0,90.86578571428572,1,30,15,0,14.2,14.333333333333334,14.4,0.5,10.488898563343492,16.0,0.0,3.0,22,22,26.0
2023,22,Abu Dhabi Grand Prix,ZHO,Alfa Romeo,17.0,19.0,0.0,Finished,58.0,19.0,90.8705,1,35,0,0,13.6,15.333333333333334,16.0,0.6,12.0,13.5,0.0,0.5,22,44,16.0
2023,22,Abu Dhabi Grand Prix,SAI,Ferrari,18.0,16.0,0.0,Retired,57.0,16.0,90.74216363636364,0,29,7,0,7.8,5.333333333333333,7.2,0.8,3.5,4.2,0.0,7.0,22,66,363.0
2023,22,Abu Dhabi Grand Prix,BOT,Alfa Romeo,19.0,18.0,0.0,Lapped,57.0,18.0,91.463375,0,5,0,0,13.6,16.0,16.4,0.7,10.5,14.666666666666666,0.0,-0.5,22,66,16.0
2023,22,Abu Dhabi Grand Prix,MAG,Haas F1 Team,20.0,17.0,0.0,Lapped,57.0,17.0,91.18429090909092,0,19,8,0,15.6,16.666666666666668,15.4,0.4,17.0,15.5,0.0,4.5,22,44,9.0
2024,1,Bahrain Grand Prix,VER,Red Bull Racing,1.0,1.0,26.0,Finished,57.0,1.0,95.82623636363635,1,33,14,4,1.0,1.0,2.6,1.0,7.333333333333333,7.833333333333333,0.0,-2.0,1,67,44.0
2024,1,Bahrain Grand Prix,PER,Red Bull Racing,2.0,5.0,18.0,Finished,57.0,5.0,96.25030909090908,1,24,14,4,7.0,3.6666666666666665,2.0,0.8,8.333333333333334,6.857142857142857,0.0,2.0,1,67,44.0
2024,1,Bahrain Grand Prix,SAI,Ferrari,3.0,4.0,15.0,Finished,57.0,4.0,96.3092181818182,1,29,7,4,7.4,10.0,9.6,0.8,4.666666666666667,6.666666666666667,0.0,1.0,1,67,27.0
2024,1,Bahrain Grand Prix,LEC,Ferrari,4.0,2.0,12.0,Finished,57.0,2.0,96.55952727272724,1,17,7,4,9.4,8.0,6.2,0.7,8.666666666666666,6.142857142857143,0.0,-1.0,1,67,27.0
2024,1,Bahrain Grand Prix,RUS,Mercedes,5.0,3.0,10.0,Finished,57.0,3.0,96.65096363636364,1,28,11,4,7.4,8.666666666666666,8.4,0.8,8.333333333333334,3.8333333333333335,0.0,-3.0,1,67,16.0
2024,1,Bahrain Grand Prix,NOR,McLaren,6.0,7.0,8.0,Finished,57.0,7.0,96.70058181818182,1,22,10,4,6.8,9.0,11.0,0.9,12.0,12.833333333333334,0.0,-0.5,1,67,12.0
2024,1,Bahrain Grand Prix,HAM,Mercedes,7.0,9.0,6.0,Finished,57.0,9.0,97.07894642857144,1,12,11,4,9.0,8.0,6.4,0.8,3.0,4.0,0.0,3.0,1,67,16.0
2024,1,Bahrain Grand Prix,PIA,McLaren,8.0,8.0,4.0,Finished,57.0,8.0,96.77149090909091,1,25,10,4,11.0,10.0,9.4,0.8,20.0,11.857142857142858,0.0,0.5,1,23,12.0
2024,1,Bahrain Grand Prix,ALO,Aston Martin,9.0,6.0,2.0,Finished,57.0,6.0,97.16210909090908,1,1,4,4,10.6,6.333333333333333,7.2,0.8,10.333333333333334,10.5,0.0,-3.0,1,67,3.0
2024,1,Bahrain Grand Prix,STR,Aston Martin,10.0,12.0,1.0,Finished,57.0,12.0,97.5182363636364,1,31,4,4,8.8,6.666666666666667,8.0,0.7,9.333333333333334,10.285714285714286,0.0,3.0,1,67,3.0
2024,1,Bahrain Grand Prix,ZHO,Kick Sauber,11.0,17.0,0.0,Lapped,56.0,17.0,97.68698148148148,0,35,9,4,15.2,16.333333333333332,10.488898563343492,0.6,13.0,10.488898563343492,0.0,0.5,1,45,0.0
2024,1,Bahrain Grand Prix,MAG,Haas F1 Team,12.0,15.0,0.0,Lapped,56.0,15.0,98.06138181818184,0,19,8,4,16.8,17.0,17.0,0.3,9.0,13.333333333333334,0.0,2.5,1,45,0.0
2024,1,Bahrain Grand Prix,RIC,RB,13.0,14.0,0.0,Lapped,56.0,14.0,98.07803636363636,0,27,12,4,12.0,12.666666666666666,10.488898563343492,0.5,10.5,10.488898563343492,0.0,1.5,1,52,0.0
2024,1,Bahrain Grand Prix,TSU,RB,14.0,11.0,0.0,Lapped,56.0,11.0,97.72627777777778,0,32,12,4,11.0,11.666666666666666,13.0,0.5,9.333333333333334,13.0,0.0,-1.5,1,67,0.0
2024,1,Bahrain Grand Prix,ALB,Williams,15.0,13.0,0.0,Lapped,56.0,13.0,97.77138888888888,0,0,15,4,12.6,15.0,15.4,0.8,11.5,13.833333333333334,0.0,-2.5,1,44,0.0
2024,1,Bahrain Grand Prix,HUL,Haas F1 Team,16.0,10.0,0.0,Lapped,56.0,10.0,97.6437777777778,0,13,8,4,14.0,15.333333333333334,15.8,0.5,16.0,13.142857142857142,0.0,-2.5,1,25,0.0
2024,1,Bahrain Grand Prix,OCO,Alpine,17.0,19.0,0.0,Lapped,56.0,19.0,98.10844444444446,0,23,3,4,10.8,8.666666666666666,10.0,0.6,12.666666666666666,12.5,0.0,-0.5,1,67,0.0
2024,1,Bahrain Grand Prix,GAS,Alpine,18.0,20.0,0.0,Lapped,56.0,20.0,98.01525925925928,0,9,3,4,9.6,10.333333333333334,11.4,1.0,15.333333333333334,13.142857142857142,0.0,0.5,1,67,0.0
2024,1,Bahrain Grand Prix,BOT,Kick Sauber,19.0,16.0,0.0,Lapped,56.0,16.0,98.08564814814817,0,5,9,4,15.8,17.333333333333332,11.0,0.6,5.666666666666667,11.0,0.0,-0.5,1,67,0.0
2024,1,Bahrain Grand Prix,SAR,Williams,20.0,18.0,0.0,Lapped,55.0,18.0,97.8309019607843,0,30,15,4,13.8,14.333333333333334,14.6,0.5,12.0,14.0,0.0,2.5,1,23,0.0
2024,2,Saudi Arabian Grand Prix,VER,Red Bull Racing,1.0,1.0,25.0,Finished,50.0,1.0,92.98459574468087,1,33,14,22,1.0,1.0,2.2,1.0,1.6666666666666667,4.5,0.0,-1.0,2,68,87.0
2024,2,Saudi Arabian Grand Prix,PER,Red Bull Racing,2.0,3.0,18.0,Finished,50.0,3.0,93.21353191489362,1,24,14,22,6.6,3.0,1.8,0.8,7.333333333333333,4.0,0.0,1.0,2,68,87.0
2024,2,Saudi Arabian Grand Prix,LEC,Ferrari,3.0,2.0,16.0,Finished,50.0,2.0,93.44738297872338,1,17,7,22,6.2,2.6666666666666665,6.6,0.8,5.333333333333333,5.5,0.0,-4.5,2,68,49.0
2024,2,Saudi Arabian Grand Prix,PIA,McLaren,4.0,5.0,12.0,Finished,50.0,5.0,93.78274468085104,1,25,10,22,9.2,8.0,9.0,0.8,15.0,11.833333333333334,0.0,-0.5,2,24,28.0
2024,2,Saudi Arabian Grand Prix,ALO,Aston Martin,5.0,4.0,10.0,Finished,50.0,4.0,93.86997872340424,1,1,4,22,9.2,8.333333333333334,9.0,0.8,10.666666666666666,12.5,0.0,-3.0,2,68,13.0
2024,2,Saudi Arabian Grand Prix,RUS,Mercedes,6.0,7.0,8.0,Finished,50.0,7.0,94.02802127659577,1,28,11,22,7.4,5.333333333333333,6.4,0.8,9.333333333333334,4.666666666666667,0.0,-0.5,2,68,26.0
2024,2,Saudi Arabian Grand Prix,BEA,Ferrari,7.0,11.0,6.0,Finished,50.0,11.0,94.21444680851064,1,3,7,22,10.488898563343492,10.488898563343492,6.0,0.85,10.488898563343492,5.142857142857143,0.0,4.5,2,1,49.0
2024,2,Saudi Arabian Grand Prix,NOR,McLaren,8.0,6.0,4.0,Finished,50.0,6.0,94.1736170212766,1,22,10,22,7.6,10.333333333333334,5.8,0.9,11.333333333333334,10.714285714285714,0.0,0.5,2,68,28.0
2024,2,Saudi Arabian Grand Prix,HAM,Mercedes,9.0,8.0,2.0,Finished,50.0,8.0,94.2492340425532,1,12,11,22,6.6,7.666666666666667,6.0,0.8,5.333333333333333,4.857142857142857,0.0,0.5,2,68,26.0
2024,2,Saudi Arabian Grand Prix,HUL,Haas F1 Team,10.0,15.0,1.0,Finished,50.0,15.0,95.04208510638298,1,13,8,22,15.0,16.666666666666668,16.4,0.4,12.0,13.8,0.0,1.0,2,26,1.0
2024,2,Saudi Arabian Grand Prix,ALB,Williams,11.0,12.0,0.0,Finished,50.0,12.0,95.20434042553192,1,0,15,22,13.8,13.666666666666666,16.2,0.7,16.5,16.333333333333332,0.0,-3.5,2,45,0.0
2024,2,Saudi Arabian Grand Prix,MAG,Haas F1 Team,12.0,13.0,0.0,Finished,50.0,13.0,95.1401489361702,1,19,8,22,16.4,15.0,14.6,0.2,9.5,13.166666666666666,0.0,-1.0,2,46,1.0
2024,2,Saudi Arabian Grand Prix,OCO,Alpine,13.0,17.0,0.0,Lapped,49.0,17.0,95.53167391304346,0,23,3,22,10.6,11.0,14.2,0.5,6.0,9.333333333333334,0.0,-0.5,2,68,0.0
2024,2,Saudi Arabian Grand Prix,SAR,Williams,14.0,19.0,0.0,Lapped,49.0,19.0,95.59215217391304,0,30,15,22,15.8,17.333333333333332,15.2,0.5,16.0,15.571428571428571,0.0,3.5,2,24,0.0
2024,2,Saudi Arabian Grand Prix,TSU,RB,15.0,9.0,0.0,Lapped,49.0,9.0,95.44421739130436,0,32,12,22,12.2,13.333333333333334,13.5,0.4,14.666666666666666,10.488898563343492,0.0,-2.5,2,68,0.0
2024,2,Saudi Arabian Grand Prix,RIC,RB,16.0,14.0,0.0,Lapped,49.0,14.0,95.82182608695652,0,27,12,22,11.6,12.666666666666666,14.0,0.5,11.0,15.0,0.0,2.5,2,53,0.0
2024,2,Saudi Arabian Grand Prix,BOT,Kick Sauber,17.0,16.0,0.0,Lapped,49.0,16.0,95.94882608695652,0,5,9,22,17.2,18.333333333333332,15.0,0.5,12.0,10.488898563343492,0.0,-2.0,2,68,0.0
2024,2,Saudi Arabian Grand Prix,ZHO,Kick Sauber,18.0,20.0,0.0,Lapped,49.0,20.0,95.25984444444444,0,35,9,22,14.8,14.333333333333334,15.666666666666666,0.6,12.0,17.0,0.0,2.0,2,46,0.0
2024,2,Saudi Arabian Grand Prix,STR,Aston Martin,19.0,10.0,0.0,Retired,5.0,10.0,97.1216,0,31,4,22,9.4,8.333333333333334,8.2,0.7,14.666666666666666,11.428571428571429,0.0,3.0,2,68,13.0
2024,2,Saudi Arabian Grand Prix,GAS,Alpine,20.0,18.0,0.0,Retired,1.0,18.0,121.453,0,9,3,22,12.0,14.0,14.6,0.9,7.666666666666667,9.857142857142858,0.0,0.5,2,68,0.0
2024,3,Australian Grand Prix,SAI,Ferrari,1.0,2.0,25.0,Finished,58.0,2.0,82.35205357142857,1,29,7,1,7.4,9.0,7.0,0.8,16.0,13.25,0.0,-1.5,3,68,93.0
2024,3,Australian Grand Prix,LEC,Ferrari,2.0,4.0,19.0,Finished,58.0,5.0,82.79322807017543,1,17,7,1,6.2,3.0,3.6,0.8,10.5,10.8,1.0,1.5,3,69,93.0
2024,3,Australian Grand Prix,NOR,McLaren,3.0,3.0,15.0,Finished,58.0,4.0,82.56614285714285,1,22,10,1,8.2,6.333333333333333,6.4,0.9,5.5,6.25,1.0,-1.0,3,69,55.0
2024,3,Australian Grand Prix,PIA,McLaren,4.0,5.0,12.0,Finished,58.0,6.0,83.12719298245614,1,25,10,1,8.4,6.0,5.8,0.8,8.0,5.6,1.0,1.0,3,25,55.0
2024,3,Australian Grand Prix,PER,Red Bull Racing,5.0,6.0,10.0,Finished,58.0,3.0,82.58224074074076,1,24,14,1,3.0,2.6666666666666665,2.0,0.8,3.5,6.5,-3.0,1.0,3,69,97.0
2024,3,Australian Grand Prix,STR,Aston Martin,6.0,9.0,8.0,Finished,58.0,9.0,83.5274909090909,1,31,4,1,9.8,13.0,10.6,0.6,8.0,9.5,0.0,-0.5,3,69,25.0
2024,3,Australian Grand Prix,TSU,RB,7.0,8.0,6.0,Finished,58.0,8.0,83.64461818181817,1,32,12,1,12.8,12.333333333333334,14.5,0.4,12.5,10.488898563343492,0.0,-5.0,3,69,6.0
2024,3,Australian Grand Prix,ALO,Aston Martin,8.0,10.0,4.0,Finished,58.0,10.0,83.40651785714284,1,1,4,1,6.6,7.0,9.8,0.8,10.0,8.8,0.0,0.5,3,69,25.0
2024,3,Australian Grand Prix,HUL,Haas F1 Team,9.0,16.0,2.0,Finished,58.0,16.0,83.5556909090909,1,13,8,1,14.4,13.666666666666666,14.0,0.5,7.0,12.75,0.0,1.0,3,27,4.0
2024,3,Australian Grand Prix,MAG,Haas F1 Team,10.0,14.0,1.0,Lapped,57.0,14.0,83.89280000000001,0,19,8,1,15.0,14.666666666666666,11.8,0.3,15.5,12.0,0.0,-1.0,3,47,4.0
2024,3,Australian Grand Prix,ALB,Williams,11.0,12.0,0.0,Lapped,57.0,12.0,83.94796363636365,0,0,15,1,14.2,13.333333333333334,15.2,0.7,14.5,15.25,0.0,0.0,3,46,0.0
2024,3,Australian Grand Prix,RIC,RB,12.0,18.0,0.0,Lapped,57.0,18.0,83.9902,0,27,12,1,13.4,13.333333333333334,13.0,0.5,6.0,7.0,0.0,5.0,3,54,6.0
2024,3,Australian Grand Prix,GAS,Alpine,13.0,17.0,0.0,Lapped,57.0,17.0,83.69620370370369,0,9,3,1,13.8,17.0,16.2,0.8,11.0,12.75,0.0,1.0,3,69,0.0
2024,3,Australian Grand Prix,BOT,Kick Sauber,14.0,13.0,0.0,Lapped,57.0,13.0,83.6753888888889,0,5,9,1,17.6,18.333333333333332,16.25,0.4,9.5,10.488898563343492,0.0,-3.0,3,69,0.0
2024,3,Australian Grand Prix,ZHO,Kick Sauber,15.0,19.0,0.0,Lapped,57.0,19.0,83.90764814814814,0,35,9,1,15.6,15.333333333333334,15.8,0.5,10.0,14.0,0.0,3.0,3,47,0.0
2024,3,Australian Grand Prix,OCO,Alpine,16.0,15.0,0.0,Lapped,57.0,15.0,84.05451851851852,0,23,3,1,11.2,14.0,16.2,0.5,10.5,12.8,0.0,-1.0,3,69,0.0
2024,3,Australian Grand Prix,RUS,Mercedes,17.0,7.0,0.0,Retired,56.0,7.0,83.33180000000002,0,28,11,1,7.4,4.666666666666667,7.2,0.8,10.5,6.75,0.0,-2.0,3,69,26.0
2024,3,Australian Grand Prix,HAM,Mercedes,18.0,11.0,0.0,Retired,15.0,11.0,85.22840000000001,0,12,11,1,8.0,8.333333333333334,8.8,0.8,3.0,8.8,0.0,2.0,3,69,26.0
2024,3,Australian Grand Prix,VER,Red Bull Racing,19.0,1.0,0.0,Retired,3.0,1.0,84.89066666666668,0,33,14,1,1.0,1.0,2.2,1.0,9.5,6.2,0.0,-1.0,3,69,97.0
2024,4,Japanese Grand Prix,VER,Red Bull Racing,1.0,1.0,26.0,Finished,53.0,1.0,96.57755102040817,1,33,14,14,4.6,7.0,5.8,0.9,1.0,5.75,0.0,-0.5,4,70,141.0
2024,4,Japanese Grand Prix,PER,Red Bull Racing,2.0,2.0,18.0,Finished,53.0,2.0,97.20644,1,24,14,14,3.2,3.0,5.6,0.8,10.5,4.8,0.0,0.5,4,70,141.0
2024,4,Japanese Grand Prix,SAI,Ferrari,3.0,4.0,15.0,Finished,53.0,4.0,97.34558,1,29,7,14,6.8,7.333333333333333,3.4,0.8,12.5,8.0,0.0,-2.0,4,69,120.0
2024,4,Japanese Grand Prix,LEC,Ferrari,4.0,8.0,12.0,Finished,53.0,8.0,97.41747999999998,1,17,7,14,2.6,3.0,3.2,0.8,3.5,7.0,0.0,2.0,4,70,120.0
2024,4,Japanese Grand Prix,NOR,McLaren,5.0,3.0,10.0,Finished,53.0,3.0,97.14202040816323,1,22,10,14,8.4,5.666666666666667,5.4,0.9,6.0,6.5,0.0,-1.5,4,70,69.0
2024,4,Japanese Grand Prix,ALO,Aston Martin,6.0,5.0,8.0,Finished,53.0,5.0,97.80158,1,1,4,14,7.6,7.333333333333333,9.6,0.8,7.5,11.0,0.0,-5.5,4,70,33.0
2024,4,Japanese Grand Prix,RUS,Mercedes,7.0,9.0,6.0,Finished,53.0,9.0,97.76674,1,28,11,14,7.8,9.333333333333334,11.4,0.8,7.5,6.25,0.0,1.0,4,70,34.0
2024,4,Japanese Grand Prix,PIA,McLaren,8.0,6.0,4.0,Finished,53.0,6.0,97.42640816326532,1,25,10,14,6.4,5.333333333333333,4.8,0.8,3.0,6.2,0.0,1.5,4,26,69.0
2024,4,Japanese Grand Prix,HAM,Mercedes,9.0,7.0,2.0,Finished,53.0,7.0,97.847,1,12,11,14,10.0,11.333333333333334,11.4,0.7,5.0,6.4,0.0,-1.0,4,70,34.0
2024,4,Japanese Grand Prix,TSU,RB,10.0,10.0,1.0,Lapped,52.0,10.0,98.06646808510634,0,32,12,14,12.4,12.0,12.8,0.5,12.5,10.488898563343492,0.0,-0.5,4,70,7.0
2024,4,Japanese Grand Prix,HUL,Haas F1 Team,11.0,12.0,0.0,Lapped,52.0,12.0,98.90344897959184,0,13,8,14,13.8,11.666666666666666,11.4,0.5,14.0,15.0,0.0,-3.0,4,28,4.0
2024,4,Japanese Grand Prix,STR,Aston Martin,12.0,16.0,0.0,Lapped,52.0,16.0,99.01967346938775,0,31,4,14,10.0,11.666666666666666,8.8,0.7,15.0,10.0,0.0,5.5,4,70,33.0
2024,4,Japanese Grand Prix,MAG,Haas F1 Team,13.0,18.0,0.0,Lapped,52.0,18.0,98.67041666666668,0,19,8,14,13.4,11.333333333333334,10.4,0.2,14.5,14.2,0.0,3.0,4,48,4.0
2024,4,Japanese Grand Prix,BOT,Kick Sauber,14.0,13.0,0.0,Lapped,52.0,13.0,98.71889583333332,0,5,9,14,17.2,16.666666666666668,16.6,0.4,17.5,10.488898563343492,0.0,-3.5,4,70,0.0
2024,4,Japanese Grand Prix,OCO,Alpine,15.0,15.0,0.0,Lapped,52.0,15.0,99.64704081632652,0,23,3,14,12.4,15.333333333333334,16.0,0.5,6.5,7.5,0.0,-1.0,4,70,0.0
2024,4,Japanese Grand Prix,GAS,Alpine,16.0,17.0,0.0,Lapped,52.0,17.0,99.51227083333332,0,9,3,14,15.0,17.0,15.4,0.7,14.0,9.0,0.0,1.0,4,70,0.0
2024,4,Japanese Grand Prix,SAR,Williams,17.0,19.0,0.0,Lapped,52.0,19.0,98.83229787234042,0,30,15,14,15.4,16.666666666666668,14.2,0.4,17.0,15.5,0.0,2.5,4,25,0.0
2024,4,Japanese Grand Prix,ZHO,Kick Sauber,18.0,20.0,0.0,Retired,12.0,20.0,102.108625,0,35,9,14,15.2,14.666666666666666,15.6,0.4,14.5,14.0,0.0,3.5,4,48,0.0
2024,4,Japanese Grand Prix,RIC,RB,19.0,11.0,0.0,Retired,0.0,11.0,97.95673404255317,0,27,12,14,13.2,13.666666666666666,12.0,0.4,11.0,10.0,0.0,0.5,4,55,7.0
2024,4,Japanese Grand Prix,ALB,Williams,20.0,14.0,0.0,Retired,0.0,14.0,97.95673404255317,0,0,15,14,12.6,12.333333333333334,14.6,0.6,18.0,15.8,0.0,-2.5,4,47,0.0
2024,5,Chinese Grand Prix,VER,Red Bull Racing,1.0,1.0,25.0,Finished,56.0,1.0,100.5263191489362,1,33,14,8,4.6,7.0,5.8,0.9,10.488898563343492,10.488898563343492,0.0,-0.5,5,71,181.0
2024,5,Chinese Grand Prix,NOR,McLaren,2.0,4.0,18.0,Finished,56.0,4.0,100.96061702127656,1,22,10,8,5.4,5.333333333333333,5.6,0.9,10.488898563343492,10.488898563343492,0.0,-0.5,5,71,91.0
2024,5,Chinese Grand Prix,PER,Red Bull Racing,3.0,2.0,15.0,Finished,56.0,2.0,101.35542553191488,1,24,14,8,3.0,3.0,5.6,0.9,10.488898563343492,1.0,0.0,0.5,5,71,181.0
2024,5,Chinese Grand Prix,LEC,Ferrari,4.0,6.0,12.0,Finished,56.0,6.0,101.49497872340427,1,17,7,8,3.0,3.0,3.4,0.8,10.488898563343492,10.488898563343492,0.0,-0.5,5,71,142.0
2024,5,Chinese Grand Prix,SAI,Ferrari,5.0,7.0,10.0,Finished,56.0,7.0,102.3921489361702,1,29,7,8,6.2,2.3333333333333335,2.8,0.8,10.488898563343492,4.0,0.0,0.5,5,70,142.0
2024,5,Chinese Grand Prix,RUS,Mercedes,6.0,8.0,8.0,Finished,56.0,8.0,102.28155319148937,1,28,11,8,7.6,10.0,12.0,0.8,10.488898563343492,10.488898563343492,0.0,-5.0,5,71,44.0
2024,5,Chinese Grand Prix,ALO,Aston Martin,7.0,3.0,7.0,Finished,56.0,3.0,102.26906382978724,1,1,4,8,7.0,6.333333333333333,10.2,0.8,10.488898563343492,10.488898563343492,0.0,-4.0,5,71,40.0
2024,5,Chinese Grand Prix,PIA,McLaren,8.0,5.0,4.0,Finished,56.0,5.0,102.7142127659574,1,25,10,8,6.0,5.333333333333333,4.4,0.8,10.488898563343492,2.0,0.0,0.5,5,27,91.0
2024,5,Chinese Grand Prix,HAM,Mercedes,9.0,18.0,2.0,Finished,56.0,18.0,103.15044680851064,1,12,11,8,10.4,12.0,11.4,0.7,10.488898563343492,6.0,0.0,5.0,5,71,44.0
2024,5,Chinese Grand Prix,HUL,Haas F1 Team,10.0,9.0,1.0,Finished,56.0,9.0,103.44425,1,13,8,8,12.2,10.0,11.0,0.5,10.488898563343492,10.488898563343492,0.0,-4.0,5,29,5.0
2024,5,Chinese Grand Prix,OCO,Alpine,11.0,13.0,0.0,Finished,56.0,13.0,103.53775,1,23,3,8,14.6,14.666666666666666,16.0,0.4,10.488898563343492,10.488898563343492,0.0,-1.0,5,71,0.0
2024,5,Chinese Grand Prix,ALB,Williams,12.0,14.0,0.0,Finished,56.0,14.0,103.73368750000002,1,0,15,8,14.2,14.0,14.6,0.6,10.488898563343492,10.488898563343492,0.0,-3.0,5,48,0.0
2024,5,Chinese Grand Prix,GAS,Alpine,13.0,15.0,0.0,Finished,56.0,15.0,102.88182608695652,1,9,3,8,16.0,16.333333333333332,14.2,0.6,10.488898563343492,11.0,0.0,1.0,5,71,0.0
2024,5,Chinese Grand Prix,ZHO,Kick Sauber,14.0,16.0,0.0,Finished,56.0,16.0,103.91389583333334,1,35,9,8,15.8,17.0,15.8,0.4,10.488898563343492,10.488898563343492,0.0,3.0,5,49,0.0
2024,5,Chinese Grand Prix,STR,Aston Martin,15.0,11.0,0.0,Finished,56.0,11.0,102.60078723404256,1,31,4,8,11.4,12.333333333333334,7.8,0.7,10.488898563343492,7.0,0.0,4.0,5,71,40.0
2024,5,Chinese Grand Prix,MAG,Haas F1 Team,16.0,17.0,0.0,Finished,56.0,17.0,104.302,1,19,8,8,13.4,11.666666666666666,10.6,0.2,10.488898563343492,10.0,0.0,4.0,5,49,5.0
2024,5,Chinese Grand Prix,SAR,Williams,17.0,20.0,0.0,Finished,56.0,20.0,104.07827659574468,1,30,15,8,16.6,17.0,14.8,0.3,10.488898563343492,12.0,0.0,3.0,5,26,0.0
2024,5,Chinese Grand Prix,RIC,RB,18.0,12.0,0.0,Retired,33.0,12.0,105.83820833333334,0,27,12,8,14.2,15.666666666666666,12.8,0.4,10.488898563343492,10.488898563343492,0.0,-3.5,5,56,7.0
2024,5,Chinese Grand Prix,TSU,RB,19.0,19.0,0.0,Retired,26.0,19.0,105.57181818181816,0,32,12,8,10.8,10.666666666666666,13.2,0.5,10.488898563343492,18.0,0.0,3.5,5,71,7.0
2024,5,Chinese Grand Prix,BOT,Kick Sauber,20.0,10.0,0.0,Retired,19.0,10.0,104.13263157894738,0,5,9,8,16.6,15.0,15.0,0.4,10.488898563343492,14.0,0.0,-3.0,5,71,0.0
2024,6,Miami Grand Prix,NOR,McLaren,1.0,5.0,25.0,Finished,57.0,5.0,92.5347924528302,1,22,10,17,4.8,3.3333333333333335,5.4,0.9,18.0,17.0,0.0,-0.5,6,72,116.0
2024,6,Miami Grand Prix,VER,Red Bull Racing,2.0,1.0,18.0,Finished,57.0,1.0,92.82222641509432,1,33,14,17,4.6,7.0,5.2,0.9,1.0,2.0,0.0,-1.5,6,72,211.0
2024,6,Miami Grand Prix,LEC,Ferrari,3.0,2.0,15.0,Finished,57.0,2.0,93.27527777777776,1,17,7,17,3.4,3.3333333333333335,3.6,0.8,4.5,4.25,0.0,-0.5,6,72,167.0
2024,6,Miami Grand Prix,PER,Red Bull Racing,4.0,4.0,12.0,Finished,57.0,4.0,93.66988888888888,1,24,14,17,2.8,3.3333333333333335,1.8,0.9,3.0,2.0,0.0,1.5,6,72,211.0
2024,6,Miami Grand Prix,SAI,Ferrari,5.0,3.0,10.0,Finished,57.0,3.0,92.98732075471698,1,29,7,17,6.0,3.0,3.8,0.8,4.0,4.0,0.0,0.5,6,71,167.0
2024,6,Miami Grand Prix,HAM,Mercedes,6.0,8.0,8.0,Finished,57.0,8.0,94.00638888888888,1,12,11,17,10.4,12.0,9.8,0.8,6.0,5.25,0.0,0.5,6,72,56.0
2024,6,Miami Grand Prix,TSU,RB,7.0,10.0,6.0,Finished,57.0,10.0,93.94327777777778,1,32,12,17,13.0,12.0,15.6,0.5,11.5,10.488898563343492,0.0,-4.0,6,72,13.0
2024,6,Miami Grand Prix,RUS,Mercedes,8.0,7.0,4.0,Finished,57.0,7.0,94.46444444444444,1,28,11,17,8.2,10.0,7.4,0.8,4.5,5.4,0.0,-0.5,6,72,56.0
2024,6,Miami Grand Prix,ALO,Aston Martin,9.0,15.0,2.0,Finished,57.0,15.0,94.61350000000002,1,1,4,17,7.0,7.0,9.6,0.8,7.0,10.5,0.0,2.0,6,72,42.0
2024,6,Miami Grand Prix,OCO,Alpine,10.0,13.0,1.0,Finished,57.0,13.0,94.60822222222222,1,23,3,17,14.4,14.0,14.2,0.4,8.5,9.0,0.0,0.5,6,72,1.0
2024,6,Miami Grand Prix,HUL,Haas F1 Team,11.0,9.0,0.0,Finished,57.0,9.0,94.6842962962963,1,13,8,17,11.2,10.0,12.0,0.6,15.0,14.0,0.0,-5.0,6,30,5.0
2024,6,Miami Grand Prix,GAS,Alpine,12.0,12.0,0.0,Finished,57.0,12.0,94.80675925925928,1,9,3,17,16.0,14.0,13.0,0.6,13.0,9.2,0.0,-0.5,6,72,1.0
2024,6,Miami Grand Prix,PIA,McLaren,13.0,6.0,0.0,Finished,57.0,6.0,93.29367307692306,1,25,10,17,6.4,6.666666666666667,4.8,0.8,19.0,13.8,0.0,0.5,6,28,116.0
2024,6,Miami Grand Prix,ZHO,Kick Sauber,14.0,19.0,0.0,Finished,57.0,20.0,94.43590566037736,1,35,9,17,15.2,15.666666666666666,16.2,0.4,18.0,10.488898563343492,1.0,2.0,6,50,0.0
2024,6,Miami Grand Prix,RIC,RB,15.0,20.0,0.0,Finished,57.0,18.0,94.5301509433962,1,27,12,17,15.6,16.333333333333332,14.6,0.3,13.0,7.0,-2.0,4.0,6,57,13.0
2024,6,Miami Grand Prix,BOT,Kick Sauber,16.0,16.0,0.0,Finished,57.0,16.0,94.57575471698112,1,5,9,17,16.8,16.0,16.0,0.3,10.0,14.0,0.0,-2.0,6,72,0.0
2024,6,Miami Grand Prix,STR,Aston Martin,17.0,11.0,0.0,Finished,57.0,11.0,94.75327777777775,1,31,4,17,12.4,11.0,9.8,0.7,11.0,10.2,0.0,-2.0,6,72,42.0
2024,6,Miami Grand Prix,ALB,Williams,18.0,14.0,0.0,Finished,57.0,14.0,95.15384905660378,1,0,15,17,13.8,14.333333333333334,15.4,0.6,11.5,14.25,0.0,-1.5,6,49,0.0
2024,6,Miami Grand Prix,MAG,Haas F1 Team,19.0,18.0,0.0,Finished,57.0,19.0,94.40901851851852,1,19,8,17,12.6,13.0,12.2,0.3,13.0,13.4,1.0,5.0,6,50,5.0
2024,6,Miami Grand Prix,SAR,Williams,20.0,17.0,0.0,Retired,27.0,17.0,95.68666666666668,0,30,15,17,16.8,16.0,16.8,0.4,20.0,15.0,0.0,1.5,6,27,0.0
2024,7,Emilia Romagna Grand Prix,VER,Red Bull Racing,1.0,1.0,25.0,Finished,63.0,1.0,80.99435483870967,1,33,14,10,4.8,1.3333333333333333,2.4,0.9,1.0,3.75,0.0,-5.0,7,73,240.0
2024,7,Emilia Romagna Grand Prix,NOR,McLaren,2.0,2.0,18.0,Finished,63.0,3.0,80.98845161290323,1,22,10,10,3.8,2.6666666666666665,6.4,0.9,3.0,7.5,1.0,0.5,7,73,146.0
2024,7,Emilia Romagna Grand Prix,LEC,Ferrari,3.0,3.0,15.0,Finished,63.0,4.0,81.0993870967742,1,17,7,10,3.2,3.6666666666666665,4.2,0.9,5.0,8.75,1.0,-0.5,7,73,192.0
2024,7,Emilia Romagna Grand Prix,PIA,McLaren,4.0,5.0,12.0,Finished,63.0,2.0,81.22774193548386,1,25,10,10,7.4,9.666666666666666,5.2,0.9,10.488898563343492,6.4,-3.0,-0.5,7,29,146.0
2024,7,Emilia Romagna Grand Prix,SAI,Ferrari,5.0,4.0,10.0,Finished,63.0,5.0,81.34595161290324,1,29,7,10,3.4,4.333333333333333,4.0,0.9,12.5,7.6,1.0,0.5,7,72,192.0
2024,7,Emilia Romagna Grand Prix,HAM,Mercedes,6.0,8.0,8.0,Finished,63.0,8.0,81.56370967741937,1,12,11,10,10.2,8.0,7.6,0.9,7.5,9.25,0.0,1.0,7,73,71.0
2024,7,Emilia Romagna Grand Prix,RUS,Mercedes,7.0,6.0,7.0,Finished,63.0,6.0,81.38726229508198,1,28,11,10,8.8,7.0,7.0,0.8,11.5,8.6,0.0,-1.0,7,73,71.0
2024,7,Emilia Romagna Grand Prix,PER,Red Bull Racing,8.0,11.0,4.0,Finished,63.0,11.0,81.88248387096775,1,24,14,10,3.2,3.0,2.2,0.9,6.5,3.2,0.0,5.0,7,73,240.0
2024,7,Emilia Romagna Grand Prix,STR,Aston Martin,9.0,13.0,2.0,Finished,63.0,13.0,82.27512903225806,1,31,4,10,13.8,14.666666666666666,12.0,0.7,9.0,10.25,0.0,-3.0,7,73,44.0
2024,7,Emilia Romagna Grand Prix,TSU,RB,10.0,7.0,1.0,Lapped,62.0,7.0,82.61477049180328,0,32,12,10,11.6,12.0,15.6,0.5,9.5,10.488898563343492,0.0,-1.0,7,73,14.0
2024,7,Emilia Romagna Grand Prix,HUL,Haas F1 Team,11.0,10.0,0.0,Lapped,62.0,10.0,82.72419672131149,0,13,8,10,10.2,10.666666666666666,13.8,0.6,10.488898563343492,14.75,0.0,-4.0,7,31,5.0
2024,7,Emilia Romagna Grand Prix,MAG,Haas F1 Team,12.0,18.0,0.0,Lapped,62.0,18.0,82.71636065573772,0,19,8,10,14.0,16.0,13.4,0.4,9.0,14.0,0.0,4.0,7,51,5.0
2024,7,Emilia Romagna Grand Prix,RIC,RB,13.0,9.0,0.0,Lapped,62.0,9.0,82.75631147540986,0,27,12,10,16.0,17.333333333333332,13.8,0.4,12.0,10.0,0.0,1.0,7,58,14.0
2024,7,Emilia Romagna Grand Prix,OCO,Alpine,14.0,12.0,0.0,Lapped,62.0,12.0,83.01039344262296,0,23,3,10,13.0,12.0,12.4,0.5,11.5,13.0,0.0,-1.5,7,73,1.0
2024,7,Emilia Romagna Grand Prix,ZHO,Kick Sauber,15.0,17.0,0.0,Lapped,62.0,17.0,83.03303278688526,0,35,9,10,15.8,15.333333333333334,16.4,0.5,15.0,10.488898563343492,0.0,0.5,7,51,0.0
2024,7,Emilia Romagna Grand Prix,GAS,Alpine,16.0,15.0,0.0,Lapped,62.0,15.0,82.74991666666665,0,9,3,10,14.8,13.666666666666666,12.0,0.6,9.5,13.2,0.0,1.5,7,73,1.0
2024,7,Emilia Romagna Grand Prix,SAR,Williams,17.0,19.0,0.0,Lapped,62.0,20.0,83.08345901639343,0,30,15,10,17.6,18.0,17.4,0.4,10.488898563343492,16.5,1.0,3.0,7,28,0.0
2024,7,Emilia Romagna Grand Prix,BOT,Kick Sauber,18.0,16.0,0.0,Lapped,62.0,16.0,83.20916393442623,0,5,9,10,16.2,16.666666666666668,15.8,0.3,11.5,15.0,0.0,-0.5,7,73,0.0
2024,7,Emilia Romagna Grand Prix,ALO,Aston Martin,19.0,20.0,0.0,Lapped,62.0,19.0,82.7607966101695,0,1,4,10,7.0,7.333333333333333,11.4,0.9,14.5,10.0,-1.0,3.0,7,73,44.0
2024,7,Emilia Romagna Grand Prix,ALB,Williams,20.0,14.0,0.0,Retired,51.0,14.0,82.76497872340427,0,0,15,10,14.4,16.666666666666668,16.8,0.6,11.0,16.6,0.0,-3.0,7,50,0.0
2024,8,Monaco Grand Prix,LEC,Ferrari,1.0,1.0,25.0,Finished,78.0,1.0,78.43903947368422,1,17,7,18,3.2,3.3333333333333335,4.2,0.9,10.0,7.0,0.0,-1.0,8,74,232.0
2024,8,Monaco Grand Prix,PIA,McLaren,2.0,2.0,18.0,Finished,78.0,2.0,78.52414473684212,1,25,10,18,7.4,8.333333333333334,5.6,0.9,10.0,8.833333333333334,0.0,-1.0,8,30,176.0
2024,8,Monaco Grand Prix,SAI,Ferrari,3.0,3.0,15.0,Finished,78.0,3.0,78.52307894736842,1,29,7,18,3.8,5.0,3.4,0.9,4.0,6.142857142857143,0.0,1.0,8,73,232.0
2024,8,Monaco Grand Prix,NOR,McLaren,4.0,4.0,12.0,Finished,78.0,4.0,78.53284210526316,1,22,10,18,2.6,1.6666666666666667,4.4,0.9,6.0,7.857142857142857,0.0,1.0,8,74,176.0
2024,8,Monaco Grand Prix,RUS,Mercedes,5.0,5.0,10.0,Finished,78.0,5.0,78.58964473684209,1,28,11,18,9.0,7.0,7.2,0.8,8.0,8.0,0.0,-1.0,8,74,88.0
2024,8,Monaco Grand Prix,VER,Red Bull Racing,6.0,6.0,8.0,Finished,78.0,6.0,78.59236842105261,1,33,14,18,4.8,1.3333333333333333,3.6,0.9,1.6666666666666667,4.333333333333333,0.0,-5.0,8,74,248.0
2024,8,Monaco Grand Prix,HAM,Mercedes,7.0,7.0,7.0,Finished,78.0,7.0,78.38182666666667,1,12,11,18,9.6,7.0,6.4,0.9,6.333333333333333,7.571428571428571,0.0,1.0,8,74,88.0
2024,8,Monaco Grand Prix,TSU,RB,8.0,8.0,4.0,Lapped,77.0,8.0,79.9754,0,32,12,18,10.6,12.0,12.8,0.4,16.0,10.488898563343492,0.0,-2.0,8,74,18.0
2024,8,Monaco Grand Prix,ALB,Williams,9.0,9.0,2.0,Lapped,77.0,9.0,80.16712000000001,0,0,15,18,16.2,16.666666666666668,18.4,0.5,16.0,15.666666666666666,0.0,-3.0,8,51,2.0
2024,8,Monaco Grand Prix,GAS,Alpine,10.0,10.0,1.0,Lapped,77.0,10.0,80.24642666666665,0,9,3,18,14.0,13.666666666666666,13.0,0.5,8.0,8.5,0.0,-0.5,8,74,2.0
2024,8,Monaco Grand Prix,ALO,Aston Martin,11.0,14.0,0.0,Lapped,76.0,14.0,80.56287837837837,0,1,4,18,9.8,11.666666666666666,13.8,0.9,7.333333333333333,9.833333333333334,0.0,0.5,8,74,44.0
2024,8,Monaco Grand Prix,RIC,RB,12.0,12.0,0.0,Lapped,76.0,12.0,80.56895945945946,0,27,12,18,15.4,15.333333333333334,10.6,0.3,12.5,8.0,0.0,2.0,8,59,18.0
2024,8,Monaco Grand Prix,BOT,Kick Sauber,13.0,17.0,0.0,Lapped,76.0,17.0,80.32927397260275,0,5,9,18,16.4,18.0,16.6,0.2,13.0,10.488898563343492,0.0,-0.5,8,74,0.0
2024,8,Monaco Grand Prix,STR,Aston Martin,14.0,13.0,0.0,Lapped,76.0,13.0,79.96993055555556,0,31,4,18,11.8,13.666666666666666,13.0,0.8,14.0,10.0,0.0,-0.5,8,74,44.0
2024,8,Monaco Grand Prix,SAR,Williams,15.0,15.0,0.0,Lapped,76.0,15.0,80.39371232876712,0,30,15,18,17.0,18.0,16.8,0.3,18.0,14.714285714285714,0.0,3.0,8,29,2.0
2024,8,Monaco Grand Prix,ZHO,Kick Sauber,16.0,18.0,0.0,Lapped,76.0,18.0,80.9798904109589,0,35,9,18,15.2,14.333333333333334,15.2,0.4,14.5,13.0,0.0,0.5,8,52,0.0
2024,8,Monaco Grand Prix,OCO,Alpine,17.0,11.0,0.0,Retired,0.0,11.0,79.97266527777778,0,23,3,18,13.2,11.666666666666666,12.4,0.4,8.0,8.714285714285714,0.0,0.5,8,74,2.0
2024,8,Monaco Grand Prix,PER,Red Bull Racing,18.0,16.0,0.0,Retired,0.0,16.0,79.97266527777778,0,24,14,18,4.4,5.0,4.2,1.0,7.0,4.571428571428571,0.0,5.0,8,74,248.0
2024,8,Monaco Grand Prix,HUL,Haas F1 Team,19.0,19.0,0.0,Retired,0.0,14.0,79.97266527777778,0,13,8,18,10.4,10.666666666666666,13.8,0.5,17.0,18.333333333333332,-5.0,-0.5,8,32,5.0
2024,8,Monaco Grand Prix,MAG,Haas F1 Team,20.0,20.0,0.0,Retired,0.0,15.0,79.97266527777778,0,19,8,18,14.0,15.666666666666666,14.4,0.4,19.5,18.428571428571427,-5.0,0.5,8,52,5.0
2024,9,Canadian Grand Prix,VER,Red Bull Racing,1.0,2.0,25.0,Finished,70.0,2.0,85.33028333333337,1,33,14,7,2.2,3.0,7.4,0.9,1.0,7.0,0.0,-7.0,9,75,273.0
2024,9,Canadian Grand Prix,NOR,McLaren,2.0,3.0,18.0,Finished,70.0,3.0,85.41688524590163,1,22,10,7,2.8,2.3333333333333335,5.0,0.9,14.0,12.5,0.0,-0.5,9,75,204.0
2024,9,Canadian Grand Prix,RUS,Mercedes,3.0,1.0,15.0,Finished,70.0,1.0,85.60013333333336,1,28,11,7,6.6,6.666666666666667,6.6,0.9,11.5,7.25,0.0,-3.0,9,75,116.0
2024,9,Canadian Grand Prix,HAM,Mercedes,4.0,7.0,13.0,Finished,70.0,7.0,85.52233898305082,1,12,11,7,7.4,6.333333333333333,5.6,0.9,3.0,6.4,0.0,3.0,9,75,116.0
2024,9,Canadian Grand Prix,PIA,McLaren,5.0,4.0,10.0,Finished,70.0,4.0,85.61576666666666,1,25,10,7,7.0,6.333333333333333,2.8,1.0,11.0,10.4,0.0,0.5,9,31,204.0
2024,9,Canadian Grand Prix,ALO,Aston Martin,6.0,6.0,8.0,Finished,70.0,6.0,86.73091803278687,1,1,4,7,10.4,13.0,14.0,0.8,5.5,8.25,0.0,-1.5,9,75,58.0
2024,9,Canadian Grand Prix,STR,Aston Martin,7.0,9.0,6.0,Finished,70.0,9.0,87.38214516129031,1,31,4,7,13.4,13.333333333333334,11.8,0.7,9.5,7.8,0.0,1.5,9,75,58.0
2024,9,Canadian Grand Prix,RIC,RB,8.0,5.0,4.0,Finished,70.0,5.0,87.60827419354838,1,27,12,7,15.4,13.333333333333334,11.6,0.3,11.0,10.488898563343492,0.0,-1.5,9,60,22.0
2024,9,Canadian Grand Prix,GAS,Alpine,9.0,15.0,2.0,Finished,70.0,15.0,87.96450793650793,1,9,3,7,13.4,12.666666666666666,13.8,0.4,13.0,8.75,0.0,-1.5,9,75,5.0
2024,9,Canadian Grand Prix,OCO,Alpine,10.0,18.0,1.0,Finished,70.0,18.0,87.66187096774193,1,23,3,7,13.4,13.666666666666666,13.2,0.4,7.0,8.8,0.0,1.5,9,75,5.0
2024,9,Canadian Grand Prix,HUL,Haas F1 Team,11.0,17.0,0.0,Finished,70.0,19.0,87.82633870967744,1,13,8,7,12.4,13.666666666666666,16.2,0.5,15.0,17.0,2.0,2.5,9,33,5.0
2024,9,Canadian Grand Prix,MAG,Haas F1 Team,12.0,14.0,0.0,Finished,70.0,14.0,87.64264516129029,1,19,8,7,16.0,17.0,14.6,0.4,17.0,15.8,0.0,-2.5,9,53,5.0
2024,9,Canadian Grand Prix,BOT,Kick Sauber,13.0,19.0,0.0,Finished,70.0,17.0,88.723796875,1,5,9,7,16.2,15.666666666666666,15.6,0.2,8.5,10.488898563343492,-2.0,-1.5,9,75,0.0
2024,9,Canadian Grand Prix,TSU,RB,14.0,8.0,0.0,Finished,70.0,8.0,88.01101612903226,1,32,12,7,10.8,8.333333333333334,10.2,0.3,16.0,8.0,0.0,1.5,9,75,22.0
2024,9,Canadian Grand Prix,ZHO,Kick Sauber,15.0,20.0,0.0,Lapped,69.0,20.0,89.04736065573769,0,35,9,7,15.4,15.0,15.0,0.4,12.0,13.0,0.0,1.5,9,53,0.0
2024,9,Canadian Grand Prix,SAI,Ferrari,16.0,12.0,0.0,Retired,52.0,12.0,89.78879166666667,0,29,7,7,4.2,4.333333333333333,3.4,0.9,3.5,4.0,0.0,0.5,9,74,232.0
2024,9,Canadian Grand Prix,ALB,Williams,17.0,10.0,0.0,Retired,52.0,10.0,89.81293750000002,0,0,15,7,15.8,15.666666666666666,16.2,0.5,10.0,14.0,0.0,-1.5,9,52,2.0
2024,9,Canadian Grand Prix,PER,Red Bull Racing,18.0,16.0,0.0,Retired,51.0,16.0,89.92614893617022,0,24,14,7,7.0,10.0,6.8,0.9,13.0,5.8,0.0,7.0,9,75,273.0
2024,9,Canadian Grand Prix,LEC,Ferrari,19.0,11.0,0.0,Retired,40.0,11.0,91.99831428571429,0,17,7,7,3.0,2.3333333333333335,5.6,1.0,4.5,6.4,0.0,-0.5,9,75,232.0
2024,9,Canadian Grand Prix,SAR,Williams,20.0,13.0,0.0,Retired,23.0,13.0,91.8337142857143,0,30,15,7,17.2,17.333333333333332,15.6,0.3,20.0,14.6,0.0,1.5,9,30,2.0
2024,10,Spanish Grand Prix,VER,Red Bull Racing,1.0,2.0,25.0,Finished,66.0,2.0,79.773703125,1,33,14,24,2.2,2.6666666666666665,10.2,0.9,1.3333333333333333,2.5,0.0,-3.0,10,76,302.0
2024,10,Spanish Grand Prix,NOR,McLaren,2.0,1.0,19.0,Finished,66.0,1.0,79.806984375,1,22,10,24,2.2,2.6666666666666665,3.4,1.0,11.0,10.666666666666666,0.0,-4.5,10,76,229.0
2024,10,Spanish Grand Prix,HAM,Mercedes,3.0,3.0,15.0,Finished,66.0,3.0,80.054546875,1,12,11,24,6.4,5.666666666666667,5.2,0.9,2.6666666666666665,2.8333333333333335,0.0,-0.5,10,76,143.0
2024,10,Spanish Grand Prix,RUS,Mercedes,4.0,4.0,12.0,Finished,66.0,4.0,80.0461875,1,28,11,24,5.8,5.0,4.4,0.9,6.666666666666667,2.857142857142857,0.0,0.5,10,76,143.0
2024,10,Spanish Grand Prix,LEC,Ferrari,5.0,5.0,10.0,Finished,66.0,5.0,80.10871875,1,17,7,24,6.0,7.666666666666667,8.8,0.9,11.666666666666666,8.5,0.0,-0.5,10,76,250.0
2024,10,Spanish Grand Prix,SAI,Ferrari,6.0,6.0,8.0,Finished,66.0,6.0,80.228109375,1,29,7,24,6.8,8.0,8.8,0.8,5.333333333333333,8.0,0.0,0.5,10,75,250.0
2024,10,Spanish Grand Prix,PIA,McLaren,7.0,9.0,6.0,Finished,66.0,10.0,80.26675,1,25,10,24,6.4,3.6666666666666665,3.0,1.0,13.0,9.428571428571429,1.0,4.5,10,32,229.0
2024,10,Spanish Grand Prix,PER,Red Bull Racing,8.0,11.0,4.0,Finished,66.0,8.0,80.43019047619046,1,24,14,24,10.2,14.666666666666666,8.8,0.8,3.6666666666666665,2.2857142857142856,-3.0,3.0,10,76,302.0
2024,10,Spanish Grand Prix,GAS,Alpine,9.0,7.0,2.0,Finished,66.0,7.0,80.653859375,1,9,3,24,12.0,11.666666666666666,12.4,0.4,11.0,10.0,0.0,-1.0,10,76,8.0
2024,10,Spanish Grand Prix,OCO,Alpine,10.0,8.0,1.0,Finished,66.0,9.0,80.87371875,1,23,3,24,12.4,13.666666666666666,11.0,0.4,8.0,9.857142857142858,1.0,1.0,10,76,8.0
2024,10,Spanish Grand Prix,HUL,Haas F1 Team,11.0,13.0,0.0,Finished,66.0,13.0,80.85301562499998,1,13,8,24,12.4,13.666666666666666,14.8,0.6,15.0,16.833333333333332,0.0,-1.5,10,34,5.0
2024,10,Spanish Grand Prix,ALO,Aston Martin,12.0,10.0,0.0,Lapped,65.0,11.0,81.15376190476192,0,1,4,24,10.4,12.0,11.4,0.8,11.0,10.5,1.0,-1.5,10,76,58.0
2024,10,Spanish Grand Prix,ZHO,Kick Sauber,13.0,15.0,0.0,Lapped,65.0,15.0,81.19809523809525,0,35,9,24,14.8,15.333333333333334,15.0,0.3,14.0,10.488898563343492,0.0,1.5,10,54,0.0
2024,10,Spanish Grand Prix,STR,Aston Martin,14.0,14.0,0.0,Lapped,65.0,14.0,81.3555396825397,0,31,4,24,12.4,10.0,10.0,0.7,10.666666666666666,10.714285714285714,0.0,1.5,10,76,58.0
2024,10,Spanish Grand Prix,RIC,RB,15.0,18.0,0.0,Lapped,65.0,18.0,81.63334920634921,0,27,12,24,13.2,11.0,11.0,0.3,9.0,10.488898563343492,0.0,0.5,10,61,22.0
2024,10,Spanish Grand Prix,BOT,Kick Sauber,16.0,12.0,0.0,Lapped,65.0,12.0,81.82074603174604,0,5,9,24,16.0,14.666666666666666,14.0,0.2,9.333333333333334,13.0,0.0,-1.5,10,76,0.0
2024,10,Spanish Grand Prix,MAG,Haas F1 Team,17.0,16.0,0.0,Lapped,65.0,16.0,81.69836507936508,0,19,8,24,15.8,14.666666666666666,14.6,0.4,17.5,16.0,0.0,1.5,10,54,5.0
2024,10,Spanish Grand Prix,ALB,Williams,18.0,20.0,0.0,Lapped,65.0,19.0,82.158609375,0,0,15,24,15.2,15.333333333333334,16.2,0.4,17.0,16.666666666666668,-1.0,-0.5,10,53,2.0
2024,10,Spanish Grand Prix,TSU,RB,19.0,17.0,0.0,Lapped,65.0,17.0,81.68453225806452,0,32,12,24,11.6,10.666666666666666,11.4,0.4,14.0,15.0,0.0,-0.5,10,76,22.0
2024,10,Spanish Grand Prix,SAR,Williams,20.0,19.0,0.0,Lapped,64.0,20.0,82.33675806451615,0,30,15,24,17.8,17.333333333333332,15.8,0.3,20.0,16.857142857142858,1.0,0.5,10,31,2.0
2024,11,Austrian Grand Prix,RUS,Mercedes,1.0,3.0,25.0,Finished,71.0,3.0,70.6316617647059,1,28,11,2,5.4,4.0,4.2,0.9,7.333333333333333,4.666666666666667,0.0,-1.0,11,77,180.0
2024,11,Austrian Grand Prix,PIA,McLaren,2.0,7.0,18.0,Finished,71.0,7.0,70.6653382352941,1,25,10,2,6.2,4.666666666666667,4.0,1.0,16.0,7.666666666666667,0.0,2.5,11,33,247.0
2024,11,Austrian Grand Prix,SAI,Ferrari,3.0,4.0,15.0,Finished,71.0,4.0,70.68861764705882,1,29,7,2,7.0,8.333333333333334,9.8,0.8,9.666666666666666,6.666666666666667,0.0,-1.0,11,76,265.0
2024,11,Austrian Grand Prix,HAM,Mercedes,4.0,5.0,12.0,Finished,71.0,5.0,71.10398550724636,1,12,11,2,5.2,4.666666666666667,3.0,0.9,5.0,4.142857142857143,0.0,1.0,11,77,180.0
2024,11,Austrian Grand Prix,VER,Red Bull Racing,5.0,1.0,10.0,Finished,71.0,1.0,70.43838805970148,1,33,14,2,2.2,2.6666666666666665,9.2,0.9,1.3333333333333333,5.5,0.0,-3.5,11,77,318.0
2024,11,Austrian Grand Prix,HUL,Haas F1 Team,6.0,9.0,8.0,Finished,71.0,9.0,71.59153623188406,1,13,8,2,12.6,13.666666666666666,14.2,0.6,20.0,14.833333333333334,0.0,-1.5,11,35,17.0
2024,11,Austrian Grand Prix,PER,Red Bull Racing,7.0,8.0,6.0,Finished,71.0,8.0,71.53166666666668,1,24,14,2,11.2,14.666666666666666,6.6,0.8,9.666666666666666,5.428571428571429,0.0,3.5,11,77,318.0
2024,11,Austrian Grand Prix,MAG,Haas F1 Team,8.0,12.0,4.0,Finished,71.0,12.0,71.50295588235295,1,19,8,2,16.0,16.333333333333332,11.4,0.4,13.0,13.571428571428571,0.0,1.5,11,55,17.0
2024,11,Austrian Grand Prix,RIC,RB,9.0,11.0,2.0,Finished,71.0,11.0,71.49939705882355,1,27,12,2,12.6,11.666666666666666,13.6,0.2,8.0,10.488898563343492,0.0,-1.5,11,62,24.0
2024,11,Austrian Grand Prix,GAS,Alpine,10.0,13.0,1.0,Finished,71.0,13.0,71.51273529411763,1,9,3,2,11.2,9.333333333333334,11.0,0.4,11.333333333333334,11.5,0.0,1.5,11,77,9.0
2024,11,Austrian Grand Prix,LEC,Ferrari,11.0,6.0,0.0,Finished,71.0,6.0,70.92610606060607,1,17,7,2,6.2,8.333333333333334,9.8,0.9,3.6666666666666665,6.142857142857143,0.0,1.0,11,77,265.0
2024,11,Austrian Grand Prix,OCO,Alpine,12.0,10.0,0.0,Finished,71.0,10.0,71.58422058823528,1,23,3,2,12.2,12.333333333333334,9.6,0.4,13.0,11.285714285714286,0.0,-1.5,11,77,9.0
2024,11,Austrian Grand Prix,STR,Aston Martin,13.0,17.0,0.0,Lapped,70.0,17.0,71.78864179104478,0,31,4,2,12.2,11.666666666666666,10.6,0.6,11.666666666666666,12.333333333333334,0.0,1.0,11,77,58.0
2024,11,Austrian Grand Prix,TSU,RB,14.0,14.0,0.0,Lapped,70.0,14.0,71.77097014925373,0,32,12,2,11.6,13.666666666666666,13.0,0.3,15.666666666666666,9.0,0.0,1.5,11,77,24.0
2024,11,Austrian Grand Prix,ALB,Williams,15.0,16.0,0.0,Lapped,70.0,16.0,71.7736567164179,0,0,15,2,16.4,14.666666666666666,18.0,0.3,11.5,13.666666666666666,0.0,-1.5,11,54,2.0
2024,11,Austrian Grand Prix,BOT,Kick Sauber,16.0,18.0,0.0,Lapped,70.0,18.0,71.88932835820896,0,5,9,2,15.2,14.0,14.6,0.2,9.333333333333334,10.488898563343492,0.0,-1.0,11,77,0.0
2024,11,Austrian Grand Prix,ZHO,Kick Sauber,17.0,20.0,0.0,Lapped,70.0,20.0,72.47869117647058,0,35,9,2,14.6,14.666666666666666,14.6,0.2,13.0,16.0,0.0,1.0,11,55,0.0
2024,11,Austrian Grand Prix,ALO,Aston Martin,18.0,15.0,0.0,Lapped,70.0,15.0,71.86265151515153,0,1,4,2,11.4,9.666666666666666,10.4,0.7,8.333333333333334,12.428571428571429,0.0,-1.0,11,77,58.0
2024,11,Austrian Grand Prix,SAR,Williams,19.0,19.0,0.0,Lapped,69.0,19.0,72.35007692307691,0,30,15,2,18.4,18.333333333333332,18.0,0.2,13.0,13.857142857142858,0.0,1.5,11,32,2.0
2024,11,Austrian Grand Prix,NOR,McLaren,20.0,2.0,0.0,Lapped,64.0,2.0,70.43893442622954,0,22,10,2,2.2,2.6666666666666665,3.6,1.0,4.666666666666667,6.857142857142857,0.0,-2.5,11,77,247.0
2024,12,British Grand Prix,HAM,Mercedes,1.0,2.0,25.0,Finished,52.0,2.0,94.17608,1,12,11,6,4.8,3.6666666666666665,3.2,0.9,2.3333333333333335,5.5,0.0,0.5,12,78,205.0
2024,12,British Grand Prix,VER,Red Bull Racing,2.0,4.0,18.0,Finished,52.0,4.0,94.22088000000002,1,33,14,6,2.8,2.3333333333333335,7.8,0.9,9.333333333333334,8.666666666666666,0.0,-7.5,12,78,336.0
2024,12,British Grand Prix,NOR,McLaren,3.0,3.0,15.0,Finished,52.0,3.0,94.37702,1,22,10,6,6.0,8.0,7.2,0.9,4.0,5.666666666666667,0.0,-1.0,12,78,274.0
2024,12,British Grand Prix,PIA,McLaren,4.0,5.0,12.0,Finished,52.0,5.0,94.09530612244896,1,25,10,6,4.0,4.666666666666667,6.8,1.0,4.0,5.285714285714286,0.0,1.0,12,34,274.0
2024,12,British Grand Prix,SAI,Ferrari,5.0,7.0,11.0,Finished,52.0,7.0,94.76355102040816,1,29,7,6,6.6,8.333333333333334,8.8,0.9,5.666666666666667,5.333333333333333,0.0,-2.0,12,77,276.0
2024,12,British Grand Prix,HUL,Haas F1 Team,6.0,6.0,8.0,Finished,52.0,6.0,95.2879,1,13,8,6,11.6,9.333333333333334,10.8,0.7,13.0,14.166666666666666,0.0,-5.5,12,36,25.0
2024,12,British Grand Prix,STR,Aston Martin,7.0,8.0,6.0,Finished,52.0,8.0,95.31969999999995,1,31,4,6,11.4,11.333333333333334,12.8,0.5,11.0,11.333333333333334,0.0,-1.0,12,78,68.0
2024,12,British Grand Prix,ALO,Aston Martin,8.0,10.0,4.0,Finished,52.0,10.0,95.3395,1,1,4,6,13.2,12.0,12.8,0.6,6.333333333333333,10.714285714285714,0.0,1.0,12,78,68.0
2024,12,British Grand Prix,ALB,Williams,9.0,9.0,2.0,Finished,52.0,9.0,95.38617999999998,1,0,15,6,15.8,16.666666666666668,18.4,0.3,14.0,12.833333333333334,0.0,-1.5,12,55,4.0
2024,12,British Grand Prix,TSU,RB,10.0,13.0,1.0,Finished,52.0,13.0,95.68554,1,32,12,6,13.0,15.666666666666666,14.2,0.3,13.333333333333334,10.488898563343492,0.0,-1.0,12,78,25.0
2024,12,British Grand Prix,SAR,Williams,11.0,12.0,0.0,Finished,52.0,12.0,95.54155102040816,1,30,15,6,18.2,19.666666666666668,16.2,0.1,11.0,12.285714285714286,0.0,1.5,12,33,4.0
2024,12,British Grand Prix,MAG,Haas F1 Team,12.0,17.0,0.0,Finished,52.0,17.0,95.75964,1,19,8,6,13.8,12.333333333333334,9.6,0.5,14.5,13.0,0.0,5.5,12,56,25.0
2024,12,British Grand Prix,RIC,RB,13.0,15.0,0.0,Lapped,51.0,15.0,96.14040816326532,0,27,12,6,11.4,10.666666666666666,13.4,0.3,9.0,10.0,0.0,1.0,12,63,25.0
2024,12,British Grand Prix,LEC,Ferrari,14.0,11.0,0.0,Lapped,51.0,11.0,96.05493617021276,0,17,7,6,7.8,11.666666666666666,6.0,0.9,5.0,5.285714285714286,0.0,2.0,12,78,276.0
2024,12,British Grand Prix,BOT,Kick Sauber,15.0,16.0,0.0,Lapped,51.0,16.0,96.6711224489796,0,5,9,6,15.2,15.0,15.4,0.2,10.666666666666666,10.488898563343492,0.0,1.0,12,78,0.0
2024,12,British Grand Prix,OCO,Alpine,16.0,18.0,0.0,Lapped,50.0,18.0,96.8873777777778,0,23,3,6,12.6,10.666666666666666,10.2,0.5,14.666666666666666,12.333333333333334,0.0,-1.0,12,78,9.0
2024,12,British Grand Prix,PER,Red Bull Racing,17.0,20.0,0.0,Lapped,50.0,19.0,97.30110869565216,0,24,14,6,11.8,11.0,4.6,0.8,8.0,7.714285714285714,-1.0,7.5,12,78,336.0
2024,12,British Grand Prix,ZHO,Kick Sauber,18.0,14.0,0.0,Lapped,50.0,14.0,98.39012765957447,0,35,9,6,15.2,15.0,15.4,0.2,17.0,15.0,0.0,-1.0,12,56,0.0
2024,12,British Grand Prix,RUS,Mercedes,19.0,1.0,0.0,Retired,33.0,1.0,95.22921875,0,28,11,6,4.0,2.6666666666666665,2.6,0.9,11.666666666666666,4.857142857142857,0.0,-0.5,12,78,205.0
2024,12,British Grand Prix,GAS,Alpine,20.0,19.0,0.0,Did not start,0.0,20.0,95.38617999999998,0,9,3,6,10.8,9.333333333333334,11.4,0.5,15.0,12.857142857142858,1.0,1.0,12,78,9.0
2024,13,Hungarian Grand Prix,PIA,McLaren,1.0,2.0,25.0,Finished,70.0,2.0,83.50185294117647,1,25,10,12,4.0,4.333333333333333,7.2,1.0,5.0,9.166666666666666,0.0,0.5,13,35,317.0
2024,13,Hungarian Grand Prix,NOR,McLaren,2.0,1.0,18.0,Finished,70.0,1.0,83.80178260869566,1,22,10,12,6.2,8.333333333333334,6.0,0.9,8.0,8.0,0.0,-0.5,13,79,317.0
2024,13,Hungarian Grand Prix,HAM,Mercedes,3.0,5.0,15.0,Finished,70.0,5.0,83.75786764705882,1,12,11,12,3.8,2.6666666666666665,5.8,0.9,2.6666666666666665,5.5,0.0,-6.0,13,79,225.0
2024,13,Hungarian Grand Prix,LEC,Ferrari,4.0,6.0,12.0,Finished,70.0,6.0,83.80633823529412,1,17,7,12,10.0,10.0,7.8,0.8,10.333333333333334,7.666666666666667,0.0,1.0,13,79,296.0
2024,13,Hungarian Grand Prix,VER,Red Bull Racing,5.0,3.0,10.0,Finished,70.0,3.0,84.0804347826087,1,33,14,12,3.0,2.6666666666666665,7.8,0.9,3.6666666666666665,6.0,0.0,-6.5,13,79,352.0
2024,13,Hungarian Grand Prix,SAI,Ferrari,6.0,4.0,8.0,Finished,70.0,4.0,84.09997101449277,1,29,7,12,6.6,4.666666666666667,7.4,0.9,5.0,7.142857142857143,0.0,-1.0,13,78,296.0
2024,13,Hungarian Grand Prix,PER,Red Bull Racing,7.0,16.0,6.0,Finished,70.0,16.0,84.33471014492754,1,24,14,12,13.6,10.666666666666666,7.2,0.7,8.333333333333334,5.857142857142857,0.0,6.5,13,79,352.0
2024,13,Hungarian Grand Prix,RUS,Mercedes,8.0,17.0,5.0,Finished,70.0,17.0,84.63367142857143,1,28,11,12,6.4,8.0,5.6,0.8,5.666666666666667,5.142857142857143,0.0,6.0,13,79,225.0
2024,13,Hungarian Grand Prix,TSU,RB,9.0,10.0,2.0,Finished,70.0,10.0,84.89263768115941,1,32,12,12,13.0,14.333333333333334,13.0,0.4,13.333333333333334,10.488898563343492,0.0,0.5,13,79,27.0
2024,13,Hungarian Grand Prix,STR,Aston Martin,10.0,8.0,1.0,Finished,70.0,8.0,84.60357352941176,1,31,4,12,11.0,11.333333333333334,12.0,0.6,13.333333333333334,13.166666666666666,0.0,0.5,13,79,69.0
2024,13,Hungarian Grand Prix,ALO,Aston Martin,11.0,7.0,0.0,Finished,70.0,7.0,84.94430434782609,1,1,4,12,11.0,12.666666666666666,11.2,0.6,7.0,12.714285714285714,0.0,-0.5,13,79,69.0
2024,13,Hungarian Grand Prix,RIC,RB,12.0,9.0,0.0,Lapped,69.0,9.0,85.24748529411762,0,27,12,12,11.4,12.333333333333334,11.0,0.3,13.0,9.0,0.0,-0.5,13,64,27.0
2024,13,Hungarian Grand Prix,HUL,Haas F1 Team,13.0,11.0,0.0,Lapped,69.0,11.0,85.47657352941177,0,13,8,12,10.6,7.666666666666667,9.8,0.7,14.0,14.5,0.0,-2.0,13,37,25.0
2024,13,Hungarian Grand Prix,ALB,Williams,14.0,13.0,0.0,Lapped,69.0,13.0,85.26602985074625,0,0,15,12,13.6,14.0,14.8,0.3,14.0,13.166666666666666,0.0,-0.5,13,56,4.0
2024,13,Hungarian Grand Prix,MAG,Haas F1 Team,15.0,15.0,0.0,Lapped,69.0,15.0,85.64539705882352,0,19,8,12,13.8,12.333333333333334,9.0,0.5,16.5,14.285714285714286,0.0,2.0,13,57,25.0
2024,13,Hungarian Grand Prix,BOT,Kick Sauber,16.0,12.0,0.0,Lapped,69.0,12.0,85.65436764705882,0,5,9,12,14.6,15.666666666666666,16.4,0.2,16.0,10.488898563343492,0.0,-3.0,13,79,0.0
2024,13,Hungarian Grand Prix,SAR,Williams,17.0,14.0,0.0,Lapped,69.0,14.0,85.76226470588234,0,30,15,12,17.0,16.666666666666668,13.6,0.2,18.0,13.285714285714286,0.0,0.5,13,34,4.0
2024,13,Hungarian Grand Prix,OCO,Alpine,18.0,19.0,0.0,Lapped,69.0,19.0,86.12924637681158,0,23,3,12,13.0,12.666666666666666,13.6,0.5,9.666666666666666,10.166666666666666,0.0,-0.5,13,79,9.0
2024,13,Hungarian Grand Prix,ZHO,Kick Sauber,19.0,18.0,0.0,Lapped,69.0,18.0,85.90674999999999,0,35,9,12,15.8,16.0,16.4,0.2,14.5,16.0,0.0,3.0,13,57,0.0
2024,13,Hungarian Grand Prix,GAS,Alpine,20.0,20.0,0.0,Retired,33.0,20.0,86.6440909090909,0,9,3,12,11.6,13.0,15.2,0.5,12.333333333333334,11.285714285714286,0.0,0.5,13,79,9.0
2024,14,Belgian Grand Prix,HAM,Mercedes,1.0,3.0,25.0,Finished,44.0,4.0,109.0355909090909,1,12,11,5,3.0,2.6666666666666665,7.0,1.0,9.0,8.166666666666666,1.0,-1.5,14,80,250.0
2024,14,Belgian Grand Prix,PIA,McLaren,2.0,5.0,18.0,Finished,44.0,6.0,109.05029545454543,1,25,10,5,3.8,2.3333333333333335,6.0,1.0,20.0,12.0,1.0,0.5,14,36,345.0
2024,14,Belgian Grand Prix,LEC,Ferrari,3.0,1.0,15.0,Finished,44.0,2.0,109.2179318181818,1,17,7,5,10.6,9.666666666666666,8.0,0.8,5.666666666666667,8.166666666666666,1.0,-3.0,14,80,319.0
2024,14,Belgian Grand Prix,VER,Red Bull Racing,4.0,11.0,12.0,Finished,44.0,1.0,109.23331818181822,1,33,14,5,2.8,4.0,7.6,1.0,1.0,4.333333333333333,-10.0,-1.0,14,80,371.0
2024,14,Belgian Grand Prix,NOR,McLaren,5.0,4.0,10.0,Finished,44.0,5.0,109.2475,1,22,10,5,5.8,8.333333333333334,2.4,0.9,11.0,10.571428571428571,1.0,-0.5,14,80,345.0
2024,14,Belgian Grand Prix,SAI,Ferrari,6.0,7.0,8.0,Finished,44.0,8.0,109.47352272727272,1,29,7,5,7.2,4.666666666666667,6.4,0.9,10.666666666666666,7.428571428571429,1.0,3.0,14,79,319.0
2024,14,Belgian Grand Prix,PER,Red Bull Racing,7.0,2.0,7.0,Finished,44.0,3.0,110.00534090909092,1,24,14,5,11.4,10.333333333333334,7.0,0.7,7.666666666666667,4.285714285714286,1.0,1.0,14,80,371.0
2024,14,Belgian Grand Prix,ALO,Aston Martin,8.0,8.0,4.0,Finished,44.0,9.0,110.1591590909091,1,1,4,5,11.0,12.333333333333334,10.8,0.6,7.0,9.666666666666666,1.0,-3.0,14,80,73.0
2024,14,Belgian Grand Prix,OCO,Alpine,9.0,9.0,2.0,Finished,44.0,10.0,110.218,1,23,3,5,13.2,15.333333333333334,17.2,0.5,7.333333333333333,8.166666666666666,1.0,-1.0,14,80,11.0
2024,14,Belgian Grand Prix,RIC,RB,10.0,13.0,1.0,Finished,44.0,13.0,110.27195454545456,1,27,12,5,11.4,11.333333333333334,11.6,0.3,11.666666666666666,10.488898563343492,0.0,-2.5,14,65,28.0
2024,14,Belgian Grand Prix,STR,Aston Martin,11.0,15.0,0.0,Finished,44.0,15.0,110.45570454545454,1,31,4,5,10.2,10.0,8.8,0.6,13.333333333333334,9.428571428571429,0.0,3.0,14,80,73.0
2024,14,Belgian Grand Prix,ALB,Williams,12.0,10.0,0.0,Finished,44.0,11.0,110.47025,1,0,15,5,14.6,12.666666666666666,14.0,0.3,12.0,11.666666666666666,1.0,-4.0,14,57,4.0
2024,14,Belgian Grand Prix,GAS,Alpine,13.0,12.0,0.0,Finished,44.0,12.0,110.48647727272729,1,9,3,5,13.6,16.666666666666668,16.6,0.5,8.666666666666666,8.285714285714286,0.0,1.0,14,80,11.0
2024,14,Belgian Grand Prix,MAG,Haas F1 Team,14.0,17.0,0.0,Finished,44.0,17.0,110.53797727272728,1,19,8,5,12.8,11.666666666666666,10.8,0.5,15.5,16.5,0.0,0.5,14,58,25.0
2024,14,Belgian Grand Prix,BOT,Kick Sauber,15.0,14.0,0.0,Finished,44.0,14.0,110.62904545454543,1,5,9,5,15.2,15.666666666666666,17.0,0.2,14.333333333333334,10.488898563343492,0.0,-3.0,14,80,0.0
2024,14,Belgian Grand Prix,TSU,RB,16.0,20.0,0.0,Finished,44.0,18.0,110.76765909090908,1,32,12,5,13.2,11.0,10.8,0.4,12.666666666666666,10.0,-2.0,2.5,14,80,28.0
2024,14,Belgian Grand Prix,SAR,Williams,17.0,18.0,0.0,Finished,44.0,19.0,110.97947727272728,1,30,15,5,17.4,15.666666666666666,12.6,0.2,17.0,11.714285714285714,1.0,4.0,14,35,4.0
2024,14,Belgian Grand Prix,HUL,Haas F1 Team,18.0,16.0,0.0,Finished,44.0,16.0,111.04256818181815,1,13,8,5,9.4,8.333333333333334,12.0,0.6,18.0,16.142857142857142,0.0,-0.5,14,38,25.0
2024,14,Belgian Grand Prix,ZHO,Kick Sauber,19.0,19.0,0.0,Retired,5.0,20.0,119.80725,0,35,9,5,16.4,18.0,16.6,0.2,13.5,15.0,1.0,3.0,14,58,0.0
2024,14,Belgian Grand Prix,RUS,Mercedes,20.0,6.0,0.0,Disqualified,44.0,7.0,109.02363636363638,0,28,11,5,7.0,9.333333333333334,6.4,0.9,4.0,7.142857142857143,1.0,1.5,14,80,250.0
2024,15,Dutch Grand Prix,NOR,McLaren,1.0,1.0,26.0,Finished,72.0,1.0,75.35730985915492,1,22,10,9,6.4,3.3333333333333335,2.8,0.9,8.0,10.166666666666666,0.0,-1.0,15,81,383.0
2024,15,Dutch Grand Prix,VER,Red Bull Racing,2.0,2.0,18.0,Finished,72.0,2.0,75.6879014084507,1,33,14,9,3.4,3.6666666666666665,8.0,1.0,1.0,3.3333333333333335,0.0,-1.5,15,81,397.0
2024,15,Dutch Grand Prix,LEC,Ferrari,3.0,6.0,15.0,Finished,72.0,6.0,75.74252112676056,1,17,7,9,7.4,7.0,6.6,0.8,9.0,7.833333333333333,0.0,-2.0,15,81,344.0
2024,15,Dutch Grand Prix,PIA,McLaren,4.0,3.0,12.0,Finished,72.0,3.0,75.75046478873239,1,25,10,9,3.2,2.3333333333333335,2.2,1.0,9.0,8.857142857142858,0.0,1.0,15,37,383.0
2024,15,Dutch Grand Prix,SAI,Ferrari,5.0,10.0,10.0,Finished,72.0,10.0,75.81321126760565,1,29,7,9,5.2,5.666666666666667,4.4,0.9,6.666666666666667,7.142857142857143,0.0,2.0,15,80,344.0
2024,15,Dutch Grand Prix,PER,Red Bull Racing,6.0,5.0,8.0,Finished,72.0,5.0,75.8947042253521,1,24,14,9,9.2,10.333333333333334,5.0,0.7,5.666666666666667,3.142857142857143,0.0,1.5,15,81,397.0
2024,15,Dutch Grand Prix,RUS,Mercedes,7.0,4.0,6.0,Finished,72.0,4.0,75.72995714285715,1,28,11,9,10.4,15.666666666666666,10.2,0.8,12.0,5.666666666666667,0.0,-5.0,15,81,260.0
2024,15,Dutch Grand Prix,HAM,Mercedes,8.0,14.0,4.0,Finished,72.0,14.0,75.81762857142857,1,12,11,9,2.4,1.6666666666666667,7.8,1.0,4.0,5.857142857142857,0.0,5.0,15,81,260.0
2024,15,Dutch Grand Prix,GAS,Alpine,9.0,9.0,2.0,Lapped,71.0,9.0,76.52024285714286,0,9,3,9,14.4,17.666666666666668,16.0,0.6,6.0,7.166666666666667,0.0,-3.0,15,81,13.0
2024,15,Dutch Grand Prix,ALO,Aston Martin,10.0,7.0,1.0,Lapped,71.0,7.0,76.61778571428572,0,1,4,9,11.4,9.0,9.6,0.6,4.666666666666667,10.333333333333334,0.0,-0.5,15,81,74.0
2024,15,Dutch Grand Prix,HUL,Haas F1 Team,11.0,12.0,0.0,Lapped,71.0,12.0,76.70754285714284,0,13,8,9,10.8,12.333333333333334,14.4,0.7,12.0,15.666666666666666,0.0,-4.0,15,39,25.0
2024,15,Dutch Grand Prix,RIC,RB,12.0,13.0,0.0,Lapped,71.0,13.0,76.72374285714285,0,27,12,9,11.8,11.666666666666666,12.0,0.4,14.0,10.488898563343492,0.0,1.0,15,66,28.0
2024,15,Dutch Grand Prix,STR,Aston Martin,13.0,8.0,0.0,Lapped,71.0,8.0,76.73007142857142,0,31,4,9,11.0,9.333333333333334,10.0,0.7,11.0,10.285714285714286,0.0,0.5,15,81,74.0
2024,15,Dutch Grand Prix,ALB,Williams,14.0,19.0,0.0,Lapped,71.0,19.0,76.75497101449277,0,0,15,9,13.6,11.666666666666666,14.2,0.4,10.0,15.166666666666666,0.0,0.5,15,58,4.0
2024,15,Dutch Grand Prix,OCO,Alpine,15.0,15.0,0.0,Lapped,71.0,15.0,77.09622857142855,0,23,3,9,13.0,14.333333333333334,13.8,0.6,9.333333333333334,7.428571428571429,0.0,3.0,15,81,13.0
2024,15,Dutch Grand Prix,SAR,Williams,16.0,18.0,0.0,Lapped,71.0,18.0,77.33887142857144,0,30,15,9,16.8,15.0,14.8,0.3,20.0,15.0,0.0,-0.5,15,36,4.0
2024,15,Dutch Grand Prix,TSU,RB,17.0,11.0,0.0,Lapped,71.0,11.0,77.0837971014493,0,32,12,9,13.6,11.666666666666666,11.8,0.5,18.0,12.0,0.0,-1.0,15,81,28.0
2024,15,Dutch Grand Prix,MAG,Haas F1 Team,18.0,20.0,0.0,Lapped,71.0,20.0,77.37242857142859,0,19,8,9,13.2,13.666666666666666,14.2,0.6,15.5,15.0,0.0,4.0,15,59,25.0
2024,15,Dutch Grand Prix,BOT,Kick Sauber,19.0,16.0,0.0,Lapped,70.0,16.0,77.3097794117647,0,5,9,9,15.6,15.333333333333334,17.4,0.3,12.0,10.488898563343492,0.0,-0.5,15,81,0.0
2024,15,Dutch Grand Prix,ZHO,Kick Sauber,20.0,17.0,0.0,Lapped,70.0,17.0,77.71367647058823,0,35,9,9,17.2,18.666666666666668,17.6,0.2,17.0,19.0,0.0,0.5,15,59,0.0
2024,16,Italian Grand Prix,LEC,Ferrari,1.0,4.0,25.0,Finished,53.0,4.0,84.15075000000002,1,17,7,13,7.0,3.3333333333333335,4.6,0.8,3.3333333333333335,3.8333333333333335,0.0,-0.5,16,82,381.0
2024,16,Italian Grand Prix,PIA,McLaren,2.0,2.0,18.0,Finished,53.0,2.0,83.8373137254902,1,25,10,13,2.6,2.3333333333333335,2.8,1.0,12.0,7.833333333333333,0.0,0.5,16,38,417.0
2024,16,Italian Grand Prix,NOR,McLaren,3.0,1.0,16.0,Finished,53.0,1.0,83.90131372549018,1,22,10,13,6.2,2.6666666666666665,2.8,0.9,5.666666666666667,7.0,0.0,-0.5,16,82,417.0
2024,16,Italian Grand Prix,SAI,Ferrari,4.0,5.0,12.0,Finished,53.0,5.0,84.4526346153846,1,29,7,13,5.0,5.666666666666667,3.6,0.9,4.333333333333333,3.4285714285714284,0.0,0.5,16,81,381.0
2024,16,Italian Grand Prix,HAM,Mercedes,5.0,6.0,10.0,Finished,53.0,6.0,84.22464705882354,1,12,11,13,3.4,4.0,8.8,1.0,9.333333333333334,6.5,0.0,1.5,16,82,276.0
2024,16,Italian Grand Prix,VER,Red Bull Racing,6.0,7.0,8.0,Finished,53.0,7.0,84.44568627450981,1,33,14,13,3.6,3.6666666666666665,5.2,1.0,6.666666666666667,5.5,0.0,-0.5,16,82,409.0
2024,16,Italian Grand Prix,RUS,Mercedes,7.0,3.0,6.0,Finished,53.0,3.0,84.3562156862745,1,28,11,13,11.0,11.666666666666666,8.2,0.8,5.666666666666667,6.285714285714286,0.0,-1.5,16,82,276.0
2024,16,Italian Grand Prix,PER,Red Bull Racing,8.0,8.0,4.0,Finished,53.0,8.0,84.81929411764708,1,24,14,13,8.8,6.666666666666667,5.0,0.7,4.333333333333333,5.571428571428571,0.0,0.5,16,82,409.0
2024,16,Italian Grand Prix,ALB,Williams,9.0,9.0,2.0,Finished,53.0,9.0,85.42596153846154,1,0,15,13,12.8,13.333333333333334,15.2,0.3,7.0,10.666666666666666,0.0,-4.5,16,59,6.0
2024,16,Italian Grand Prix,MAG,Haas F1 Team,10.0,13.0,1.0,Finished,53.0,13.0,85.23088461538462,1,19,8,13,13.4,15.666666666666666,15.2,0.5,17.0,15.666666666666666,0.0,1.5,16,60,26.0
2024,16,Italian Grand Prix,ALO,Aston Martin,11.0,11.0,0.0,Finished,53.0,11.0,85.08776470588235,1,1,4,13,11.0,9.666666666666666,10.6,0.5,12.0,13.666666666666666,0.0,-3.0,16,82,74.0
2024,16,Italian Grand Prix,COL,Williams,12.0,18.0,0.0,Finished,53.0,18.0,85.68626923076923,1,6,15,13,10.488898563343492,10.488898563343492,13.6,0.85,10.488898563343492,10.428571428571429,0.0,4.5,16,1,6.0
2024,16,Italian Grand Prix,RIC,RB,13.0,12.0,0.0,Finished,53.0,12.0,85.5190576923077,1,27,12,13,11.2,11.333333333333334,13.4,0.4,9.0,10.488898563343492,0.0,-2.0,16,67,28.0
2024,16,Italian Grand Prix,OCO,Alpine,14.0,15.0,0.0,Lapped,52.0,15.0,86.0524705882353,0,23,3,13,14.0,14.0,13.2,0.5,13.333333333333334,13.666666666666666,0.0,0.5,16,82,13.0
2024,16,Italian Grand Prix,GAS,Alpine,15.0,14.0,0.0,Lapped,52.0,14.0,85.75273999999999,0,9,3,13,14.4,14.0,12.0,0.5,14.0,13.714285714285714,0.0,-0.5,16,82,13.0
2024,16,Italian Grand Prix,BOT,Kick Sauber,16.0,19.0,0.0,Lapped,52.0,19.0,86.32305882352942,0,5,9,13,16.2,16.666666666666668,18.4,0.3,8.666666666666666,10.488898563343492,0.0,-0.5,16,82,0.0
2024,16,Italian Grand Prix,HUL,Haas F1 Team,17.0,10.0,0.0,Lapped,52.0,10.0,85.49730000000001,0,13,8,13,10.8,14.0,14.2,0.6,17.0,14.857142857142858,0.0,-1.5,16,40,26.0
2024,16,Italian Grand Prix,ZHO,Kick Sauber,18.0,20.0,0.0,Lapped,52.0,20.0,86.50301960784313,0,35,9,13,18.6,19.333333333333332,17.8,0.1,12.0,16.0,0.0,0.5,16,60,0.0
2024,16,Italian Grand Prix,STR,Aston Martin,19.0,17.0,0.0,Lapped,52.0,17.0,85.79214285714286,0,31,4,13,10.8,11.333333333333334,10.6,0.6,13.666666666666666,13.285714285714286,0.0,3.0,16,82,74.0
2024,16,Italian Grand Prix,TSU,RB,20.0,16.0,0.0,Retired,7.0,16.0,90.95271428571426,0,32,12,13,13.2,14.0,13.6,0.5,18.0,13.0,0.0,2.0,16,82,28.0
2024,17,Azerbaijan Grand Prix,PIA,McLaren,1.0,2.0,25.0,Finished,51.0,2.0,108.49345999999996,1,25,10,3,2.6,2.6666666666666665,3.0,1.0,11.0,8.5,0.0,-7.0,17,39,455.0
2024,17,Azerbaijan Grand Prix,LEC,Ferrari,2.0,1.0,18.0,Finished,51.0,1.0,108.67784000000002,1,17,7,3,5.0,2.3333333333333335,3.8,0.8,8.666666666666666,9.833333333333334,0.0,-1.0,17,83,399.0
2024,17,Azerbaijan Grand Prix,RUS,Mercedes,3.0,5.0,15.0,Finished,51.0,5.0,109.1279,1,28,11,3,12.2,11.333333333333334,9.4,0.8,9.333333333333334,8.0,0.0,-1.0,17,83,293.0
2024,17,Azerbaijan Grand Prix,NOR,McLaren,4.0,15.0,13.0,Finished,51.0,16.0,109.23942,1,22,10,3,2.8,3.0,2.2,0.9,7.666666666666667,7.428571428571429,1.0,7.0,17,83,455.0
2024,17,Azerbaijan Grand Prix,VER,Red Bull Racing,5.0,6.0,10.0,Finished,51.0,6.0,109.06310204081632,1,33,14,3,3.8,4.0,5.8,1.0,7.0,4.166666666666667,0.0,1.0,17,83,419.0
2024,17,Azerbaijan Grand Prix,ALO,Aston Martin,6.0,7.0,8.0,Finished,51.0,8.0,109.42932653061224,1,1,4,3,9.6,9.666666666666666,12.8,0.5,5.666666666666667,9.0,1.0,-3.0,17,83,82.0
2024,17,Azerbaijan Grand Prix,ALB,Williams,7.0,9.0,6.0,Finished,51.0,10.0,109.46316326530614,1,0,15,3,11.6,11.666666666666666,13.6,0.3,12.0,14.666666666666666,1.0,0.5,17,60,16.0
2024,17,Azerbaijan Grand Prix,COL,Williams,8.0,8.0,4.0,Finished,51.0,9.0,109.67040816326532,1,6,15,3,12.0,12.0,11.6,1.0,10.488898563343492,13.571428571428571,1.0,-0.5,17,2,16.0
2024,17,Azerbaijan Grand Prix,HAM,Mercedes,9.0,19.0,2.0,Finished,51.0,7.0,109.6949387755102,1,12,11,3,3.6,4.666666666666667,6.0,1.0,8.333333333333334,7.285714285714286,-12.0,1.0,17,83,293.0
2024,17,Azerbaijan Grand Prix,BEA,Haas F1 Team,10.0,10.0,1.0,Finished,51.0,11.0,109.71369387755102,1,3,8,3,7.0,7.0,14.8,1.0,10.488898563343492,14.666666666666666,1.0,-1.0,17,2,27.0
2024,17,Azerbaijan Grand Prix,HUL,Haas F1 Team,11.0,12.0,0.0,Finished,51.0,13.0,109.67975510204082,1,13,8,3,13.0,15.333333333333334,13.2,0.5,17.0,14.0,1.0,1.0,17,41,27.0
2024,17,Azerbaijan Grand Prix,GAS,Alpine,12.0,18.0,0.0,Finished,51.0,15.0,109.89279591836736,1,9,3,3,15.4,12.333333333333334,13.2,0.4,7.333333333333333,12.0,-3.0,-2.0,17,83,13.0
2024,17,Azerbaijan Grand Prix,RIC,RB,13.0,14.0,0.0,Finished,51.0,15.0,110.26922448979592,1,27,12,3,12.0,11.666666666666666,15.6,0.4,8.5,10.488898563343492,1.0,1.5,17,68,28.0
2024,17,Azerbaijan Grand Prix,ZHO,Kick Sauber,14.0,17.0,0.0,Finished,51.0,18.0,110.67104081632654,1,35,9,3,18.8,19.0,18.4,0.0,18.5,10.488898563343492,1.0,0.5,17,61,0.0
2024,17,Azerbaijan Grand Prix,OCO,Alpine,15.0,20.0,0.0,Lapped,50.0,19.0,110.88244897959184,0,23,3,3,14.4,12.666666666666666,13.0,0.4,15.0,12.0,-1.0,2.0,17,83,13.0
2024,17,Azerbaijan Grand Prix,BOT,Kick Sauber,16.0,16.0,0.0,Lapped,50.0,17.0,111.2459387755102,0,5,9,3,16.2,16.666666666666668,17.4,0.2,13.666666666666666,14.0,1.0,-0.5,17,83,0.0
2024,17,Azerbaijan Grand Prix,PER,Red Bull Racing,17.0,4.0,0.0,Retired,49.0,4.0,108.5958775510204,0,24,14,3,9.0,7.0,5.4,0.7,1.3333333333333333,4.285714285714286,0.0,-1.0,17,83,419.0
2024,17,Azerbaijan Grand Prix,SAI,Ferrari,18.0,3.0,0.0,Retired,49.0,3.0,108.60751020408162,0,29,7,3,5.2,5.0,3.0,0.9,11.0,8.714285714285714,0.0,1.0,17,82,399.0
2024,17,Azerbaijan Grand Prix,STR,Aston Martin,19.0,13.0,0.0,Retired,45.0,14.0,111.13511111111112,0,31,4,3,12.0,14.333333333333334,11.8,0.5,14.0,8.571428571428571,1.0,3.0,17,83,82.0
2024,17,Azerbaijan Grand Prix,TSU,RB,20.0,11.0,0.0,Retired,14.0,12.0,115.90364285714286,0,32,12,3,14.4,17.666666666666668,15.0,0.4,10.0,13.0,1.0,-1.5,17,83,28.0
2024,18,Singapore Grand Prix,NOR,McLaren,1.0,1.0,25.0,Finished,62.0,1.0,97.28136065573771,1,22,10,23,3.0,2.6666666666666665,2.8,0.9,3.0,4.5,0.0,-2.0,18,84,495.0
2024,18,Singapore Grand Prix,VER,Red Bull Racing,2.0,2.0,18.0,Finished,62.0,2.0,97.61519672131146,1,33,14,23,4.4,4.333333333333333,8.4,1.0,6.0,5.25,0.0,-5.5,18,84,438.0
2024,18,Singapore Grand Prix,PIA,McLaren,3.0,5.0,15.0,Finished,62.0,5.0,98.29667741935482,1,25,10,23,2.0,2.3333333333333335,2.2,1.0,7.0,3.8,0.0,2.0,18,40,495.0
2024,18,Singapore Grand Prix,RUS,Mercedes,4.0,4.0,12.0,Finished,62.0,4.0,98.60662903225808,1,28,11,23,9.0,5.666666666666667,6.4,0.8,15.0,10.5,0.0,0.5,18,84,313.0
2024,18,Singapore Grand Prix,LEC,Ferrari,5.0,9.0,10.0,Finished,62.0,9.0,98.62904838709676,1,17,7,23,2.6,2.0,6.0,0.8,3.0,2.5,0.0,-0.5,18,84,415.0
2024,18,Singapore Grand Prix,HAM,Mercedes,6.0,3.0,8.0,Finished,62.0,3.0,98.67395081967211,1,12,11,23,5.2,7.333333333333333,5.6,1.0,6.0,9.2,0.0,-0.5,18,84,313.0
2024,18,Singapore Grand Prix,SAI,Ferrari,7.0,10.0,6.0,Finished,62.0,10.0,99.17112903225808,1,29,7,23,7.8,9.0,6.0,0.8,2.0,3.0,0.0,0.5,18,83,415.0
2024,18,Singapore Grand Prix,ALO,Aston Martin,8.0,7.0,4.0,Lapped,61.0,7.0,98.9126,0,1,4,23,9.2,9.0,13.6,0.6,16.5,9.666666666666666,0.0,-5.0,18,84,86.0
2024,18,Singapore Grand Prix,HUL,Haas F1 Team,9.0,6.0,2.0,Lapped,61.0,6.0,98.90116666666668,0,13,8,23,14.0,13.0,13.2,0.6,13.0,12.0,0.0,-4.0,18,42,29.0
2024,18,Singapore Grand Prix,PER,Red Bull Racing,10.0,13.0,1.0,Lapped,61.0,13.0,99.2982786885246,0,24,14,23,9.0,10.333333333333334,7.6,0.6,4.5,4.6,0.0,5.5,18,84,438.0
2024,18,Singapore Grand Prix,COL,Williams,11.0,12.0,0.0,Lapped,61.0,12.0,98.95451666666668,0,6,15,23,10.0,10.0,10.4,1.0,10.488898563343492,15.25,0.0,0.5,18,3,16.0
2024,18,Singapore Grand Prix,TSU,RB,12.0,8.0,0.0,Lapped,61.0,8.0,99.00398333333334,0,32,12,23,16.4,19.0,16.6,0.4,17.0,10.488898563343492,0.0,-4.0,18,84,28.0
2024,18,Singapore Grand Prix,OCO,Alpine,13.0,15.0,0.0,Lapped,61.0,15.0,99.59941666666668,0,23,3,23,14.2,14.666666666666666,14.2,0.4,17.0,14.5,0.0,-1.5,18,84,13.0
2024,18,Singapore Grand Prix,STR,Aston Martin,14.0,17.0,0.0,Lapped,61.0,17.0,99.66235,0,31,4,23,14.4,17.0,12.6,0.4,6.0,9.25,0.0,5.0,18,84,86.0
2024,18,Singapore Grand Prix,ZHO,Kick Sauber,15.0,20.0,0.0,Lapped,61.0,20.0,100.16050819672132,0,35,9,23,18.0,17.333333333333332,16.8,0.1,16.0,10.488898563343492,0.0,0.5,18,62,0.0
2024,18,Singapore Grand Prix,BOT,Kick Sauber,16.0,19.0,0.0,Lapped,61.0,19.0,100.1704918032787,0,5,9,23,16.4,17.0,15.8,0.2,14.0,15.0,0.0,-0.5,18,84,0.0
2024,18,Singapore Grand Prix,GAS,Alpine,17.0,18.0,0.0,Lapped,61.0,18.0,99.8331,0,9,3,23,13.8,12.0,13.8,0.5,8.0,14.2,0.0,1.5,18,84,13.0
2024,18,Singapore Grand Prix,RIC,RB,18.0,16.0,0.0,Lapped,61.0,16.0,100.04054237288136,0,27,12,23,12.0,12.666666666666666,15.6,0.5,5.0,12.0,0.0,4.0,18,69,28.0
2024,18,Singapore Grand Prix,MAG,Haas F1 Team,19.0,14.0,0.0,Retired,57.0,14.0,99.75085185185182,0,19,8,23,13.8,14.0,11.4,0.5,11.0,11.4,0.0,4.0,18,61,29.0
2024,18,Singapore Grand Prix,ALB,Williams,20.0,11.0,0.0,Retired,15.0,11.0,101.95892857142856,0,0,15,23,11.2,10.0,9.4,0.4,14.0,14.4,0.0,-0.5,18,61,16.0
2024,19,United States Grand Prix,LEC,Ferrari,1.0,4.0,25.0,Finished,56.0,4.0,98.98567307692308,1,17,7,28,2.8,2.6666666666666665,7.2,0.8,9.0,9.5,0.0,0.5,19,85,458.0
2024,19,United States Grand Prix,SAI,Ferrari,2.0,3.0,18.0,Finished,56.0,3.0,99.55224528301883,1,29,7,28,8.0,9.666666666666666,6.6,0.8,10.0,8.285714285714286,0.0,-0.5,19,84,458.0
2024,19,United States Grand Prix,VER,Red Bull Racing,3.0,2.0,15.0,Finished,56.0,2.0,99.3743076923077,1,33,14,28,3.8,4.333333333333333,8.4,1.0,1.0,2.3333333333333335,0.0,-4.0,19,85,459.0
2024,19,United States Grand Prix,NOR,McLaren,4.0,1.0,12.0,Finished,56.0,1.0,99.31805769230768,1,22,10,28,2.8,2.6666666666666665,2.4,0.9,5.333333333333333,9.0,0.0,-2.0,19,85,517.0
2024,19,United States Grand Prix,PIA,McLaren,5.0,5.0,10.0,Finished,56.0,5.0,99.85233962264152,1,25,10,28,2.4,2.0,2.6,1.0,17.0,8.285714285714286,0.0,2.0,19,41,517.0
2024,19,United States Grand Prix,RUS,Mercedes,6.0,20.0,8.0,Finished,56.0,6.0,100.1376730769231,1,28,11,28,8.2,4.666666666666667,5.8,0.8,8.0,6.5,-14.0,-6.5,19,85,321.0
2024,19,United States Grand Prix,PER,Red Bull Racing,7.0,9.0,6.0,Finished,56.0,10.0,100.5753396226415,1,24,14,28,9.6,11.666666666666666,7.4,0.6,3.6666666666666665,2.4285714285714284,1.0,4.0,19,85,459.0
2024,19,United States Grand Prix,HUL,Haas F1 Team,8.0,11.0,4.0,Finished,56.0,12.0,100.2489423076923,1,13,8,28,13.2,12.333333333333334,13.2,0.6,11.0,13.666666666666666,1.0,1.5,19,43,33.0
2024,19,United States Grand Prix,LAW,RB,9.0,19.0,2.0,Finished,56.0,15.0,100.82743396226417,1,16,12,28,12.2,12.333333333333334,16.6,0.6,10.488898563343492,10.488898563343492,-4.0,2.0,19,6,30.0
2024,19,United States Grand Prix,COL,Williams,10.0,15.0,1.0,Finished,56.0,17.0,100.86003773584906,1,6,15,28,10.333333333333334,10.333333333333334,11.6,0.6666666666666666,10.488898563343492,13.0,2.0,0.5,19,4,17.0
2024,19,United States Grand Prix,MAG,Haas F1 Team,11.0,8.0,0.0,Finished,56.0,9.0,100.95779245283018,1,19,8,28,15.2,15.666666666666666,11.4,0.5,11.5,12.857142857142858,1.0,-1.5,19,62,33.0
2024,19,United States Grand Prix,GAS,Alpine,12.0,6.0,0.0,Finished,56.0,7.0,100.58569230769233,1,9,3,28,13.2,14.666666666666666,14.4,0.5,13.333333333333334,13.166666666666666,1.0,-3.0,19,85,13.0
2024,19,United States Grand Prix,ALO,Aston Martin,13.0,7.0,0.0,Lapped,55.0,8.0,101.41476923076924,0,1,4,28,8.6,8.333333333333334,13.2,0.6,13.666666666666666,11.833333333333334,1.0,-3.0,19,85,86.0
2024,19,United States Grand Prix,TSU,RB,14.0,10.0,0.0,Lapped,55.0,11.0,101.0122156862745,0,32,12,28,17.0,17.333333333333332,14.4,0.4,9.0,9.0,1.0,-2.0,19,85,30.0
2024,19,United States Grand Prix,STR,Aston Martin,15.0,13.0,0.0,Lapped,55.0,14.0,101.31125490196078,0,31,4,28,15.2,17.333333333333332,12.0,0.4,12.333333333333334,12.0,1.0,3.0,19,85,86.0
2024,19,United States Grand Prix,ALB,Williams,16.0,14.0,0.0,Lapped,55.0,16.0,101.78763461538462,0,0,15,28,12.4,12.0,11.2,0.4,11.0,12.571428571428571,2.0,-0.5,19,62,17.0
2024,19,United States Grand Prix,BOT,Kick Sauber,17.0,16.0,0.0,Lapped,55.0,18.0,101.70139215686272,0,5,9,28,16.4,16.0,15.8,0.2,12.333333333333334,10.488898563343492,2.0,-1.0,19,85,0.0
2024,19,United States Grand Prix,OCO,Alpine,18.0,12.0,0.0,Lapped,55.0,13.0,101.76966666666668,0,23,3,28,13.2,14.0,13.8,0.4,16.0,13.0,1.0,3.0,19,85,13.0
2024,19,United States Grand Prix,ZHO,Kick Sauber,19.0,18.0,0.0,Lapped,55.0,20.0,101.47588,0,35,9,28,17.2,15.666666666666666,15.6,0.1,12.5,17.0,2.0,1.0,19,63,0.0
2024,19,United States Grand Prix,HAM,Mercedes,20.0,17.0,0.0,Retired,1.0,19.0,108.064,0,12,11,28,5.8,6.666666666666667,5.6,1.0,7.666666666666667,6.428571428571429,2.0,6.5,19,85,321.0
2024,20,Mexico City Grand Prix,SAI,Ferrari,1.0,1.0,25.0,Finished,71.0,1.0,81.144578125,1,29,7,16,7.2,9.0,6.6,0.9,5.0,4.833333333333333,0.0,-1.5,20,85,499.0
2024,20,Mexico City Grand Prix,NOR,McLaren,2.0,3.0,18.0,Finished,71.0,3.0,81.205421875,1,22,10,16,2.6,3.0,3.4,0.9,8.0,8.5,0.0,-7.0,20,86,539.0
2024,20,Mexico City Grand Prix,LEC,Ferrari,3.0,4.0,16.0,Finished,71.0,4.0,81.37073015873014,1,17,7,16,2.4,2.6666666666666665,3.2,0.9,4.666666666666667,4.285714285714286,0.0,1.5,20,86,499.0
2024,20,Mexico City Grand Prix,HAM,Mercedes,4.0,6.0,12.0,Finished,71.0,6.0,81.78525,1,12,11,16,9.6,11.666666666666666,9.0,0.9,2.0,5.166666666666667,0.0,0.5,20,86,343.0
2024,20,Mexico City Grand Prix,RUS,Mercedes,5.0,5.0,10.0,Finished,71.0,5.0,81.82442187500001,1,28,11,16,5.4,4.333333333333333,8.0,0.8,8.666666666666666,5.0,0.0,-0.5,20,86,343.0
2024,20,Mexico City Grand Prix,VER,Red Bull Racing,6.0,2.0,8.0,Finished,71.0,2.0,81.74068749999999,1,33,14,16,3.6,3.3333333333333335,7.8,1.0,1.0,4.833333333333333,0.0,-8.0,20,86,467.0
2024,20,Mexico City Grand Prix,MAG,Haas F1 Team,7.0,7.0,6.0,Finished,71.0,7.0,82.0558125,1,19,8,16,14.4,13.333333333333334,11.6,0.6,18.0,17.0,0.0,-1.5,20,63,41.0
2024,20,Mexico City Grand Prix,PIA,McLaren,8.0,17.0,4.0,Finished,71.0,17.0,82.017421875,1,25,10,16,3.0,3.0,3.0,1.0,8.0,7.571428571428571,0.0,7.0,20,42,539.0
2024,20,Mexico City Grand Prix,HUL,Haas F1 Team,9.0,10.0,2.0,Lapped,70.0,10.0,82.39171428571427,0,13,8,16,11.2,9.333333333333334,10.8,0.6,13.0,15.571428571428571,0.0,1.5,20,44,41.0
2024,20,Mexico City Grand Prix,GAS,Alpine,10.0,8.0,1.0,Lapped,70.0,8.0,82.62204761904762,0,9,3,16,13.0,13.666666666666666,15.0,0.5,8.666666666666666,11.666666666666666,0.0,-5.5,20,86,14.0
2024,20,Mexico City Grand Prix,STR,Aston Martin,11.0,14.0,0.0,Lapped,70.0,14.0,82.71566666666668,0,31,4,16,16.0,16.0,13.8,0.3,15.333333333333334,14.166666666666666,0.0,0.5,20,86,86.0
2024,20,Mexico City Grand Prix,COL,Williams,12.0,16.0,0.0,Lapped,70.0,16.0,82.70849206349207,0,6,15,16,10.25,9.666666666666666,13.0,0.75,10.488898563343492,14.666666666666666,0.0,3.5,20,5,17.0
2024,20,Mexico City Grand Prix,OCO,Alpine,13.0,0.0,0.0,Lapped,70.0,19.0,82.8901111111111,0,23,3,16,15.0,15.333333333333334,14.0,0.3,10.333333333333334,11.428571428571429,19.0,5.5,20,86,14.0
2024,20,Mexico City Grand Prix,BOT,Kick Sauber,14.0,15.0,0.0,Lapped,70.0,15.0,82.94192063492065,0,5,9,16,16.8,16.333333333333332,16.6,0.1,13.333333333333334,10.488898563343492,0.0,-2.5,20,86,0.0
2024,20,Mexico City Grand Prix,ZHO,Kick Sauber,15.0,19.0,0.0,Lapped,70.0,20.0,83.22622222222223,0,35,9,16,17.2,16.0,16.2,0.1,13.5,14.0,1.0,2.5,20,64,0.0
2024,20,Mexico City Grand Prix,LAW,RB,16.0,12.0,0.0,Lapped,70.0,12.0,82.90456451612903,0,16,12,16,11.4,12.333333333333334,14.6,0.6666666666666666,10.488898563343492,10.488898563343492,0.0,0.5,20,7,30.0
2024,20,Mexico City Grand Prix,PER,Red Bull Racing,17.0,18.0,0.0,Lapped,70.0,18.0,82.83090163934426,0,24,14,16,9.6,11.333333333333334,5.6,0.7,8.666666666666666,5.0,0.0,8.0,20,86,467.0
2024,20,Mexico City Grand Prix,ALO,Aston Martin,18.0,13.0,0.0,Retired,15.0,13.0,84.12222222222222,0,1,4,16,9.6,9.0,12.2,0.5,15.333333333333334,13.714285714285714,0.0,-0.5,20,86,86.0
2024,20,Mexico City Grand Prix,ALB,Williams,19.0,9.0,0.0,Retired,0.0,9.0,82.50688095238095,0,0,15,16,13.2,14.333333333333334,13.8,0.4,10.5,14.285714285714286,0.0,-3.5,20,63,17.0
2024,20,Mexico City Grand Prix,TSU,RB,20.0,11.0,0.0,Retired,0.0,11.0,82.50688095238095,0,32,12,16,16.6,15.333333333333334,13.8,0.3,17.333333333333332,16.0,0.0,-0.5,20,86,30.0
2024,21,São Paulo Grand Prix,VER,Red Bull Racing,1.0,17.0,26.0,Finished,69.0,12.0,84.01443333333333,1,33,14,26,4.4,3.6666666666666665,8.6,1.0,3.0,4.0,-5.0,-0.5,21,87,493.0
2024,21,São Paulo Grand Prix,OCO,Alpine,2.0,4.0,18.0,Finished,69.0,4.0,84.51890163934425,1,23,3,26,14.6,14.666666666666666,14.0,0.2,8.666666666666666,7.833333333333333,0.0,-5.5,21,87,47.0
2024,21,São Paulo Grand Prix,GAS,Alpine,3.0,13.0,15.0,Finished,69.0,15.0,84.69135000000001,1,9,3,26,13.2,13.0,11.0,0.4,9.333333333333334,7.0,2.0,5.5,21,87,47.0
2024,21,São Paulo Grand Prix,RUS,Mercedes,4.0,2.0,12.0,Finished,69.0,2.0,84.38146666666668,1,28,11,26,5.0,5.0,8.2,0.8,9.666666666666666,5.0,0.0,-7.0,21,87,356.0
2024,21,São Paulo Grand Prix,LEC,Ferrari,5.0,6.0,10.0,Finished,69.0,6.0,85.2598,1,17,7,26,2.4,3.0,2.8,0.9,9.666666666666666,7.333333333333333,0.0,-4.0,21,87,509.0
2024,21,São Paulo Grand Prix,NOR,McLaren,6.0,1.0,8.0,Finished,69.0,1.0,84.58075000000001,1,22,10,26,2.8,2.3333333333333335,4.4,0.9,10.0,13.833333333333334,0.0,-3.5,21,87,551.0
2024,21,São Paulo Grand Prix,TSU,RB,7.0,3.0,6.0,Finished,69.0,3.0,85.18326666666668,1,32,12,26,17.2,15.333333333333334,15.4,0.3,13.666666666666666,10.488898563343492,0.0,-1.0,21,87,38.0
2024,21,São Paulo Grand Prix,PIA,McLaren,8.0,8.0,4.0,Finished,69.0,8.0,85.51508196721312,1,25,10,26,3.8,5.333333333333333,5.0,1.0,14.0,12.714285714285714,0.0,3.5,21,43,551.0
2024,21,São Paulo Grand Prix,LAW,RB,9.0,5.0,2.0,Finished,69.0,5.0,85.76323333333333,1,16,12,26,12.4,14.0,13.2,0.5714285714285714,10.488898563343492,7.0,0.0,1.0,21,8,38.0
2024,21,São Paulo Grand Prix,HAM,Mercedes,10.0,14.0,1.0,Finished,69.0,16.0,85.92083333333333,1,12,11,26,8.8,10.0,7.8,0.9,3.6666666666666665,4.857142857142857,2.0,7.0,21,87,356.0
2024,21,São Paulo Grand Prix,PER,Red Bull Racing,11.0,12.0,0.0,Finished,69.0,13.0,86.01935,1,24,14,26,11.8,11.333333333333334,6.8,0.6,5.0,3.5714285714285716,1.0,0.5,21,87,493.0
2024,21,São Paulo Grand Prix,BEA,Haas F1 Team,12.0,15.0,0.0,Finished,69.0,17.0,85.89111864406782,1,3,8,26,8.5,8.5,10.8,1.0,10.488898563343492,16.166666666666668,2.0,-1.0,21,3,41.0
2024,21,São Paulo Grand Prix,BOT,Kick Sauber,13.0,11.0,0.0,Finished,69.0,11.0,86.5,1,5,9,26,15.8,15.666666666666666,16.2,0.1,9.333333333333334,10.488898563343492,0.0,-4.5,21,87,0.0
2024,21,São Paulo Grand Prix,ALO,Aston Martin,14.0,9.0,0.0,Finished,69.0,9.0,85.73288135593218,1,1,4,26,11.2,13.0,14.2,0.5,5.666666666666667,10.0,0.0,-0.5,21,87,86.0
2024,21,São Paulo Grand Prix,ZHO,Kick Sauber,15.0,19.0,0.0,Finished,69.0,20.0,86.89066101694915,1,35,9,26,16.2,16.333333333333332,15.6,0.1,14.5,13.0,1.0,4.5,21,65,0.0
2024,21,São Paulo Grand Prix,SAI,Ferrari,16.0,20.0,0.0,Retired,38.0,14.0,87.52312500000001,0,29,7,26,6.4,3.3333333333333335,2.4,0.9,5.0,7.0,-6.0,4.0,21,86,509.0
2024,21,São Paulo Grand Prix,COL,Williams,17.0,16.0,0.0,Retired,30.0,18.0,87.10285185185187,0,6,15,26,10.6,11.0,15.4,0.6,10.488898563343492,15.0,2.0,5.5,21,6,17.0
2024,21,São Paulo Grand Prix,ALB,Williams,18.0,7.0,0.0,Did not start,0.0,7.0,85.74805734463276,0,0,15,26,14.2,18.333333333333332,14.8,0.4,17.0,15.285714285714286,0.0,-5.5,21,64,17.0
2024,21,São Paulo Grand Prix,STR,Aston Martin,19.0,10.0,0.0,Did not start,0.0,10.0,85.74805734463276,0,31,4,26,15.6,13.333333333333334,14.2,0.3,11.666666666666666,10.571428571428571,0.0,0.5,21,87,86.0
2024,21,São Paulo Grand Prix,HUL,Haas F1 Team,20.0,18.0,0.0,Disqualified,0.0,19.0,86.00515999999999,0,13,8,26,10.8,8.666666666666666,9.4,0.5,12.0,15.571428571428571,1.0,1.0,21,45,41.0
2024,22,Las Vegas Grand Prix,RUS,Mercedes,1.0,1.0,25.0,Finished,50.0,1.0,98.51938,1,28,11,15,4.4,5.0,8.6,0.8,8.0,7.5,0.0,-4.5,22,88,399.0
2024,22,Las Vegas Grand Prix,HAM,Mercedes,2.0,10.0,18.0,Finished,50.0,10.0,98.66564,1,12,11,15,9.8,11.333333333333334,4.8,0.9,7.0,5.333333333333333,0.0,4.5,22,88,399.0
2024,22,Las Vegas Grand Prix,SAI,Ferrari,3.0,2.0,15.0,Finished,50.0,2.0,98.75749999999998,1,29,7,15,8.8,6.333333333333333,5.4,0.8,6.0,4.0,0.0,-1.0,22,87,536.0
2024,22,Las Vegas Grand Prix,LEC,Ferrari,4.0,4.0,12.0,Finished,50.0,4.0,98.80504,1,17,7,15,3.2,3.0,5.6,0.9,2.0,3.6666666666666665,0.0,1.0,22,88,536.0
2024,22,Las Vegas Grand Prix,VER,Red Bull Racing,5.0,5.0,10.0,Finished,50.0,5.0,98.85102,1,33,14,15,3.4,3.3333333333333335,8.4,1.0,1.0,2.0,0.0,-5.5,22,88,504.0
2024,22,Las Vegas Grand Prix,NOR,McLaren,6.0,6.0,9.0,Finished,50.0,6.0,99.38707999999998,1,22,10,15,3.4,4.0,5.8,1.0,20.0,15.0,0.0,-1.0,22,88,566.0
2024,22,Las Vegas Grand Prix,PIA,McLaren,7.0,8.0,6.0,Finished,50.0,8.0,99.10848979591836,1,25,10,15,5.0,7.0,6.0,1.0,10.0,12.0,0.0,1.0,22,44,566.0
2024,22,Las Vegas Grand Prix,HUL,Haas F1 Team,8.0,9.0,4.0,Finished,50.0,9.0,99.71553999999998,1,13,8,15,11.4,12.333333333333334,11.8,0.4,19.0,16.0,0.0,-1.5,22,46,45.0
2024,22,Las Vegas Grand Prix,TSU,RB,9.0,7.0,2.0,Finished,50.0,7.0,99.77554,1,32,12,15,14.6,13.666666666666666,13.2,0.4,18.0,10.488898563343492,0.0,-4.0,22,88,40.0
2024,22,Las Vegas Grand Prix,PER,Red Bull Racing,10.0,15.0,1.0,Finished,50.0,16.0,99.78166,1,24,14,15,12.4,11.666666666666666,8.0,0.6,3.0,3.0,1.0,5.5,22,88,504.0
2024,22,Las Vegas Grand Prix,ALO,Aston Martin,11.0,16.0,0.0,Finished,50.0,17.0,99.90327999999998,1,1,4,15,11.8,15.0,15.4,0.6,9.0,7.0,1.0,-1.5,22,88,86.0
2024,22,Las Vegas Grand Prix,MAG,Haas F1 Team,12.0,12.0,0.0,Finished,50.0,12.0,99.91544,1,19,8,15,13.0,12.333333333333334,11.2,0.6,13.0,13.333333333333334,0.0,1.5,22,64,45.0
2024,22,Las Vegas Grand Prix,ZHO,Kick Sauber,13.0,13.0,0.0,Finished,50.0,13.0,100.00108000000002,1,35,9,15,15.6,16.333333333333332,15.2,0.2,15.0,10.488898563343492,0.0,-3.0,22,66,0.0
2024,22,Las Vegas Grand Prix,COL,Williams,14.0,20.0,0.0,Finished,50.0,14.0,100.02282,1,6,15,15,11.6,13.0,16.4,0.5,10.488898563343492,14.0,-6.0,-2.0,22,7,17.0
2024,22,Las Vegas Grand Prix,STR,Aston Martin,15.0,18.0,0.0,Finished,50.0,20.0,99.60908163265309,1,31,4,15,15.6,15.0,14.6,0.3,5.0,8.333333333333334,2.0,1.5,22,88,86.0
2024,22,Las Vegas Grand Prix,LAW,RB,16.0,14.0,0.0,Finished,50.0,15.0,100.33948,1,16,12,15,12.4,11.333333333333334,12.2,0.625,10.488898563343492,9.0,1.0,4.0,22,9,40.0
2024,22,Las Vegas Grand Prix,OCO,Alpine,17.0,11.0,0.0,Lapped,49.0,11.0,100.57202040816328,0,23,3,15,12.2,11.0,9.2,0.2,4.0,7.5,0.0,4.0,22,88,47.0
2024,22,Las Vegas Grand Prix,BOT,Kick Sauber,18.0,19.0,0.0,Lapped,49.0,19.0,100.76028571428571,0,5,9,15,15.2,14.666666666666666,14.0,0.2,17.0,13.0,0.0,3.0,22,88,0.0
2024,22,Las Vegas Grand Prix,ALB,Williams,19.0,17.0,0.0,Retired,25.0,18.0,101.28084,0,0,15,15,16.0,17.666666666666668,16.0,0.4,12.0,14.0,1.0,2.0,22,65,17.0
2024,22,Las Vegas Grand Prix,GAS,Alpine,20.0,3.0,0.0,Retired,15.0,3.0,102.46486666666668,0,9,3,15,10.8,8.333333333333334,9.0,0.4,11.0,10.666666666666666,0.0,-4.0,22,88,47.0
2024,23,Qatar Grand Prix,VER,Red Bull Racing,1.0,2.0,25.0,Finished,57.0,1.0,85.14989361702128,1,33,14,20,3.4,4.0,8.8,1.0,1.5,4.25,-1.0,-4.0,23,89,529.0
2024,23,Qatar Grand Prix,LEC,Ferrari,2.0,5.0,18.0,Finished,57.0,5.0,85.70636170212767,1,17,7,20,3.6,4.0,6.2,1.0,6.5,10.0,0.0,-1.0,23,89,562.0
2024,23,Qatar Grand Prix,PIA,McLaren,3.0,4.0,15.0,Finished,57.0,4.0,85.13024444444444,1,25,10,20,6.2,7.666666666666667,7.0,1.0,2.0,6.5,0.0,0.5,23,45,583.0
2024,23,Qatar Grand Prix,RUS,Mercedes,4.0,1.0,12.0,Finished,57.0,2.0,85.38556818181817,1,28,11,20,4.0,3.3333333333333335,4.4,0.9,10.5,11.0,1.0,-2.0,23,89,411.0
2024,23,Qatar Grand Prix,GAS,Alpine,5.0,11.0,10.0,Finished,57.0,11.0,85.9653111111111,1,9,3,20,12.4,11.0,11.0,0.4,11.5,6.75,0.0,-4.5,23,89,57.0
2024,23,Qatar Grand Prix,SAI,Ferrari,6.0,7.0,8.0,Finished,57.0,7.0,85.385,1,29,7,20,5.8,6.666666666666667,6.0,0.8,13.5,8.4,0.0,1.0,23,88,562.0
2024,23,Qatar Grand Prix,ALO,Aston Martin,7.0,8.0,6.0,Finished,57.0,8.0,86.19606666666667,1,1,4,20,12.8,14.333333333333334,15.4,0.6,4.5,8.25,0.0,-3.5,23,89,92.0
2024,23,Qatar Grand Prix,ZHO,Kick Sauber,8.0,12.0,4.0,Finished,57.0,12.0,86.2880888888889,1,35,9,20,15.4,14.333333333333334,14.8,0.3,9.0,10.488898563343492,0.0,-0.5,23,67,4.0
2024,23,Qatar Grand Prix,MAG,Haas F1 Team,9.0,10.0,2.0,Finished,57.0,10.0,86.40361363636363,1,19,8,20,11.8,10.0,12.2,0.7,14.0,16.0,0.0,-4.0,23,65,47.0
2024,23,Qatar Grand Prix,NOR,McLaren,10.0,3.0,2.0,Finished,57.0,3.0,85.3979347826087,1,22,10,20,3.8,4.666666666666667,6.0,1.0,6.0,5.8,0.0,-0.5,23,89,583.0
2024,23,Qatar Grand Prix,BOT,Kick Sauber,11.0,13.0,0.0,Finished,57.0,13.0,87.6486739130435,1,5,9,20,15.6,15.0,13.4,0.2,14.0,8.0,0.0,0.5,23,89,4.0
2024,23,Qatar Grand Prix,HAM,Mercedes,12.0,6.0,0.0,Finished,57.0,6.0,86.64858695652173,1,12,11,20,8.4,5.333333333333333,4.2,0.9,10.0,9.6,0.0,2.0,23,89,411.0
2024,23,Qatar Grand Prix,TSU,RB,13.0,14.0,0.0,Finished,57.0,14.0,87.40682222222222,1,32,12,20,12.4,12.0,12.2,0.4,14.0,10.488898563343492,0.0,-1.5,23,89,40.0
2024,23,Qatar Grand Prix,LAW,RB,14.0,17.0,0.0,Finished,57.0,17.0,87.4756,1,16,12,20,13.4,13.666666666666666,10.8,0.6666666666666666,17.0,13.0,0.0,1.5,23,10,40.0
2024,23,Qatar Grand Prix,ALB,Williams,15.0,16.0,0.0,Lapped,56.0,16.0,87.50167441860464,0,0,15,20,18.4,18.666666666666668,17.4,0.3,13.0,16.75,0.0,-1.5,23,66,17.0
2024,23,Qatar Grand Prix,HUL,Haas F1 Team,16.0,18.0,0.0,Retired,39.0,18.0,87.93448275862067,0,13,8,20,10.8,12.333333333333334,12.2,0.4,16.0,14.6,0.0,4.0,23,47,47.0
2024,23,Qatar Grand Prix,PER,Red Bull Racing,17.0,9.0,0.0,Retired,38.0,9.0,86.29313333333334,0,24,14,20,11.0,12.666666666666666,5.6,0.7,7.0,3.6,0.0,4.0,23,89,529.0
2024,23,Qatar Grand Prix,STR,Aston Martin,18.0,15.0,0.0,Retired,8.0,15.0,121.44525,0,31,4,20,14.8,15.0,13.2,0.3,8.5,8.0,0.0,3.5,23,89,92.0
2024,23,Qatar Grand Prix,COL,Williams,19.0,19.0,0.0,Retired,0.0,19.0,86.29061111111112,0,6,15,20,12.8,14.333333333333334,16.6,0.5714285714285714,10.488898563343492,16.4,0.0,1.5,23,8,17.0
2024,23,Qatar Grand Prix,OCO,Alpine,20.0,20.0,0.0,Retired,0.0,20.0,86.29061111111112,0,23,3,20,12.6,10.666666666666666,9.4,0.2,6.0,6.4,0.0,4.5,23,89,57.0
2024,24,Abu Dhabi Grand Prix,NOR,McLaren,1.0,1.0,25.0,Finished,58.0,1.0,88.88266071428572,1,22,10,0,5.6,7.333333333333333,6.8,1.0,6.0,7.5,0.0,-0.5,24,90,609.0
2024,24,Abu Dhabi Grand Prix,SAI,Ferrari,2.0,3.0,18.0,Finished,58.0,3.0,88.96064285714284,1,29,7,0,5.6,8.333333333333334,6.2,0.8,8.333333333333334,6.5,0.0,-5.5,24,89,595.0
2024,24,Abu Dhabi Grand Prix,LEC,Ferrari,3.0,19.0,15.0,Finished,58.0,14.0,89.349,1,17,7,0,3.0,3.6666666666666665,3.4,1.0,4.666666666666667,5.857142857142857,-5.0,5.5,24,90,595.0
2024,24,Abu Dhabi Grand Prix,HAM,Mercedes,4.0,16.0,12.0,Finished,58.0,18.0,89.362875,1,12,11,0,9.6,8.0,5.8,0.9,9.666666666666666,7.166666666666667,2.0,5.5,24,90,433.0
2024,24,Abu Dhabi Grand Prix,RUS,Mercedes,5.0,6.0,10.0,Finished,58.0,7.0,89.50246428571428,1,28,11,0,4.0,3.0,4.6,0.9,8.666666666666666,6.714285714285714,1.0,-5.5,24,90,433.0
2024,24,Abu Dhabi Grand Prix,VER,Red Bull Racing,6.0,4.0,8.0,Finished,58.0,5.0,89.44116071428572,1,33,14,0,3.2,2.3333333333333335,8.8,1.0,1.0,4.166666666666667,1.0,-2.5,24,90,537.0
2024,24,Abu Dhabi Grand Prix,GAS,Alpine,7.0,5.0,6.0,Finished,58.0,6.0,90.112625,1,9,3,0,10.0,9.333333333333334,13.0,0.5,10.666666666666666,11.5,1.0,-7.0,24,90,63.0
2024,24,Abu Dhabi Grand Prix,HUL,Haas F1 Team,8.0,7.0,4.0,Finished,58.0,4.0,90.16623214285713,1,13,8,0,12.2,14.666666666666666,13.0,0.4,15.0,16.4,-3.0,-5.5,24,48,51.0
2024,24,Abu Dhabi Grand Prix,ALO,Aston Martin,9.0,8.0,2.0,Finished,58.0,8.0,89.8924909090909,1,1,4,0,12.6,10.666666666666666,14.0,0.6,11.666666666666666,9.833333333333334,0.0,-2.5,24,90,94.0
2024,24,Abu Dhabi Grand Prix,PIA,McLaren,10.0,2.0,1.0,Finished,58.0,2.0,89.52474545454544,1,25,10,0,6.2,6.0,5.4,1.0,6.0,6.571428571428571,0.0,0.5,24,46,609.0
2024,24,Abu Dhabi Grand Prix,ALB,Williams,11.0,18.0,0.0,Lapped,57.0,16.0,90.44323636363636,0,0,15,0,17.4,17.333333333333332,17.0,0.3,13.5,16.0,-2.0,-1.5,24,67,17.0
2024,24,Abu Dhabi Grand Prix,TSU,RB,12.0,11.0,0.0,Lapped,57.0,11.0,90.4748,0,32,12,0,12.6,9.666666666666666,12.2,0.4,7.666666666666667,10.488898563343492,0.0,-0.5,24,90,40.0
2024,24,Abu Dhabi Grand Prix,ZHO,Kick Sauber,13.0,15.0,0.0,Lapped,57.0,17.0,90.03598148148147,0,35,9,0,14.0,12.0,13.0,0.4,14.5,10.488898563343492,2.0,4.0,24,68,4.0
2024,24,Abu Dhabi Grand Prix,STR,Aston Martin,14.0,13.0,0.0,Lapped,57.0,13.0,90.21622222222224,0,31,4,0,15.6,17.333333333333332,12.0,0.2,10.333333333333334,9.714285714285714,0.0,2.5,24,90,94.0
2024,24,Abu Dhabi Grand Prix,DOO,Alpine,15.0,17.0,0.0,Lapped,57.0,20.0,90.69159999999998,0,8,3,0,10.488898563343492,10.488898563343492,13.8,0.85,10.488898563343492,10.857142857142858,3.0,7.0,24,1,63.0
2024,24,Abu Dhabi Grand Prix,MAG,Haas F1 Team,16.0,14.0,0.0,Lapped,57.0,15.0,90.37453846153844,0,19,8,0,11.6,9.333333333333334,10.6,0.7,18.5,15.0,1.0,5.5,24,66,51.0
2024,24,Abu Dhabi Grand Prix,LAW,RB,17.0,12.0,0.0,Retired,55.0,12.0,90.43900000000002,0,16,12,0,12.8,13.0,12.8,0.7,10.488898563343492,12.0,0.0,0.5,24,11,40.0
2024,24,Abu Dhabi Grand Prix,BOT,Kick Sauber,18.0,9.0,0.0,Retired,30.0,9.0,90.9648148148148,0,5,9,0,14.6,14.0,12.6,0.3,13.333333333333334,13.0,0.0,-4.0,24,90,4.0
2024,24,Abu Dhabi Grand Prix,COL,Williams,19.0,20.0,0.0,Retired,26.0,19.0,91.41504347826086,0,6,15,0,14.4,16.666666666666668,15.6,0.5,10.488898563343492,15.285714285714286,-1.0,1.5,24,9,17.0
2024,24,Abu Dhabi Grand Prix,PER,Red Bull Racing,20.0,10.0,0.0,Retired,0.0,10.0,90.112625,0,24,14,0,12.4,12.666666666666666,7.8,0.6,7.333333333333333,4.428571428571429,0.0,2.5,24,90,537.0
2025,1,Australian Grand Prix,NOR,McLaren,1.0,1.0,25.0,Finished,57.0,1.0,90.3933783783784,1,22,10,1,5.0,5.666666666666667,6.2,1.0,4.666666666666667,5.333333333333333,0.0,-0.5,1,91,27.0
2025,1,Australian Grand Prix,VER,Red Bull Racing,2.0,3.0,18.0,Finished,57.0,3.0,90.31477777777778,1,33,14,1,3.8,4.0,10.8,1.0,12.666666666666666,8.333333333333334,0.0,-7.5,1,91,18.0
2025,1,Australian Grand Prix,RUS,Mercedes,3.0,4.0,15.0,Finished,57.0,4.0,91.96128947368422,1,28,11,1,3.8,3.3333333333333335,5.4,1.0,12.666666666666666,10.333333333333334,0.0,-6.0,1,91,27.0
2025,1,Australian Grand Prix,ANT,Mercedes,4.0,16.0,12.0,Finished,57.0,16.0,93.3794358974359,1,2,11,1,10.488898563343492,10.488898563343492,5.6,0.85,10.488898563343492,9.285714285714286,0.0,6.0,1,1,27.0
2025,1,Australian Grand Prix,ALB,Williams,5.0,6.0,10.0,Finished,57.0,6.0,93.34907692307692,1,0,15,1,16.4,15.0,16.6,0.2,13.333333333333334,14.4,0.0,-2.0,1,68,10.0
2025,1,Australian Grand Prix,STR,Aston Martin,6.0,13.0,8.0,Finished,57.0,13.0,93.3243947368421,1,31,4,1,15.4,15.666666666666666,12.6,0.1,7.333333333333333,8.666666666666666,0.0,0.5,1,91,8.0
2025,1,Australian Grand Prix,HUL,Kick Sauber,7.0,17.0,6.0,Finished,57.0,17.0,93.49468421052632,1,13,9,1,12.2,10.666666666666666,13.6,0.4,8.0,14.5,0.0,1.0,1,49,6.0
2025,1,Australian Grand Prix,LEC,Ferrari,8.0,7.0,4.0,Finished,57.0,7.0,92.04552631578947,1,17,7,1,3.4,3.0,3.4,1.0,7.666666666666667,9.333333333333334,0.0,-0.5,1,91,5.0
2025,1,Australian Grand Prix,PIA,McLaren,9.0,2.0,2.0,Finished,57.0,2.0,91.04135135135137,1,25,10,1,7.2,6.666666666666667,5.0,1.0,6.0,4.714285714285714,0.0,0.5,1,47,27.0
2025,1,Australian Grand Prix,HAM,Ferrari,10.0,8.0,1.0,Finished,57.0,8.0,93.1285128205128,1,12,7,1,6.4,6.0,4.2,0.9,8.0,9.142857142857142,0.0,0.5,1,91,5.0
2025,1,Australian Grand Prix,GAS,Alpine,11.0,9.0,0.0,Finished,57.0,9.0,93.2463947368421,1,9,3,1,9.0,10.666666666666666,13.4,0.5,11.666666666666666,13.333333333333334,0.0,-2.5,1,91,0.0
2025,1,Australian Grand Prix,TSU,Racing Bulls,12.0,5.0,0.0,Finished,57.0,5.0,93.29461538461538,1,32,13,1,12.2,11.333333333333334,10.488898563343492,0.3,10.666666666666666,10.488898563343492,0.0,-3.0,1,91,0.0
2025,1,Australian Grand Prix,OCO,Haas F1 Team,13.0,19.0,0.0,Finished,57.0,19.0,94.31471794871796,1,23,8,1,14.0,13.0,12.2,0.2,12.333333333333334,11.666666666666666,0.0,-0.5,1,90,0.0
2025,1,Australian Grand Prix,BEA,Haas F1 Team,14.0,20.0,0.0,Finished,57.0,20.0,93.934,1,3,8,1,9.666666666666666,9.666666666666666,12.4,1.0,10.488898563343492,11.857142857142858,0.0,0.5,1,4,0.0
2025,1,Australian Grand Prix,LAW,Red Bull Racing,15.0,18.0,0.0,Retired,46.0,18.0,93.25009090909091,0,16,14,1,14.4,15.666666666666666,9.2,0.6,10.488898563343492,7.428571428571429,0.0,7.5,1,12,18.0
2025,1,Australian Grand Prix,BOR,Kick Sauber,16.0,15.0,0.0,Retired,45.0,15.0,93.773,0,4,9,1,10.488898563343492,10.488898563343492,11.4,0.85,10.488898563343492,12.0,0.0,-1.0,1,1,6.0
2025,1,Australian Grand Prix,ALO,Aston Martin,17.0,12.0,0.0,Retired,32.0,12.0,92.50232,0,1,4,1,11.8,9.0,10.8,0.6,9.333333333333334,8.285714285714286,0.0,-0.5,1,91,8.0
2025,1,Australian Grand Prix,SAI,Williams,18.0,10.0,0.0,Retired,0.0,10.0,93.25009090909091,0,29,15,1,5.6,3.6666666666666665,13.8,0.8,11.0,12.833333333333334,0.0,2.0,1,90,10.0
2025,1,Australian Grand Prix,DOO,Alpine,19.0,14.0,0.0,Retired,0.0,14.0,93.25009090909091,0,8,3,1,15.0,15.0,11.6,0.0,10.488898563343492,13.0,0.0,2.5,1,2,0.0
2025,1,Australian Grand Prix,HAD,Racing Bulls,20.0,11.0,0.0,Retired,0.0,11.0,93.25009090909091,0,11,13,1,10.488898563343492,10.488898563343492,12.0,0.85,10.488898563343492,12.0,0.0,3.0,1,1,0.0
2025,2,Chinese Grand Prix,PIA,McLaren,1.0,1.0,25.0,Finished,56.0,1.0,97.0453818181818,1,25,10,8,7.4,7.333333333333333,6.2,1.0,8.0,5.0,0.0,-1.0,2,48,70.0
2025,2,Chinese Grand Prix,NOR,McLaren,2.0,3.0,18.0,Finished,56.0,3.0,97.58525,1,22,10,8,4.8,4.0,4.4,1.0,2.0,3.6666666666666665,0.0,1.0,2,92,70.0
2025,2,Chinese Grand Prix,RUS,Mercedes,3.0,2.0,15.0,Finished,56.0,2.0,97.60933928571428,1,28,11,8,3.4,4.0,5.6,1.0,6.0,7.5,0.0,-3.0,2,92,50.0
2025,2,Chinese Grand Prix,VER,Red Bull Racing,4.0,4.0,12.0,Finished,56.0,4.0,97.70860714285712,1,33,14,8,3.0,3.0,12.0,1.0,1.0,2.0,0.0,-8.0,2,92,30.0
2025,2,Chinese Grand Prix,OCO,Haas F1 Team,5.0,11.0,10.0,Finished,56.0,11.0,98.30348214285712,1,23,8,8,13.0,16.666666666666668,13.4,0.2,11.0,13.0,0.0,-3.0,2,91,14.0
2025,2,Chinese Grand Prix,ANT,Mercedes,6.0,8.0,8.0,Finished,56.0,8.0,98.3709642857143,1,2,11,8,4.0,4.0,3.8,1.0,10.488898563343492,6.0,0.0,3.0,2,2,50.0
2025,2,Chinese Grand Prix,ALB,Williams,7.0,10.0,6.0,Finished,56.0,10.0,98.05814545454544,1,0,15,8,13.6,10.333333333333334,14.4,0.3,12.0,14.5,0.0,-2.5,2,69,17.0
2025,2,Chinese Grand Prix,BEA,Haas F1 Team,8.0,17.0,4.0,Finished,56.0,17.0,98.505875,1,3,8,8,10.75,12.0,11.2,1.0,10.488898563343492,10.333333333333334,0.0,3.0,2,5,14.0
2025,2,Chinese Grand Prix,STR,Aston Martin,9.0,14.0,2.0,Finished,56.0,14.0,98.6648214285714,1,31,4,8,14.4,12.666666666666666,12.8,0.2,15.0,11.0,0.0,0.5,2,92,10.0
2025,2,Chinese Grand Prix,SAI,Williams,10.0,15.0,1.0,Finished,56.0,15.0,98.77523214285712,1,29,15,8,9.0,8.666666666666666,12.0,0.7,5.0,12.0,0.0,2.5,2,91,17.0
2025,2,Chinese Grand Prix,HAD,Racing Bulls,11.0,7.0,0.0,Finished,56.0,7.0,98.81966071428572,1,11,13,8,20.0,20.0,16.0,0.0,10.488898563343492,10.488898563343492,0.0,-1.0,2,2,0.0
2025,2,Chinese Grand Prix,LAW,Red Bull Racing,12.0,20.0,0.0,Finished,56.0,20.0,98.86023214285714,1,16,14,8,14.2,15.333333333333334,9.4,0.5,10.488898563343492,2.6666666666666665,0.0,8.0,2,13,30.0
2025,2,Chinese Grand Prix,DOO,Alpine,13.0,18.0,0.0,Finished,56.0,18.0,98.81119642857142,1,8,3,8,17.0,17.0,14.4,0.0,10.488898563343492,12.0,0.0,1.0,2,3,0.0
2025,2,Chinese Grand Prix,BOR,Kick Sauber,14.0,19.0,0.0,Lapped,55.0,19.0,98.92824074074076,0,4,9,8,16.0,16.0,13.0,0.0,10.488898563343492,17.0,0.0,3.5,2,2,6.0
2025,2,Chinese Grand Prix,HUL,Kick Sauber,15.0,12.0,0.0,Lapped,55.0,12.0,99.55003636363637,0,13,9,8,11.8,10.333333333333334,13.6,0.5,10.0,16.0,0.0,-3.5,2,50,6.0
2025,2,Chinese Grand Prix,TSU,Racing Bulls,16.0,9.0,0.0,Lapped,55.0,9.0,98.93833333333332,0,32,13,8,10.6,12.333333333333334,14.333333333333334,0.4,19.0,11.0,0.0,1.0,2,92,0.0
2025,2,Chinese Grand Prix,ALO,Aston Martin,17.0,13.0,0.0,Retired,4.0,13.0,101.536,0,1,4,8,11.6,11.0,11.0,0.6,7.0,10.333333333333334,0.0,-0.5,2,92,10.0
2025,2,Chinese Grand Prix,LEC,Ferrari,18.0,6.0,0.0,Disqualified,0.0,6.0,97.82566071428572,0,17,7,8,4.4,4.333333333333333,5.8,1.0,4.0,4.5,0.0,0.5,2,92,5.0
2025,2,Chinese Grand Prix,HAM,Ferrari,19.0,5.0,0.0,Disqualified,0.0,5.0,97.86441071428573,0,12,7,8,7.6,8.666666666666666,8.2,0.9,9.0,9.0,0.0,-0.5,2,92,5.0
2025,2,Chinese Grand Prix,GAS,Alpine,20.0,16.0,0.0,Disqualified,0.0,16.0,98.61108928571429,0,9,3,8,9.2,7.666666666666667,13.0,0.6,13.0,12.333333333333334,0.0,-1.0,2,92,0.0
2025,3,Japanese Grand Prix,VER,Red Bull Racing,1.0,1.0,25.0,Finished,53.0,1.0,92.55586538461536,1,33,14,14,3.6,4.0,10.6,1.0,1.0,4.333333333333333,0.0,-7.0,3,93,55.0
2025,3,Japanese Grand Prix,NOR,McLaren,2.0,2.0,18.0,Finished,53.0,2.0,92.56940384615385,1,22,10,14,4.0,1.3333333333333333,4.6,1.0,5.666666666666667,6.5,0.0,-0.5,3,93,103.0
2025,3,Japanese Grand Prix,PIA,McLaren,3.0,3.0,15.0,Finished,53.0,3.0,92.61686538461537,1,25,10,14,6.0,6.666666666666667,3.0,1.0,5.5,5.857142857142857,0.0,0.5,3,49,103.0
2025,3,Japanese Grand Prix,LEC,Ferrari,4.0,4.0,12.0,Finished,53.0,4.0,92.87440384615384,1,17,7,14,7.0,9.666666666666666,11.6,0.9,3.6666666666666665,6.5,0.0,-2.0,3,93,23.0
2025,3,Japanese Grand Prix,RUS,Mercedes,5.0,5.0,10.0,Finished,53.0,5.0,92.91217307692304,1,28,11,14,3.2,3.6666666666666665,4.2,1.0,7.333333333333333,6.833333333333333,0.0,-0.5,3,93,68.0
2025,3,Japanese Grand Prix,ANT,Mercedes,6.0,6.0,8.0,Finished,53.0,6.0,92.88705769230768,1,2,11,14,5.0,5.0,4.2,1.0,10.488898563343492,6.571428571428571,0.0,0.5,3,3,68.0
2025,3,Japanese Grand Prix,HAM,Ferrari,7.0,8.0,6.0,Finished,53.0,8.0,93.15005769230768,1,12,7,14,9.4,11.0,11.8,0.8,6.333333333333333,6.142857142857143,0.0,2.0,3,93,23.0
2025,3,Japanese Grand Prix,HAD,Racing Bulls,8.0,7.0,4.0,Finished,53.0,7.0,93.24098076923076,1,11,13,14,15.5,15.5,14.75,0.5,10.488898563343492,10.488898563343492,0.0,-3.5,3,3,4.0
2025,3,Japanese Grand Prix,ALB,Williams,9.0,9.0,2.0,Finished,53.0,9.0,93.2998846153846,1,0,15,14,11.4,7.666666666666667,11.8,0.3,18.666666666666668,16.5,0.0,-1.5,3,70,19.0
2025,3,Japanese Grand Prix,BEA,Haas F1 Team,10.0,10.0,1.0,Finished,53.0,10.0,93.59442307692308,1,3,8,14,10.2,11.333333333333334,11.2,1.0,10.488898563343492,14.0,0.0,-4.0,3,6,15.0
2025,3,Japanese Grand Prix,ALO,Aston Martin,11.0,12.0,0.0,Finished,53.0,13.0,93.6111730769231,1,1,4,14,12.2,14.333333333333334,12.6,0.5,7.0,10.333333333333334,1.0,-3.5,3,93,10.0
2025,3,Japanese Grand Prix,TSU,Red Bull Racing,12.0,14.0,0.0,Finished,53.0,15.0,93.66932692307692,1,32,14,14,12.4,13.333333333333334,6.8,0.4,11.666666666666666,3.857142857142857,1.0,7.0,3,93,55.0
2025,3,Japanese Grand Prix,GAS,Alpine,13.0,11.0,0.0,Finished,53.0,11.0,93.63459615384616,1,9,3,14,12.6,12.666666666666666,15.6,0.6,14.666666666666666,10.166666666666666,0.0,-4.0,3,93,0.0
2025,3,Japanese Grand Prix,SAI,Williams,14.0,15.0,0.0,Finished,53.0,12.0,94.36060377358493,1,29,15,14,7.8,10.0,9.8,0.7,9.333333333333334,15.428571428571429,-3.0,1.5,3,92,19.0
2025,3,Japanese Grand Prix,DOO,Alpine,15.0,19.0,0.0,Finished,53.0,19.0,94.1101346153846,1,8,3,14,15.666666666666666,15.666666666666666,15.2,0.3333333333333333,10.488898563343492,10.571428571428571,0.0,4.0,3,4,0.0
2025,3,Japanese Grand Prix,HUL,Kick Sauber,16.0,16.0,0.0,Finished,53.0,16.0,94.12446153846152,1,13,9,14,10.8,10.0,14.0,0.5,12.5,16.0,0.0,-0.5,3,51,6.0
2025,3,Japanese Grand Prix,LAW,Racing Bulls,17.0,13.0,0.0,Finished,53.0,14.0,94.1438653846154,1,16,13,14,14.8,14.666666666666666,13.4,0.5,11.0,8.0,1.0,3.5,3,14,4.0
2025,3,Japanese Grand Prix,OCO,Haas F1 Team,18.0,18.0,0.0,Finished,53.0,18.0,94.14590384615384,1,23,8,14,11.4,12.666666666666666,10.0,0.3,9.333333333333334,13.428571428571429,0.0,4.0,3,92,15.0
2025,3,Japanese Grand Prix,BOR,Kick Sauber,19.0,17.0,0.0,Finished,53.0,17.0,94.15761538461538,1,4,9,14,15.0,15.0,13.6,0.0,10.488898563343492,16.0,0.0,0.5,3,3,6.0
2025,3,Japanese Grand Prix,STR,Aston Martin,20.0,20.0,0.0,Lapped,52.0,20.0,94.2267,0,31,4,14,12.4,9.666666666666666,12.0,0.3,14.0,10.428571428571429,0.0,3.5,3,93,10.0
2025,4,Bahrain Grand Prix,PIA,McLaren,1.0,1.0,25.0,Finished,57.0,1.0,97.50401886792454,1,25,10,4,5.2,4.333333333333333,3.4,1.0,14.0,11.375,0.0,-2.5,4,50,143.0
2025,4,Bahrain Grand Prix,RUS,Mercedes,2.0,3.0,18.0,Finished,57.0,2.0,98.35335185185184,1,28,11,4,4.0,3.6666666666666665,4.8,1.0,7.5,4.375,-1.0,-1.0,4,94,86.0
2025,4,Bahrain Grand Prix,NOR,McLaren,3.0,6.0,15.0,Finished,57.0,6.0,97.96369811320754,1,22,10,4,3.2,1.6666666666666667,1.8,1.0,10.5,10.222222222222221,0.0,2.5,4,94,143.0
2025,4,Bahrain Grand Prix,LEC,Ferrari,4.0,2.0,12.0,Finished,57.0,3.0,98.07430188679244,1,17,7,4,7.0,10.0,11.6,0.9,7.5,5.875,1.0,-3.0,4,94,45.0
2025,4,Bahrain Grand Prix,HAM,Ferrari,5.0,9.0,10.0,Finished,57.0,9.0,98.5175849056604,1,12,7,4,10.4,12.0,10.4,0.8,4.0,5.666666666666667,0.0,3.0,4,94,45.0
2025,4,Bahrain Grand Prix,VER,Red Bull Racing,6.0,7.0,8.0,Finished,57.0,7.0,98.38549019607842,1,33,14,4,2.8,2.3333333333333335,8.8,1.0,5.75,6.25,0.0,-1.5,4,94,65.0
2025,4,Bahrain Grand Prix,GAS,Alpine,7.0,4.0,6.0,Finished,57.0,5.0,98.73886538461537,1,9,3,4,11.2,14.666666666666666,16.0,0.6,16.0,13.75,1.0,-3.0,4,94,6.0
2025,4,Bahrain Grand Prix,OCO,Haas F1 Team,8.0,14.0,4.0,Finished,57.0,14.0,98.97415384615384,1,23,8,4,14.6,12.0,11.0,0.4,13.75,13.5,0.0,-3.0,4,93,20.0
2025,4,Bahrain Grand Prix,TSU,Red Bull Racing,9.0,10.0,2.0,Finished,57.0,10.0,99.11039622641508,1,32,14,4,13.0,13.333333333333334,7.0,0.5,10.5,6.222222222222222,0.0,1.5,4,94,65.0
2025,4,Bahrain Grand Prix,BEA,Haas F1 Team,10.0,20.0,1.0,Finished,57.0,20.0,99.54514814814812,1,3,8,4,10.8,10.666666666666666,9.8,1.0,10.488898563343492,12.88888888888889,0.0,3.0,4,7,20.0
2025,4,Bahrain Grand Prix,ANT,Mercedes,11.0,5.0,0.0,Finished,57.0,4.0,98.8351923076923,1,2,11,4,5.333333333333333,5.333333333333333,4.4,1.0,10.488898563343492,4.111111111111111,-1.0,1.0,4,4,86.0
2025,4,Bahrain Grand Prix,ALB,Williams,12.0,15.0,0.0,Finished,57.0,15.0,99.17609433962264,1,0,15,4,9.4,7.0,11.6,0.3,12.666666666666666,14.75,0.0,3.5,4,71,19.0
2025,4,Bahrain Grand Prix,HAD,Racing Bulls,13.0,12.0,0.0,Finished,57.0,12.0,99.73935849056603,1,11,13,4,13.0,13.0,14.4,0.6666666666666666,10.488898563343492,10.488898563343492,0.0,-2.5,4,4,4.0
2025,4,Bahrain Grand Prix,DOO,Alpine,14.0,11.0,0.0,Finished,57.0,11.0,99.90190740740742,1,8,3,4,15.5,15.666666666666666,13.6,0.5,10.488898563343492,13.0,0.0,3.0,4,5,6.0
2025,4,Bahrain Grand Prix,ALO,Aston Martin,15.0,13.0,0.0,Finished,57.0,13.0,99.83974074074074,1,1,4,4,12.2,15.0,14.8,0.5,10.0,10.25,0.0,-3.0,4,94,10.0
2025,4,Bahrain Grand Prix,LAW,Racing Bulls,16.0,17.0,0.0,Finished,57.0,17.0,99.362,1,16,13,4,15.0,14.666666666666666,13.0,0.6,10.488898563343492,13.0,0.0,2.5,4,15,4.0
2025,4,Bahrain Grand Prix,STR,Aston Martin,17.0,19.0,0.0,Finished,57.0,19.0,100.3920181818182,1,31,4,4,13.4,11.666666666666666,14.4,0.3,9.5,10.777777777777779,0.0,3.0,4,94,10.0
2025,4,Bahrain Grand Prix,BOR,Kick Sauber,18.0,18.0,0.0,Finished,57.0,18.0,100.39547272727272,1,4,9,4,16.333333333333332,16.333333333333332,16.0,0.3333333333333333,10.488898563343492,15.0,0.0,1.0,4,4,6.0
2025,4,Bahrain Grand Prix,SAI,Williams,19.0,8.0,0.0,Retired,45.0,8.0,100.31624390243904,0,29,15,4,10.0,14.0,10.4,0.8,4.25,14.444444444444445,0.0,-3.5,4,93,19.0
2025,4,Bahrain Grand Prix,HUL,Kick Sauber,20.0,16.0,0.0,Disqualified,0.0,16.0,100.10768518518518,0,13,9,4,12.4,12.666666666666666,16.4,0.5,16.0,16.0,0.0,-1.0,4,52,6.0
2025,5,Saudi Arabian Grand Prix,PIA,McLaren,1.0,2.0,25.0,Finished,50.0,2.0,93.6702340425532,1,25,10,22,4.8,1.6666666666666667,2.2,1.0,9.5,10.375,0.0,-4.0,5,51,180.0
2025,5,Saudi Arabian Grand Prix,VER,Red Bull Racing,2.0,1.0,18.0,Finished,50.0,1.0,93.263,1,33,14,22,3.8,3.6666666666666665,8.0,1.0,1.5,3.75,0.0,-3.5,5,95,83.0
2025,5,Saudi Arabian Grand Prix,LEC,Ferrari,3.0,4.0,15.0,Finished,50.0,4.0,93.83821276595746,1,17,7,22,7.4,8.666666666666666,7.8,0.9,4.75,5.375,0.0,-1.5,5,95,66.0
2025,5,Saudi Arabian Grand Prix,NOR,McLaren,4.0,10.0,12.0,Finished,50.0,10.0,93.83529787234043,1,22,10,22,1.8,2.3333333333333335,2.0,1.0,10.5,9.333333333333334,0.0,4.0,5,95,180.0
2025,5,Saudi Arabian Grand Prix,RUS,Mercedes,5.0,3.0,10.0,Finished,50.0,3.0,94.24734042553192,1,28,11,22,3.6,3.3333333333333335,6.0,1.0,8.5,5.375,0.0,-1.0,5,95,104.0
2025,5,Saudi Arabian Grand Prix,ANT,Mercedes,6.0,5.0,8.0,Finished,50.0,5.0,94.3989574468085,1,2,11,22,6.75,7.666666666666667,5.8,1.0,10.488898563343492,5.333333333333333,0.0,1.0,5,5,104.0
2025,5,Saudi Arabian Grand Prix,HAM,Ferrari,7.0,7.0,6.0,Finished,50.0,7.0,94.48074468085107,1,12,7,22,9.0,10.333333333333334,4.6,0.8,6.25,5.111111111111111,0.0,1.5,5,95,66.0
2025,5,Saudi Arabian Grand Prix,SAI,Williams,8.0,6.0,4.0,Finished,50.0,6.0,94.56897826086956,1,29,15,22,12.6,14.333333333333334,12.8,0.7,5.666666666666667,15.375,0.0,-2.5,5,94,25.0
2025,5,Saudi Arabian Grand Prix,ALB,Williams,9.0,11.0,2.0,Finished,50.0,11.0,94.64315217391304,1,0,15,22,8.8,9.333333333333334,12.4,0.4,14.666666666666666,14.555555555555555,0.0,2.5,5,72,25.0
2025,5,Saudi Arabian Grand Prix,HAD,Racing Bulls,10.0,14.0,1.0,Finished,50.0,14.0,95.04317021276594,1,11,13,22,13.0,10.666666666666666,14.0,0.75,10.488898563343492,10.488898563343492,0.0,1.0,5,5,5.0
2025,5,Saudi Arabian Grand Prix,ALO,Aston Martin,11.0,13.0,0.0,Finished,50.0,13.0,95.24174468085108,1,1,4,22,13.8,14.333333333333334,16.0,0.6,9.25,12.375,0.0,-1.5,5,95,10.0
2025,5,Saudi Arabian Grand Prix,LAW,Racing Bulls,12.0,12.0,0.0,Finished,50.0,12.0,95.06459574468086,1,16,13,22,15.4,15.0,12.8,0.7,10.488898563343492,10.0,0.0,-1.0,5,16,5.0
2025,5,Saudi Arabian Grand Prix,BEA,Haas F1 Team,13.0,15.0,0.0,Finished,50.0,15.0,95.28761702127662,1,3,8,22,10.8,9.333333333333334,10.8,1.0,7.0,13.0,0.0,-2.0,5,8,20.0
2025,5,Saudi Arabian Grand Prix,OCO,Haas F1 Team,14.0,19.0,0.0,Finished,50.0,19.0,95.68212765957448,1,23,8,22,12.8,10.333333333333334,11.8,0.5,7.75,13.0,0.0,2.0,5,94,20.0
2025,5,Saudi Arabian Grand Prix,HUL,Kick Sauber,15.0,18.0,0.0,Lapped,49.0,18.0,95.71467391304346,0,13,9,22,13.2,17.0,17.6,0.5,11.333333333333334,17.5,0.0,-1.0,5,53,6.0
2025,5,Saudi Arabian Grand Prix,STR,Aston Martin,16.0,16.0,0.0,Lapped,49.0,16.0,95.74141304347827,0,31,4,22,13.2,15.333333333333334,14.8,0.4,15.75,12.222222222222221,0.0,1.5,5,95,10.0
2025,5,Saudi Arabian Grand Prix,DOO,Alpine,17.0,17.0,0.0,Lapped,49.0,17.0,96.02215217391304,0,8,3,22,15.2,14.0,13.8,0.6,10.488898563343492,11.125,0.0,4.0,5,6,6.0
2025,5,Saudi Arabian Grand Prix,BOR,Kick Sauber,18.0,20.0,0.0,Lapped,49.0,20.0,96.00304347826088,0,4,9,22,16.75,17.0,17.6,0.5,10.488898563343492,16.666666666666668,0.0,1.0,5,5,6.0
2025,5,Saudi Arabian Grand Prix,TSU,Red Bull Racing,19.0,8.0,0.0,Retired,1.0,8.0,165.662,0,32,14,22,12.2,12.333333333333334,6.0,0.6,14.75,3.5555555555555554,0.0,3.5,5,95,83.0
2025,5,Saudi Arabian Grand Prix,GAS,Alpine,20.0,9.0,0.0,Retired,0.0,9.0,95.04317021276594,0,9,3,22,11.6,13.333333333333334,13.2,0.7,10.75,11.777777777777779,0.0,-4.0,5,95,6.0
2025,6,Miami Grand Prix,PIA,McLaren,1.0,4.0,25.0,Finished,57.0,4.0,91.36207692307693,1,25,10,17,3.0,1.6666666666666667,2.4,1.0,16.0,13.666666666666666,0.0,1.0,6,52,223.0
2025,6,Miami Grand Prix,NOR,McLaren,2.0,2.0,18.0,Finished,57.0,2.0,91.76096226415096,1,22,10,17,2.4,3.0,2.0,1.0,12.333333333333334,11.857142857142858,0.0,-1.0,6,96,223.0
2025,6,Miami Grand Prix,RUS,Mercedes,3.0,5.0,15.0,Finished,57.0,5.0,92.17483018867924,1,28,11,17,3.6,4.0,6.0,1.0,5.666666666666667,5.833333333333333,0.0,1.0,6,96,127.0
2025,6,Miami Grand Prix,VER,Red Bull Racing,4.0,1.0,12.0,Finished,57.0,1.0,92.27713207547168,1,33,14,17,3.0,3.0,9.6,1.0,1.3333333333333333,2.3333333333333335,0.0,-4.5,6,96,96.0
2025,6,Miami Grand Prix,ALB,Williams,5.0,7.0,10.0,Finished,57.0,7.0,92.43269811320756,1,0,15,17,8.4,10.0,12.4,0.5,13.666666666666666,15.833333333333334,0.0,0.5,6,73,37.0
2025,6,Miami Grand Prix,ANT,Mercedes,6.0,3.0,8.0,Finished,57.0,3.0,92.55249056603772,1,2,11,17,6.6,7.666666666666667,5.4,1.0,10.488898563343492,5.428571428571429,0.0,-1.0,6,6,127.0
2025,6,Miami Grand Prix,LEC,Ferrari,7.0,8.0,6.0,Finished,57.0,8.0,92.43124528301888,1,17,7,17,7.4,3.6666666666666665,5.2,0.9,4.0,4.166666666666667,0.0,-2.0,6,96,76.0
2025,6,Miami Grand Prix,HAM,Ferrari,8.0,12.0,4.0,Finished,57.0,12.0,92.38115094339622,1,12,7,17,9.6,6.333333333333333,5.2,0.9,6.0,4.571428571428571,0.0,2.0,6,96,76.0
2025,6,Miami Grand Prix,SAI,Williams,9.0,6.0,2.0,Finished,57.0,6.0,92.6041698113208,1,29,15,17,13.8,13.666666666666666,10.6,0.7,4.333333333333333,14.285714285714286,0.0,-0.5,6,95,37.0
2025,6,Miami Grand Prix,TSU,Red Bull Racing,10.0,10.0,1.0,Finished,57.0,10.0,92.42494230769232,1,32,14,17,13.6,13.333333333333334,8.0,0.6,10.0,2.5714285714285716,0.0,4.5,6,96,96.0
2025,6,Miami Grand Prix,HAD,Racing Bulls,11.0,11.0,0.0,Finished,57.0,11.0,93.00888679245284,1,11,13,17,12.4,10.333333333333334,13.6,0.8,10.488898563343492,10.488898563343492,0.0,-2.0,6,6,5.0
2025,6,Miami Grand Prix,OCO,Haas F1 Team,12.0,9.0,0.0,Finished,57.0,9.0,93.19371698113208,1,23,8,17,11.6,13.333333333333334,12.6,0.6,9.0,14.333333333333334,0.0,-5.5,6,95,20.0
2025,6,Miami Grand Prix,GAS,Alpine,13.0,20.0,0.0,Finished,57.0,18.0,93.1018679245283,1,9,3,17,14.2,13.333333333333334,14.6,0.6,12.666666666666666,9.666666666666666,-2.0,2.0,6,96,6.0
2025,6,Miami Grand Prix,HUL,Kick Sauber,14.0,16.0,0.0,Lapped,56.0,16.0,93.23178846153846,0,13,9,17,14.6,17.0,18.0,0.4,13.0,15.0,0.0,1.5,6,54,6.0
2025,6,Miami Grand Prix,ALO,Aston Martin,15.0,17.0,0.0,Lapped,56.0,17.0,94.0195283018868,0,1,4,17,14.2,12.333333333333334,15.8,0.7,7.666666666666667,11.333333333333334,0.0,-1.0,6,96,10.0
2025,6,Miami Grand Prix,STR,Aston Martin,16.0,18.0,0.0,Lapped,56.0,19.0,94.26266037735849,0,31,4,17,13.6,17.666666666666668,14.8,0.4,13.0,11.857142857142858,1.0,1.0,6,96,10.0
2025,6,Miami Grand Prix,LAW,Racing Bulls,17.0,15.0,0.0,Retired,36.0,15.0,95.29351612903228,0,16,13,17,14.4,15.0,12.4,0.7,10.488898563343492,11.0,0.0,2.0,6,17,5.0
2025,6,Miami Grand Prix,BOR,Kick Sauber,18.0,13.0,0.0,Retired,30.0,13.0,94.7974230769231,0,4,9,17,17.0,18.333333333333332,17.0,0.4,10.488898563343492,14.666666666666666,0.0,-1.5,6,6,6.0
2025,6,Miami Grand Prix,BEA,Haas F1 Team,19.0,19.0,0.0,Retired,27.0,20.0,94.00564,0,3,8,17,11.0,11.0,11.4,1.0,10.488898563343492,14.0,1.0,5.5,6,9,20.0
2025,6,Miami Grand Prix,DOO,Alpine,20.0,14.0,0.0,Retired,0.0,14.0,92.6041698113208,0,8,3,17,15.6,15.333333333333334,14.2,0.5,10.488898563343492,10.142857142857142,0.0,-2.0,6,7,6.0
2025,7,Emilia Romagna Grand Prix,VER,Red Bull Racing,1.0,2.0,25.0,Finished,63.0,2.0,81.15283636363638,1,33,14,10,3.4,4.0,8.8,1.0,1.0,4.0,0.0,-9.0,7,97,122.0
2025,7,Emilia Romagna Grand Prix,NOR,McLaren,2.0,4.0,18.0,Finished,63.0,4.0,80.86826415094338,1,22,10,10,2.6,3.0,2.2,1.0,2.6666666666666665,6.0,0.0,1.5,7,97,256.0
2025,7,Emilia Romagna Grand Prix,PIA,McLaren,3.0,1.0,15.0,Finished,63.0,1.0,80.72160784313726,1,25,10,10,1.4,1.0,2.0,1.0,4.0,5.428571428571429,0.0,-1.5,7,53,256.0
2025,7,Emilia Romagna Grand Prix,HAM,Ferrari,4.0,12.0,12.0,Finished,63.0,12.0,81.39083018867925,1,12,7,10,9.2,6.666666666666667,6.0,0.9,7.0,7.166666666666667,0.0,0.5,7,97,96.0
2025,7,Emilia Romagna Grand Prix,ALB,Williams,5.0,7.0,10.0,Finished,63.0,7.0,81.47354716981133,1,0,15,10,8.4,8.666666666666666,10.0,0.6,15.5,17.166666666666668,0.0,0.5,7,74,51.0
2025,7,Emilia Romagna Grand Prix,LEC,Ferrari,6.0,11.0,8.0,Finished,63.0,11.0,81.16834615384613,1,17,7,10,7.2,4.666666666666667,5.8,0.9,4.333333333333333,6.714285714285714,0.0,-0.5,7,97,96.0
2025,7,Emilia Romagna Grand Prix,RUS,Mercedes,7.0,3.0,6.0,Finished,63.0,3.0,81.40530769230767,1,28,11,10,3.6,3.3333333333333335,6.2,1.0,10.0,8.333333333333334,0.0,-5.0,7,97,133.0
2025,7,Emilia Romagna Grand Prix,SAI,Williams,8.0,6.0,4.0,Finished,63.0,6.0,81.67046153846155,1,29,15,10,12.0,12.0,7.2,0.7,10.0,15.428571428571429,0.0,-0.5,7,96,51.0
2025,7,Emilia Romagna Grand Prix,HAD,Racing Bulls,9.0,9.0,2.0,Finished,63.0,9.0,82.02462962962963,1,11,13,10,10.6,11.333333333333334,13.2,0.8333333333333334,10.488898563343492,10.488898563343492,0.0,-3.5,7,7,7.0
2025,7,Emilia Romagna Grand Prix,TSU,Red Bull Racing,10.0,20.0,1.0,Finished,63.0,20.0,82.59051851851852,1,32,14,10,13.2,12.666666666666666,7.2,0.7,9.666666666666666,3.5714285714285716,0.0,9.0,7,97,122.0
2025,7,Emilia Romagna Grand Prix,ALO,Aston Martin,11.0,5.0,0.0,Finished,63.0,5.0,82.69727777777778,1,1,4,10,13.8,13.666666666666666,15.0,0.7,16.0,11.5,0.0,-1.5,7,97,10.0
2025,7,Emilia Romagna Grand Prix,HUL,Kick Sauber,12.0,17.0,0.0,Finished,63.0,17.0,82.6170185185185,1,13,9,10,16.0,16.333333333333332,17.0,0.4,11.0,16.5,0.0,1.5,7,55,6.0
2025,7,Emilia Romagna Grand Prix,GAS,Alpine,13.0,10.0,0.0,Finished,63.0,10.0,82.10838461538462,1,9,3,10,14.6,13.333333333333334,16.8,0.7,11.666666666666666,13.666666666666666,0.0,-2.5,7,97,6.0
2025,7,Emilia Romagna Grand Prix,LAW,Racing Bulls,14.0,15.0,0.0,Finished,63.0,16.0,82.49939622641509,1,16,13,10,14.8,15.0,11.8,0.7,10.488898563343492,9.0,1.0,3.5,7,18,7.0
2025,7,Emilia Romagna Grand Prix,STR,Aston Martin,15.0,8.0,0.0,Finished,63.0,8.0,82.81037037037036,1,31,4,10,15.6,16.333333333333332,13.8,0.4,9.0,11.428571428571429,0.0,1.5,7,97,10.0
2025,7,Emilia Romagna Grand Prix,COL,Alpine,16.0,16.0,0.0,Finished,63.0,15.0,82.90994444444446,1,6,3,10,16.2,17.333333333333332,16.6,0.4444444444444444,10.488898563343492,13.571428571428571,-1.0,2.5,7,10,6.0
2025,7,Emilia Romagna Grand Prix,BEA,Haas F1 Team,17.0,19.0,0.0,Finished,63.0,19.0,82.21975925925926,1,3,8,10,12.0,14.0,13.6,0.8888888888888888,10.488898563343492,13.666666666666666,0.0,0.5,7,10,20.0
2025,7,Emilia Romagna Grand Prix,BOR,Kick Sauber,18.0,14.0,0.0,Finished,63.0,14.0,82.73601851851852,1,4,9,10,17.4,18.0,15.4,0.3333333333333333,10.488898563343492,15.0,0.0,-1.5,7,7,6.0
2025,7,Emilia Romagna Grand Prix,ANT,Mercedes,19.0,13.0,0.0,Retired,44.0,13.0,82.17111904761904,0,2,11,10,7.0,7.666666666666667,5.4,1.0,10.488898563343492,8.142857142857142,0.0,5.0,7,7,133.0
2025,7,Emilia Romagna Grand Prix,OCO,Haas F1 Team,20.0,18.0,0.0,Retired,27.0,18.0,82.99415384615385,0,23,8,10,11.4,11.333333333333334,15.0,0.7,12.333333333333334,14.142857142857142,0.0,-0.5,7,96,20.0
2025,8,Monaco Grand Prix,NOR,McLaren,1.0,1.0,25.0,Finished,78.0,1.0,75.82853424657534,1,22,10,18,2.6,2.6666666666666665,2.4,1.0,5.5,7.375,0.0,-1.0,8,98,296.0
2025,8,Monaco Grand Prix,LEC,Ferrari,2.0,2.0,18.0,Finished,78.0,2.0,75.85976712328765,1,17,7,18,4.8,5.333333333333333,6.4,0.9,7.75,5.75,0.0,-1.0,8,98,124.0
2025,8,Monaco Grand Prix,PIA,McLaren,3.0,3.0,15.0,Finished,78.0,3.0,75.85527397260275,1,25,10,18,1.8,1.6666666666666667,1.8,1.0,6.0,6.666666666666667,0.0,1.0,8,54,296.0
2025,8,Monaco Grand Prix,VER,Red Bull Racing,4.0,4.0,12.0,Finished,78.0,5.0,76.06861643835616,1,33,14,18,2.8,2.3333333333333335,8.8,1.0,2.75,6.25,1.0,-3.5,8,98,134.0
2025,8,Monaco Grand Prix,HAM,Ferrari,5.0,7.0,10.0,Finished,78.0,4.0,76.49894520547946,1,12,7,18,6.2,6.333333333333333,5.4,0.9,6.5,5.333333333333333,-3.0,1.0,8,98,124.0
2025,8,Monaco Grand Prix,HAD,Racing Bulls,6.0,5.0,8.0,Lapped,77.0,6.0,77.71920833333333,0,11,13,18,10.2,10.0,12.6,0.8571428571428571,10.488898563343492,10.488898563343492,1.0,-1.5,8,8,19.0
2025,8,Monaco Grand Prix,OCO,Haas F1 Team,7.0,8.0,6.0,Lapped,77.0,8.0,77.70809722222221,0,23,8,18,14.4,15.333333333333334,16.4,0.7,10.25,18.625,0.0,-4.5,8,97,26.0
2025,8,Monaco Grand Prix,LAW,Racing Bulls,8.0,9.0,4.0,Lapped,77.0,9.0,77.75590277777776,0,16,13,18,15.2,14.333333333333334,11.4,0.7,10.488898563343492,6.0,0.0,1.5,8,19,19.0
2025,8,Monaco Grand Prix,ALB,Williams,9.0,10.0,2.0,Lapped,76.0,10.0,78.48230136986301,0,0,15,18,8.0,6.333333333333333,7.2,0.7,13.666666666666666,14.75,0.0,-0.5,8,75,54.0
2025,8,Monaco Grand Prix,SAI,Williams,10.0,11.0,1.0,Lapped,76.0,11.0,78.52427397260274,0,29,15,18,11.6,8.333333333333334,7.2,0.8,3.75,14.11111111111111,0.0,0.5,8,97,54.0
2025,8,Monaco Grand Prix,RUS,Mercedes,11.0,14.0,0.0,Lapped,76.0,14.0,78.77895890410959,0,28,11,18,4.4,5.0,8.2,1.0,7.25,7.5,0.0,-0.5,8,98,133.0
2025,8,Monaco Grand Prix,BEA,Haas F1 Team,12.0,20.0,0.0,Lapped,76.0,17.0,78.19097222222223,0,3,8,18,13.8,16.333333333333332,15.0,0.9,10.488898563343492,17.333333333333332,-3.0,4.5,8,11,26.0
2025,8,Monaco Grand Prix,COL,Alpine,13.0,18.0,0.0,Lapped,76.0,20.0,78.3801142857143,0,6,3,18,17.0,18.0,16.4,0.5,10.488898563343492,9.75,2.0,1.0,8,11,6.0
2025,8,Monaco Grand Prix,BOR,Kick Sauber,14.0,16.0,0.0,Lapped,76.0,16.0,78.11511267605634,0,4,9,18,18.2,18.0,16.0,0.42857142857142855,10.488898563343492,14.5,0.0,1.5,8,8,6.0
2025,8,Monaco Grand Prix,STR,Aston Martin,15.0,19.0,0.0,Lapped,76.0,19.0,78.51008571428572,0,31,4,18,16.8,15.666666666666666,14.6,0.5,14.0,10.5,0.0,6.0,8,98,10.0
2025,8,Monaco Grand Prix,HUL,Kick Sauber,16.0,13.0,0.0,Lapped,76.0,13.0,78.8142394366197,0,13,9,18,15.4,13.666666666666666,15.2,0.5,18.0,14.333333333333334,0.0,-1.5,8,56,6.0
2025,8,Monaco Grand Prix,TSU,Red Bull Racing,17.0,12.0,0.0,Lapped,76.0,12.0,79.14787671232877,0,32,14,18,12.0,13.0,5.8,0.7,14.0,6.0,0.0,3.5,8,98,134.0
2025,8,Monaco Grand Prix,ANT,Mercedes,18.0,15.0,0.0,Lapped,75.0,15.0,79.51941666666669,0,2,11,18,9.6,10.333333333333334,9.2,0.8571428571428571,10.488898563343492,7.888888888888889,0.0,0.5,8,8,133.0
2025,8,Monaco Grand Prix,ALO,Aston Martin,19.0,6.0,0.0,Retired,36.0,7.0,78.03049999999999,0,1,4,18,12.6,12.333333333333334,14.4,0.7,8.25,11.0,1.0,-6.0,8,98,10.0
2025,8,Monaco Grand Prix,GAS,Alpine,20.0,17.0,0.0,Retired,7.0,18.0,90.89766666666668,0,9,3,18,13.2,15.333333333333334,15.0,0.7,8.5,10.11111111111111,1.0,-1.0,8,98,6.0
2025,9,Spanish Grand Prix,PIA,McLaren,1.0,1.0,25.0,Finished,66.0,1.0,80.12045762711863,1,25,10,24,1.8,2.3333333333333335,2.2,1.0,10.0,9.125,0.0,-0.5,9,55,339.0
2025,9,Spanish Grand Prix,NOR,McLaren,2.0,2.0,18.0,Finished,66.0,2.0,80.26172881355934,1,22,10,24,2.4,1.6666666666666667,2.0,1.0,8.75,8.222222222222221,0.0,0.5,9,99,339.0
2025,9,Spanish Grand Prix,LEC,Ferrari,3.0,7.0,15.0,Finished,66.0,7.0,80.43998275862069,1,17,7,24,4.4,5.0,5.0,0.9,10.0,7.75,0.0,1.0,9,99,147.0
2025,9,Spanish Grand Prix,RUS,Mercedes,4.0,4.0,12.0,Finished,66.0,4.0,80.85593220338983,1,28,11,24,5.6,7.0,12.2,0.9,6.0,3.0,0.0,-1.0,9,99,145.0
2025,9,Spanish Grand Prix,HUL,Kick Sauber,5.0,15.0,10.0,Finished,66.0,16.0,81.92113559322034,1,13,9,24,15.4,14.0,15.6,0.4,13.0,14.5,1.0,2.0,9,57,16.0
2025,9,Spanish Grand Prix,HAM,Ferrari,6.0,5.0,8.0,Finished,66.0,5.0,80.69356896551724,1,12,7,24,5.8,5.666666666666667,4.0,0.9,2.75,7.222222222222222,0.0,-1.0,9,99,147.0
2025,9,Spanish Grand Prix,HAD,Racing Bulls,7.0,9.0,6.0,Finished,66.0,9.0,81.63086440677968,1,11,13,24,9.8,8.666666666666666,10.8,0.75,10.488898563343492,10.488898563343492,0.0,-2.0,9,9,25.0
2025,9,Spanish Grand Prix,GAS,Alpine,8.0,8.0,4.0,Finished,66.0,8.0,82.04135593220339,1,9,3,24,14.6,15.333333333333334,16.4,0.7,10.5,9.875,0.0,-5.5,9,99,10.0
2025,9,Spanish Grand Prix,ALO,Aston Martin,9.0,10.0,2.0,Finished,66.0,10.0,82.27286885245901,1,1,4,24,14.2,15.0,15.2,0.6,11.25,11.125,0.0,0.0,9,99,12.0
2025,9,Spanish Grand Prix,VER,Red Bull Racing,10.0,3.0,1.0,Finished,66.0,3.0,80.50945762711866,1,33,14,24,3.4,3.0,8.4,1.0,1.25,3.0,0.0,-8.5,9,99,135.0
2025,9,Spanish Grand Prix,LAW,Racing Bulls,11.0,13.0,0.0,Finished,66.0,13.0,82.32016393442622,1,16,13,24,13.4,13.0,8.8,0.6,10.488898563343492,7.0,0.0,2.0,9,20,25.0
2025,9,Spanish Grand Prix,BOR,Kick Sauber,12.0,12.0,0.0,Finished,66.0,12.0,82.77217741935485,1,4,9,24,17.2,16.666666666666668,13.0,0.375,10.488898563343492,11.333333333333334,0.0,-2.0,9,9,16.0
2025,9,Spanish Grand Prix,TSU,Red Bull Racing,13.0,19.0,0.0,Finished,66.0,20.0,81.93032203389829,1,32,14,24,13.0,12.333333333333334,8.4,0.6,15.25,3.7777777777777777,1.0,8.5,9,99,135.0
2025,9,Spanish Grand Prix,SAI,Williams,14.0,17.0,0.0,Finished,66.0,18.0,82.24231147540983,1,29,15,24,10.8,9.0,8.2,0.7,5.5,17.25,1.0,3.5,9,98,54.0
2025,9,Spanish Grand Prix,COL,Alpine,15.0,18.0,0.0,Finished,66.0,19.0,82.84959016393442,1,6,3,24,16.2,16.0,14.0,0.4,10.488898563343492,9.666666666666666,1.0,5.5,9,12,10.0
2025,9,Spanish Grand Prix,OCO,Haas F1 Team,16.0,16.0,0.0,Finished,66.0,17.0,82.84909677419354,1,23,8,24,12.2,13.0,15.0,0.6,8.5,16.125,1.0,1.0,9,98,26.0
2025,9,Spanish Grand Prix,BEA,Haas F1 Team,17.0,14.0,0.0,Finished,66.0,15.0,82.43588524590166,1,3,8,24,14.2,16.0,14.4,0.8,10.488898563343492,16.11111111111111,1.0,-1.0,9,12,26.0
2025,9,Spanish Grand Prix,ANT,Mercedes,18.0,6.0,0.0,Retired,53.0,6.0,81.371568627451,0,2,11,24,12.0,14.333333333333334,11.8,0.75,10.488898563343492,3.111111111111111,0.0,1.0,9,9,145.0
2025,9,Spanish Grand Prix,ALB,Williams,19.0,11.0,0.0,Retired,27.0,11.0,82.93155999999999,0,0,15,24,8.0,6.333333333333333,9.2,0.7,17.333333333333332,16.88888888888889,0.0,-3.5,9,76,54.0
2025,10,Canadian Grand Prix,RUS,Mercedes,1.0,1.0,25.0,Finished,70.0,1.0,75.724609375,1,28,11,7,6.0,7.333333333333333,14.0,0.9,8.666666666666666,6.0,0.0,-1.5,10,100,185.0
2025,10,Canadian Grand Prix,VER,Red Bull Racing,2.0,2.0,18.0,Finished,70.0,2.0,75.761015625,1,33,14,7,4.2,5.0,10.8,1.0,1.0,7.833333333333333,0.0,-4.5,10,100,153.0
2025,10,Canadian Grand Prix,ANT,Mercedes,3.0,4.0,15.0,Finished,70.0,4.0,75.81212500000001,1,2,11,7,13.4,18.333333333333332,10.4,0.6666666666666666,10.488898563343492,5.285714285714286,0.0,1.5,10,10,185.0
2025,10,Canadian Grand Prix,PIA,McLaren,4.0,3.0,12.0,Finished,70.0,3.0,75.834453125,1,25,10,7,1.8,2.3333333333333335,2.0,1.0,8.0,9.5,0.0,-2.0,10,56,351.0
2025,10,Canadian Grand Prix,LEC,Ferrari,5.0,8.0,10.0,Finished,70.0,8.0,76.114875,1,17,7,7,4.2,3.6666666666666665,4.4,0.9,9.333333333333334,8.5,0.0,1.5,10,100,165.0
2025,10,Canadian Grand Prix,HAM,Ferrari,6.0,5.0,8.0,Finished,70.0,5.0,76.5076875,1,12,7,7,6.0,5.0,4.2,0.9,3.3333333333333335,8.0,0.0,-1.5,10,100,165.0
2025,10,Canadian Grand Prix,ALO,Aston Martin,7.0,6.0,6.0,Finished,70.0,6.0,76.974453125,1,1,4,7,13.0,13.0,13.8,0.6,5.666666666666667,7.666666666666667,0.0,-6.0,10,100,18.0
2025,10,Canadian Grand Prix,HUL,Kick Sauber,8.0,11.0,4.0,Finished,70.0,13.0,77.28352307692307,1,13,9,7,12.4,11.0,13.0,0.5,13.0,14.0,2.0,-1.5,10,58,20.0
2025,10,Canadian Grand Prix,OCO,Haas F1 Team,9.0,14.0,2.0,Lapped,69.0,15.0,77.315296875,0,23,8,7,13.8,14.333333333333334,14.4,0.7,8.0,15.166666666666666,1.0,0.5,10,99,28.0
2025,10,Canadian Grand Prix,SAI,Williams,10.0,16.0,1.0,Lapped,69.0,17.0,77.3328125,0,29,15,7,9.8,10.666666666666666,12.0,0.7,7.666666666666667,15.5,1.0,3.5,10,99,55.0
2025,10,Canadian Grand Prix,BEA,Haas F1 Team,11.0,13.0,0.0,Lapped,69.0,14.0,77.44304687500001,0,3,8,7,15.6,15.333333333333334,12.2,0.8,10.488898563343492,14.285714285714286,1.0,-0.5,10,13,28.0
2025,10,Canadian Grand Prix,TSU,Red Bull Racing,12.0,18.0,0.0,Lapped,69.0,11.0,77.57859375,0,32,14,7,13.8,13.333333333333334,9.2,0.6,15.333333333333334,7.0,-7.0,4.5,10,100,153.0
2025,10,Canadian Grand Prix,COL,Alpine,13.0,10.0,0.0,Lapped,69.0,12.0,77.583140625,0,6,3,7,16.4,14.666666666666666,14.4,0.4,10.488898563343492,9.0,2.0,-4.0,10,13,10.0
2025,10,Canadian Grand Prix,BOR,Kick Sauber,14.0,15.0,0.0,Lapped,69.0,16.0,77.63704687500001,0,4,9,7,16.0,14.666666666666666,11.0,0.4444444444444444,10.488898563343492,12.0,1.0,1.5,10,10,20.0
2025,10,Canadian Grand Prix,GAS,Alpine,15.0,20.0,0.0,Lapped,69.0,20.0,77.635609375,0,9,3,7,14.8,13.666666666666666,13.8,0.7,11.666666666666666,9.571428571428571,0.0,4.0,10,100,10.0
2025,10,Canadian Grand Prix,HAD,Racing Bulls,16.0,12.0,0.0,Lapped,69.0,9.0,77.619109375,0,11,13,7,8.6,7.333333333333333,9.2,0.7777777777777778,10.488898563343492,10.488898563343492,-3.0,-5.0,10,10,25.0
2025,10,Canadian Grand Prix,STR,Aston Martin,17.0,17.0,0.0,Lapped,69.0,18.0,77.26493650793651,0,31,4,7,15.8,15.333333333333334,13.0,0.4,8.666666666666666,7.571428571428571,1.0,6.0,10,99,18.0
2025,10,Canadian Grand Prix,NOR,McLaren,18.0,7.0,0.0,Retired,66.0,7.0,75.83826562499999,0,22,10,7,2.2,1.6666666666666667,2.2,1.0,10.0,8.714285714285714,0.0,2.0,10,100,351.0
2025,10,Canadian Grand Prix,LAW,Racing Bulls,19.0,19.0,0.0,Retired,53.0,19.0,77.82321568627452,0,16,13,7,12.4,11.0,9.6,0.6,10.488898563343492,16.0,0.0,5.0,10,21,25.0
2025,10,Canadian Grand Prix,ALB,Williams,20.0,9.0,0.0,Retired,46.0,10.0,77.90780000000001,0,0,15,7,9.4,11.0,12.4,0.7,12.333333333333334,14.714285714285714,1.0,-3.5,10,77,55.0
2025,11,Austrian Grand Prix,NOR,McLaren,1.0,1.0,25.0,Finished,70.0,1.0,69.80683076923076,1,22,10,2,5.0,7.0,5.6,0.9,8.5,8.5,0.0,-1.0,11,101,394.0
2025,11,Austrian Grand Prix,PIA,McLaren,2.0,3.0,18.0,Finished,70.0,3.0,69.82924615384617,1,25,10,2,2.4,2.6666666666666665,5.2,1.0,9.0,7.666666666666667,0.0,1.0,11,57,394.0
2025,11,Austrian Grand Prix,LEC,Ferrari,3.0,2.0,15.0,Finished,70.0,2.0,70.08432307692307,1,17,7,2,4.6,3.3333333333333335,5.0,0.9,5.5,6.75,0.0,-1.0,11,101,192.0
2025,11,Austrian Grand Prix,HAM,Ferrari,4.0,4.0,12.0,Finished,70.0,4.0,70.24870769230768,1,12,7,2,5.8,5.666666666666667,4.6,0.9,4.75,6.333333333333333,0.0,1.0,11,101,192.0
2025,11,Austrian Grand Prix,RUS,Mercedes,5.0,5.0,10.0,Finished,70.0,5.0,70.72613846153845,1,28,11,2,5.2,5.333333333333333,8.8,0.9,5.75,4.125,0.0,-2.0,11,101,195.0
2025,11,Austrian Grand Prix,LAW,Racing Bulls,6.0,6.0,8.0,Finished,70.0,6.0,71.00795454545454,1,16,13,2,13.8,12.666666666666666,12.2,0.6,10.488898563343492,10.488898563343492,0.0,-3.5,11,22,33.0
2025,11,Austrian Grand Prix,ALO,Aston Martin,7.0,11.0,6.0,Lapped,69.0,11.0,71.09175384615385,0,1,4,2,12.2,11.666666666666666,13.4,0.6,10.75,13.125,0.0,-2.5,11,101,24.0
2025,11,Austrian Grand Prix,BOR,Kick Sauber,8.0,8.0,4.0,Lapped,69.0,8.0,70.81628125,0,4,9,2,15.2,13.333333333333334,11.0,0.4,10.488898563343492,16.5,0.0,-6.0,11,11,26.0
2025,11,Austrian Grand Prix,HUL,Kick Sauber,9.0,20.0,2.0,Lapped,69.0,20.0,70.9059375,0,13,9,2,11.0,9.666666666666666,9.4,0.5,13.0,13.666666666666666,0.0,6.0,11,59,26.0
2025,11,Austrian Grand Prix,OCO,Haas F1 Team,10.0,17.0,1.0,Lapped,69.0,17.0,70.922296875,0,23,8,2,12.8,10.666666666666666,13.0,0.7,12.75,12.875,0.0,1.0,11,100,29.0
2025,11,Austrian Grand Prix,BEA,Haas F1 Team,11.0,15.0,0.0,Lapped,69.0,15.0,71.177453125,0,3,8,2,15.2,13.333333333333334,12.6,0.7,10.488898563343492,12.555555555555555,0.0,-1.0,11,14,29.0
2025,11,Austrian Grand Prix,HAD,Racing Bulls,12.0,13.0,0.0,Lapped,69.0,13.0,71.44573846153844,0,11,13,2,9.8,9.666666666666666,11.8,0.7,10.488898563343492,6.0,0.0,3.5,11,11,33.0
2025,11,Austrian Grand Prix,GAS,Alpine,13.0,10.0,0.0,Lapped,69.0,10.0,71.315203125,0,9,3,2,13.8,14.333333333333334,14.2,0.6,11.0,11.375,0.0,-2.0,11,101,10.0
2025,11,Austrian Grand Prix,STR,Aston Martin,14.0,16.0,0.0,Lapped,69.0,16.0,71.31943749999999,0,31,4,2,15.8,15.666666666666666,11.8,0.4,12.0,12.444444444444445,0.0,2.5,11,100,24.0
2025,11,Austrian Grand Prix,COL,Alpine,15.0,14.0,0.0,Lapped,69.0,14.0,71.370375,0,6,3,2,15.2,13.666666666666666,12.8,0.4,10.488898563343492,11.555555555555555,0.0,2.0,11,14,10.0
2025,11,Austrian Grand Prix,TSU,Red Bull Racing,16.0,18.0,0.0,Lapped,68.0,18.0,71.33137096774193,0,32,14,2,12.4,14.0,10.8,0.6,15.25,5.625,0.0,5.5,11,101,153.0
2025,11,Austrian Grand Prix,ALB,Williams,17.0,12.0,0.0,Retired,15.0,12.0,72.15018181818182,0,0,15,2,11.6,16.0,14.6,0.7,12.666666666666666,14.5,0.0,-3.5,11,78,55.0
2025,11,Austrian Grand Prix,VER,Red Bull Racing,18.0,7.0,0.0,Retired,0.0,7.0,71.00795454545454,0,33,14,2,4.2,5.333333333333333,10.6,1.0,2.25,6.777777777777778,0.0,-5.5,11,101,153.0
2025,11,Austrian Grand Prix,ANT,Mercedes,19.0,9.0,0.0,Retired,0.0,9.0,71.00795454545454,0,2,11,2,12.8,13.0,6.2,0.7,10.488898563343492,4.222222222222222,0.0,2.0,11,11,195.0
2025,11,Austrian Grand Prix,SAI,Williams,20.0,19.0,0.0,Did not start,0.0,19.0,71.00795454545454,0,29,15,2,10.2,11.333333333333334,16.0,0.6,8.0,14.777777777777779,0.0,3.5,11,100,55.0
2025,12,British Grand Prix,NOR,McLaren,1.0,3.0,25.0,Finished,52.0,3.0,101.2452,1,22,10,6,4.8,7.0,5.4,0.9,3.75,5.125,0.0,0.5,12,102,437.0
2025,12,British Grand Prix,PIA,McLaren,2.0,2.0,18.0,Finished,52.0,2.0,100.4815641025641,1,25,10,6,2.6,2.3333333333333335,5.2,1.0,4.0,4.666666666666667,0.0,-0.5,12,58,437.0
2025,12,British Grand Prix,HUL,Kick Sauber,3.0,19.0,15.0,Finished,52.0,19.0,103.10424390243904,1,13,9,6,10.0,7.333333333333333,10.2,0.4,9.5,16.5,0.0,1.5,12,60,41.0
2025,12,British Grand Prix,HAM,Ferrari,4.0,5.0,12.0,Finished,52.0,5.0,102.71275,1,12,7,6,5.0,5.333333333333333,4.8,0.9,2.0,6.375,0.0,-0.5,12,102,204.0
2025,12,British Grand Prix,VER,Red Bull Racing,5.0,1.0,10.0,Finished,52.0,1.0,102.468075,1,33,14,6,7.0,10.0,12.2,0.9,7.5,8.875,0.0,-5.0,12,102,163.0
2025,12,British Grand Prix,GAS,Alpine,6.0,8.0,8.0,Finished,52.0,8.0,103.197275,1,9,3,6,13.8,12.0,14.2,0.5,16.25,13.75,0.0,-6.0,12,102,18.0
2025,12,British Grand Prix,STR,Aston Martin,7.0,17.0,6.0,Finished,52.0,17.0,102.41235897435898,1,31,4,6,15.4,15.333333333333334,10.8,0.4,10.0,10.375,0.0,5.0,12,101,32.0
2025,12,British Grand Prix,ALB,Williams,8.0,13.0,4.0,Finished,52.0,13.0,103.31087499999998,1,0,15,6,14.0,18.666666666666668,17.2,0.6,12.333333333333334,12.125,0.0,2.0,12,79,59.0
2025,12,British Grand Prix,ALO,Aston Martin,9.0,7.0,2.0,Finished,52.0,7.0,102.69241025641028,1,1,4,6,10.6,7.666666666666667,10.4,0.6,6.75,10.0,0.0,-5.0,12,102,32.0
2025,12,British Grand Prix,RUS,Mercedes,10.0,4.0,1.0,Finished,52.0,4.0,102.70015384615384,1,28,11,6,5.6,3.3333333333333335,9.2,0.9,13.5,6.625,0.0,-3.0,12,102,196.0
2025,12,British Grand Prix,BEA,Haas F1 Team,11.0,18.0,0.0,Finished,52.0,18.0,102.5712105263158,1,3,8,6,13.6,13.0,11.6,0.6,10.488898563343492,12.875,0.0,2.0,12,15,29.0
2025,12,British Grand Prix,SAI,Williams,12.0,9.0,0.0,Finished,52.0,9.0,103.867,1,29,15,6,12.4,14.666666666666666,15.0,0.6,5.5,11.666666666666666,0.0,-2.0,12,101,59.0
2025,12,British Grand Prix,OCO,Haas F1 Team,13.0,14.0,0.0,Finished,52.0,14.0,103.95621951219516,1,23,8,6,12.4,11.666666666666666,10.4,0.6,15.0,12.666666666666666,0.0,-2.0,12,101,29.0
2025,12,British Grand Prix,LEC,Ferrari,14.0,6.0,0.0,Finished,52.0,6.0,102.4471842105263,1,17,7,6,3.8,3.6666666666666665,4.4,0.9,7.25,6.111111111111111,0.0,0.5,12,102,204.0
2025,12,British Grand Prix,TSU,Red Bull Racing,15.0,11.0,0.0,Lapped,51.0,11.0,104.42436842105262,0,32,14,6,13.6,13.666666666666666,10.6,0.5,12.5,8.444444444444445,0.0,5.0,12,102,163.0
2025,12,British Grand Prix,ANT,Mercedes,16.0,10.0,0.0,Retired,23.0,10.0,118.79425,0,2,11,6,15.4,13.333333333333334,7.6,0.6,10.488898563343492,7.0,0.0,3.0,12,12,196.0
2025,12,British Grand Prix,HAD,Racing Bulls,17.0,12.0,0.0,Retired,17.0,12.0,122.0316,0,11,13,6,10.0,11.666666666666666,12.8,0.7,10.488898563343492,10.488898563343492,0.0,-1.5,12,12,33.0
2025,12,British Grand Prix,BOR,Kick Sauber,18.0,16.0,0.0,Retired,3.0,16.0,136.36766666666665,0,4,9,6,13.2,11.333333333333334,8.4,0.4,10.488898563343492,12.0,0.0,-1.5,12,12,41.0
2025,12,British Grand Prix,LAW,Racing Bulls,19.0,15.0,0.0,Retired,0.0,15.0,102.90849695121952,0,16,13,6,11.6,12.0,14.0,0.7,10.488898563343492,17.0,0.0,1.5,12,23,33.0
2025,12,British Grand Prix,COL,Alpine,20.0,20.0,0.0,Did not start,0.0,20.0,102.90849695121952,0,6,3,6,14.4,14.333333333333334,12.4,0.3,10.488898563343492,12.88888888888889,0.0,6.0,12,15,18.0
2025,13,Belgian Grand Prix,PIA,McLaren,1.0,2.0,25.0,Finished,44.0,2.0,109.70979487179488,1,25,10,5,2.4,2.6666666666666665,4.8,1.0,11.0,9.875,0.0,0.5,13,59,480.0
2025,13,Belgian Grand Prix,NOR,McLaren,2.0,1.0,18.0,Finished,44.0,1.0,109.79115384615385,1,22,10,5,4.6,6.666666666666667,1.4,0.9,9.5,8.88888888888889,0.0,-0.5,13,103,480.0
2025,13,Belgian Grand Prix,LEC,Ferrari,3.0,3.0,15.0,Finished,44.0,3.0,110.04894871794872,1,17,7,5,5.4,7.333333333333333,6.2,1.0,5.0,7.25,0.0,-6.5,13,103,225.0
2025,13,Belgian Grand Prix,VER,Red Bull Racing,4.0,4.0,12.0,Finished,44.0,4.0,110.07202564102565,1,33,14,5,7.8,8.333333333333334,13.2,0.9,1.75,4.625,0.0,-1.5,13,103,175.0
2025,13,Belgian Grand Prix,RUS,Mercedes,5.0,6.0,10.0,Finished,44.0,6.0,110.47271794871794,1,28,11,5,6.2,5.333333333333333,10.6,0.9,8.0,8.75,0.0,-6.0,13,103,206.0
2025,13,Belgian Grand Prix,ALB,Williams,6.0,5.0,8.0,Finished,44.0,5.0,110.62166666666668,1,0,15,5,14.6,15.0,15.4,0.6,12.0,12.375,0.0,-5.0,13,80,67.0
2025,13,Belgian Grand Prix,HAM,Ferrari,7.0,18.0,6.0,Finished,44.0,16.0,109.93302631578948,1,12,7,5,5.0,4.666666666666667,5.6,1.0,7.0,6.777777777777778,-2.0,6.5,13,103,225.0
2025,13,Belgian Grand Prix,LAW,Racing Bulls,8.0,9.0,4.0,Finished,44.0,9.0,110.86174358974355,1,16,13,5,12.6,14.666666666666666,14.6,0.6,10.488898563343492,10.488898563343492,0.0,0.5,13,24,37.0
2025,13,Belgian Grand Prix,BOR,Kick Sauber,9.0,10.0,2.0,Finished,44.0,10.0,110.98241025641026,1,4,9,5,13.2,13.333333333333334,10.4,0.4,10.488898563343492,17.0,0.0,-2.0,13,13,43.0
2025,13,Belgian Grand Prix,GAS,Alpine,10.0,13.0,1.0,Finished,44.0,13.0,110.78418421052632,1,9,3,5,12.4,11.333333333333334,13.8,0.6,9.75,8.875,0.0,-2.0,13,103,19.0
2025,13,Belgian Grand Prix,BEA,Haas F1 Team,11.0,12.0,0.0,Finished,44.0,12.0,111.3518974358974,1,3,8,5,12.4,11.0,11.2,0.6,10.488898563343492,16.375,0.0,0.5,13,16,29.0
2025,13,Belgian Grand Prix,HUL,Kick Sauber,12.0,14.0,0.0,Finished,44.0,14.0,111.3838717948718,1,13,9,5,8.2,6.666666666666667,9.4,0.5,18.0,14.333333333333334,0.0,2.0,13,61,43.0
2025,13,Belgian Grand Prix,TSU,Red Bull Racing,13.0,7.0,0.0,Finished,44.0,7.0,111.54941025641024,1,32,14,5,14.6,14.333333333333334,11.6,0.5,13.5,4.555555555555555,0.0,1.5,13,103,175.0
2025,13,Belgian Grand Prix,STR,Aston Martin,14.0,16.0,0.0,Finished,44.0,20.0,111.52866666666664,1,31,4,5,13.6,12.666666666666666,10.8,0.4,12.75,9.625,4.0,0.5,13,102,32.0
2025,13,Belgian Grand Prix,OCO,Haas F1 Team,15.0,11.0,0.0,Finished,44.0,11.0,111.72784615384614,1,23,8,5,11.0,10.666666666666666,11.2,0.6,7.75,15.777777777777779,0.0,-0.5,13,102,29.0
2025,13,Belgian Grand Prix,ANT,Mercedes,16.0,19.0,0.0,Finished,44.0,18.0,111.66574358974358,1,2,11,5,14.8,12.666666666666666,11.0,0.5,10.488898563343492,8.333333333333334,-1.0,6.0,13,13,206.0
2025,13,Belgian Grand Prix,ALO,Aston Martin,17.0,20.0,0.0,Finished,44.0,19.0,111.60376923076922,1,1,4,5,10.2,7.666666666666667,10.2,0.7,7.25,10.11111111111111,-1.0,-0.5,13,103,32.0
2025,13,Belgian Grand Prix,SAI,Williams,18.0,17.0,0.0,Finished,44.0,15.0,111.7207435897436,1,29,15,5,13.2,14.0,12.6,0.6,9.5,11.666666666666666,-2.0,5.0,13,102,67.0
2025,13,Belgian Grand Prix,COL,Alpine,19.0,15.0,0.0,Finished,44.0,17.0,112.4193,1,6,3,5,15.2,16.0,12.8,0.3,10.488898563343492,9.0,2.0,2.0,13,16,19.0
2025,13,Belgian Grand Prix,HAD,Racing Bulls,20.0,8.0,0.0,Lapped,43.0,8.0,112.7995,0,11,13,5,11.6,15.0,12.4,0.6,10.488898563343492,8.0,0.0,-0.5,13,13,37.0
2025,14,Hungarian Grand Prix,NOR,McLaren,1.0,3.0,25.0,Finished,70.0,3.0,81.46771014492754,1,22,10,12,4.8,1.3333333333333333,1.6,0.9,6.5,7.25,0.0,0.5,14,104,523.0
2025,14,Hungarian Grand Prix,PIA,McLaren,2.0,2.0,18.0,Finished,70.0,2.0,81.25172058823529,1,25,10,12,2.0,1.6666666666666667,1.4,1.0,3.0,6.555555555555555,0.0,-0.5,14,60,523.0
2025,14,Hungarian Grand Prix,RUS,Mercedes,3.0,4.0,15.0,Finished,70.0,4.0,81.54170588235294,1,28,11,12,5.0,6.666666666666667,13.2,0.9,6.25,5.5,0.0,-5.5,14,104,222.0
2025,14,Hungarian Grand Prix,LEC,Ferrari,4.0,1.0,12.0,Finished,70.0,1.0,82.0247536231884,1,17,7,12,5.6,6.666666666666667,6.4,1.0,8.75,7.0,0.0,-5.5,14,104,237.0
2025,14,Hungarian Grand Prix,ALO,Aston Martin,5.0,5.0,10.0,Finished,70.0,5.0,82.29814492753623,1,1,4,12,9.8,11.0,12.2,0.7,8.0,12.5,0.0,-0.5,14,104,48.0
2025,14,Hungarian Grand Prix,BOR,Kick Sauber,6.0,7.0,8.0,Finished,70.0,7.0,82.4234347826087,1,4,9,12,12.2,11.666666666666666,10.2,0.4,10.488898563343492,17.5,0.0,-6.0,14,14,51.0
2025,14,Hungarian Grand Prix,STR,Aston Martin,7.0,6.0,6.0,Finished,70.0,6.0,82.70578571428571,1,31,4,12,13.4,11.666666666666666,10.4,0.4,12.5,11.666666666666666,0.0,0.5,14,103,48.0
2025,14,Hungarian Grand Prix,LAW,Racing Bulls,8.0,9.0,4.0,Finished,70.0,9.0,82.455768115942,1,16,13,12,12.6,11.0,15.2,0.6,10.488898563343492,10.488898563343492,0.0,-0.5,14,25,41.0
2025,14,Hungarian Grand Prix,VER,Red Bull Racing,9.0,8.0,2.0,Finished,70.0,8.0,82.53078260869563,1,33,14,12,7.8,9.0,11.0,0.9,4.0,6.0,0.0,-4.0,14,104,177.0
2025,14,Hungarian Grand Prix,ANT,Mercedes,10.0,15.0,1.0,Lapped,69.0,15.0,82.7304117647059,0,2,11,12,14.4,17.0,10.0,0.5,10.488898563343492,5.222222222222222,0.0,5.5,14,14,222.0
2025,14,Hungarian Grand Prix,HAD,Racing Bulls,11.0,10.0,0.0,Lapped,69.0,10.0,83.03957971014493,0,11,13,12,14.4,16.333333333333332,14.4,0.5,10.488898563343492,8.0,0.0,0.5,14,14,41.0
2025,14,Hungarian Grand Prix,HAM,Ferrari,12.0,12.0,0.0,Lapped,69.0,12.0,82.7874705882353,0,12,7,12,5.4,5.0,6.4,1.0,2.75,6.666666666666667,0.0,5.5,14,104,237.0
2025,14,Hungarian Grand Prix,HUL,Kick Sauber,13.0,18.0,0.0,Lapped,69.0,19.0,82.7419552238806,0,13,9,12,7.4,8.0,9.6,0.5,13.5,13.666666666666666,1.0,6.0,14,62,51.0
2025,14,Hungarian Grand Prix,SAI,Williams,14.0,13.0,0.0,Lapped,69.0,13.0,83.1575294117647,0,29,15,12,14.8,16.666666666666668,12.8,0.6,5.25,13.75,0.0,-3.5,14,103,67.0
2025,14,Hungarian Grand Prix,ALB,Williams,15.0,19.0,0.0,Lapped,69.0,20.0,82.9465671641791,0,0,15,12,14.0,10.333333333333334,11.6,0.6,14.0,13.777777777777779,1.0,3.5,14,81,67.0
2025,14,Hungarian Grand Prix,OCO,Haas F1 Team,16.0,17.0,0.0,Lapped,69.0,18.0,83.29645588235292,0,23,8,12,12.6,12.666666666666666,12.2,0.6,11.75,14.375,1.0,3.5,14,103,29.0
2025,14,Hungarian Grand Prix,TSU,Red Bull Racing,17.0,20.0,0.0,Lapped,69.0,16.0,83.08582089552239,0,32,14,12,13.8,14.666666666666666,9.2,0.5,12.25,6.333333333333333,-4.0,4.0,14,104,177.0
2025,14,Hungarian Grand Prix,COL,Alpine,18.0,14.0,0.0,Lapped,69.0,14.0,82.88016417910445,0,6,3,12,16.4,18.0,14.0,0.4,10.488898563343492,12.375,0.0,-1.5,14,17,19.0
2025,14,Hungarian Grand Prix,GAS,Alpine,19.0,16.0,0.0,Lapped,69.0,17.0,83.34458823529411,0,9,3,12,10.4,9.666666666666666,14.6,0.6,14.25,13.0,1.0,1.5,14,104,19.0
2025,14,Hungarian Grand Prix,BEA,Haas F1 Team,20.0,11.0,0.0,Retired,48.0,11.0,83.8088085106383,0,3,8,12,12.2,11.0,13.2,0.6,10.488898563343492,14.555555555555555,0.0,-3.5,14,17,29.0
2025,15,Dutch Grand Prix,PIA,McLaren,1.0,1.0,25.0,Finished,72.0,1.0,75.33587096774193,1,25,10,9,2.2,1.6666666666666667,1.6,1.0,6.5,8.25,0.0,-0.5,15,61,548.0
2025,15,Dutch Grand Prix,VER,Red Bull Racing,2.0,3.0,18.0,Finished,72.0,3.0,75.92975409836068,1,33,14,9,7.6,6.0,11.6,0.9,1.25,3.5,0.0,-4.5,15,105,197.0
2025,15,Dutch Grand Prix,HAD,Racing Bulls,3.0,4.0,15.0,Finished,72.0,4.0,76.07037704918032,1,11,13,9,15.2,16.0,13.2,0.4,10.488898563343492,10.488898563343492,0.0,-2.0,15,15,56.0
2025,15,Dutch Grand Prix,RUS,Mercedes,4.0,5.0,12.0,Finished,72.0,5.0,76.24605000000001,1,28,11,9,4.8,6.0,10.0,0.9,10.75,6.125,0.0,-3.0,15,105,234.0
2025,15,Dutch Grand Prix,ALB,Williams,5.0,15.0,10.0,Finished,72.0,15.0,76.46398333333333,1,0,15,9,13.2,9.666666666666666,13.0,0.5,11.333333333333334,15.125,0.0,3.0,15,82,77.0
2025,15,Dutch Grand Prix,BEA,Haas F1 Team,6.0,20.0,8.0,Finished,72.0,19.0,77.46801639344264,1,3,8,9,12.8,14.0,15.0,0.5,10.488898563343492,15.375,-1.0,0.5,15,18,38.0
2025,15,Dutch Grand Prix,STR,Aston Martin,7.0,19.0,6.0,Finished,72.0,20.0,77.51293442622952,1,31,4,9,11.8,9.333333333333334,10.4,0.5,11.5,10.625,1.0,5.0,15,104,58.0
2025,15,Dutch Grand Prix,ALO,Aston Martin,8.0,10.0,4.0,Finished,72.0,10.0,77.24811864406779,1,1,4,9,9.0,10.333333333333334,10.0,0.7,6.0,10.222222222222221,0.0,-5.0,15,105,58.0
2025,15,Dutch Grand Prix,TSU,Red Bull Racing,9.0,12.0,2.0,Finished,72.0,12.0,77.09147457627118,1,32,14,9,14.6,15.0,9.0,0.4,17.75,3.3333333333333335,0.0,4.5,15,105,197.0
2025,15,Dutch Grand Prix,OCO,Haas F1 Team,10.0,18.0,1.0,Finished,72.0,18.0,77.35048333333334,1,23,8,9,12.6,14.666666666666666,13.6,0.5,10.75,14.333333333333334,0.0,-0.5,15,104,38.0
2025,15,Dutch Grand Prix,COL,Alpine,11.0,16.0,0.0,Finished,72.0,16.0,77.50230000000002,1,6,3,9,17.0,19.0,17.2,0.3,10.488898563343492,8.375,0.0,1.0,15,18,19.0
2025,15,Dutch Grand Prix,LAW,Racing Bulls,12.0,8.0,0.0,Finished,72.0,8.0,76.6458813559322,1,16,13,9,12.0,11.666666666666666,10.0,0.6,13.0,3.0,0.0,2.0,15,26,56.0
2025,15,Dutch Grand Prix,SAI,Williams,13.0,9.0,0.0,Finished,72.0,9.0,76.85748333333332,1,29,15,9,14.8,14.666666666666666,11.6,0.6,6.25,14.0,0.0,-3.0,15,104,77.0
2025,15,Dutch Grand Prix,HUL,Kick Sauber,14.0,17.0,0.0,Finished,72.0,17.0,77.5945,1,13,9,9,9.0,9.333333333333334,11.6,0.5,11.5,19.5,0.0,2.0,15,63,51.0
2025,15,Dutch Grand Prix,BOR,Kick Sauber,15.0,13.0,0.0,Finished,72.0,13.0,77.82253333333334,1,4,9,9,11.0,11.0,10.8,0.4,10.488898563343492,17.666666666666668,0.0,-2.0,15,15,51.0
2025,15,Dutch Grand Prix,ANT,Mercedes,16.0,11.0,0.0,Finished,72.0,11.0,77.08843548387097,1,2,11,9,12.8,14.0,7.6,0.4,10.488898563343492,5.888888888888889,0.0,3.0,15,15,234.0
2025,15,Dutch Grand Prix,GAS,Alpine,17.0,14.0,0.0,Finished,72.0,14.0,77.50693333333334,1,9,3,9,12.6,11.666666666666666,15.4,0.5,6.75,8.666666666666666,0.0,-1.0,15,105,19.0
2025,15,Dutch Grand Prix,NOR,McLaren,18.0,2.0,0.0,Retired,64.0,2.0,75.5973157894737,0,22,10,9,4.6,1.3333333333333333,1.4,0.9,6.25,7.444444444444445,0.0,0.5,15,105,548.0
2025,15,Dutch Grand Prix,LEC,Ferrari,19.0,6.0,0.0,Retired,52.0,6.0,76.36089583333334,0,17,7,9,5.8,7.0,8.0,1.0,7.5,6.875,0.0,-0.5,15,105,237.0
2025,15,Dutch Grand Prix,HAM,Ferrari,20.0,7.0,0.0,Retired,22.0,7.0,76.61263636363637,0,12,7,9,6.6,7.666666666666667,9.0,0.9,5.0,8.222222222222221,0.0,0.5,15,105,237.0
2025,16,Italian Grand Prix,VER,Red Bull Racing,1.0,1.0,25.0,Finished,53.0,1.0,82.7303076923077,1,33,14,13,7.6,5.0,10.0,0.9,6.5,5.875,0.0,-4.5,16,106,222.0
2025,16,Italian Grand Prix,NOR,McLaren,2.0,2.0,18.0,Finished,53.0,2.0,83.04896153846154,1,22,10,13,4.6,7.0,4.8,0.8,5.0,6.5,0.0,-0.5,16,106,581.0
2025,16,Italian Grand Prix,PIA,McLaren,3.0,3.0,15.0,Finished,53.0,3.0,83.15911538461539,1,25,10,13,1.6,1.3333333333333333,4.8,1.0,7.0,6.0,0.0,0.5,16,62,581.0
2025,16,Italian Grand Prix,LEC,Ferrari,4.0,4.0,12.0,Finished,53.0,4.0,83.21107692307692,1,17,7,13,8.6,8.666666666666666,12.4,0.9,2.75,3.5,0.0,-0.5,16,106,257.0
2025,16,Italian Grand Prix,RUS,Mercedes,5.0,5.0,10.0,Finished,53.0,6.0,83.32775,1,28,11,13,5.4,4.0,9.8,0.9,6.0,6.375,1.0,-0.5,16,106,246.0
2025,16,Italian Grand Prix,HAM,Ferrari,6.0,10.0,8.0,Finished,53.0,5.0,83.44228846153848,1,12,7,13,9.4,13.0,11.8,0.8,8.25,3.5555555555555554,-5.0,0.5,16,106,257.0
2025,16,Italian Grand Prix,ALB,Williams,7.0,14.0,6.0,Finished,53.0,14.0,83.69413461538463,1,0,15,13,10.2,8.666666666666666,13.0,0.5,8.0,10.625,0.0,0.5,16,83,83.0
2025,16,Italian Grand Prix,BOR,Kick Sauber,8.0,7.0,4.0,Finished,53.0,8.0,83.77119230769229,1,4,9,13,11.2,10.0,12.0,0.5,10.488898563343492,17.0,1.0,-2.0,16,16,55.0
2025,16,Italian Grand Prix,ANT,Mercedes,9.0,6.0,2.0,Finished,53.0,7.0,83.75273076923078,1,2,11,13,15.4,14.0,7.6,0.4,10.488898563343492,6.222222222222222,1.0,0.5,16,16,246.0
2025,16,Italian Grand Prix,HAD,Racing Bulls,10.0,19.0,1.0,Finished,53.0,16.0,83.94661538461537,1,11,13,13,12.6,11.333333333333334,10.8,0.4,10.488898563343492,10.488898563343492,-3.0,-2.0,16,16,57.0
2025,16,Italian Grand Prix,SAI,Williams,11.0,13.0,0.0,Finished,53.0,13.0,83.94157692307691,1,29,15,13,15.4,15.0,10.8,0.6,4.25,10.222222222222221,0.0,-0.5,16,105,83.0
2025,16,Italian Grand Prix,BEA,Haas F1 Team,12.0,11.0,0.0,Finished,53.0,11.0,84.01623076923076,1,3,8,13,11.8,12.333333333333334,13.4,0.5,10.488898563343492,15.125,0.0,-2.0,16,19,38.0
2025,16,Italian Grand Prix,TSU,Red Bull Racing,13.0,9.0,0.0,Finished,53.0,10.0,84.22882692307695,1,32,14,13,14.0,13.0,7.6,0.5,18.5,5.333333333333333,1.0,4.5,16,106,222.0
2025,16,Italian Grand Prix,LAW,Racing Bulls,14.0,18.0,0.0,Finished,53.0,20.0,84.26015384615383,1,16,13,13,10.6,9.333333333333334,8.8,0.6,11.0,10.0,2.0,2.0,16,27,57.0
2025,16,Italian Grand Prix,OCO,Haas F1 Team,15.0,15.0,0.0,Lapped,52.0,15.0,84.23009803921568,0,23,8,13,12.8,13.666666666666666,12.8,0.5,13.5,14.777777777777779,0.0,2.0,16,105,38.0
2025,16,Italian Grand Prix,GAS,Alpine,16.0,20.0,0.0,Lapped,52.0,19.0,84.44292156862745,0,9,3,13,13.0,15.333333333333334,16.8,0.6,14.25,13.875,-1.0,0.5,16,106,19.0
2025,16,Italian Grand Prix,COL,Alpine,17.0,17.0,0.0,Lapped,52.0,18.0,84.45007843137256,0,6,3,13,16.6,16.0,16.2,0.4,12.0,14.11111111111111,1.0,-0.5,16,19,19.0
2025,16,Italian Grand Prix,STR,Aston Martin,18.0,16.0,0.0,Lapped,52.0,17.0,84.24701960784314,0,31,4,13,9.8,9.333333333333334,8.8,0.5,15.0,14.0,1.0,4.0,16,105,58.0
2025,16,Italian Grand Prix,ALO,Aston Martin,19.0,8.0,0.0,Retired,24.0,9.0,84.94968181818182,0,1,4,13,9.2,10.0,9.0,0.7,11.75,14.444444444444445,1.0,-4.0,16,106,58.0
2025,16,Italian Grand Prix,HUL,Kick Sauber,20.0,12.0,0.0,Did not start,0.0,12.0,83.94157692307691,0,13,9,13,10.2,13.0,11.2,0.6,17.0,14.0,0.0,2.0,16,64,55.0
2025,17,Azerbaijan Grand Prix,VER,Red Bull Racing,1.0,1.0,25.0,Finished,51.0,1.0,105.5774468085106,1,33,14,3,4.2,4.0,8.4,0.9,6.5,5.875,0.0,-2.5,17,107,255.0
2025,17,Azerbaijan Grand Prix,RUS,Mercedes,2.0,5.0,18.0,Finished,51.0,5.0,105.8654042553192,1,28,11,3,5.4,4.0,8.8,0.9,7.75,7.5,0.0,0.5,17,107,276.0
2025,17,Azerbaijan Grand Prix,SAI,Williams,3.0,2.0,15.0,Finished,51.0,2.0,105.97559574468085,1,29,15,3,13.6,12.666666666666666,10.2,0.6,12.75,12.875,0.0,-8.5,17,106,98.0
2025,17,Azerbaijan Grand Prix,ANT,Mercedes,4.0,4.0,12.0,Finished,51.0,4.0,106.0182340425532,1,2,11,3,13.4,11.666666666666666,7.2,0.4,10.488898563343492,6.888888888888889,0.0,-0.5,17,17,276.0
2025,17,Azerbaijan Grand Prix,LAW,Racing Bulls,5.0,3.0,10.0,Finished,51.0,3.0,106.27134042553192,1,16,13,3,12.2,11.333333333333334,10.0,0.7,10.488898563343492,10.488898563343492,0.0,-2.5,17,28,68.0
2025,17,Azerbaijan Grand Prix,TSU,Red Bull Racing,6.0,6.0,8.0,Finished,51.0,6.0,106.27219148936167,1,32,14,3,13.4,13.0,5.2,0.5,12.5,5.333333333333333,0.0,2.5,17,107,255.0
2025,17,Azerbaijan Grand Prix,NOR,McLaren,7.0,7.0,6.0,Finished,51.0,7.0,106.25538297872342,1,22,10,3,4.8,7.0,5.2,0.8,6.75,7.0,0.0,-1.0,17,107,587.0
2025,17,Azerbaijan Grand Prix,HAM,Ferrari,8.0,12.0,4.0,Finished,51.0,12.0,106.29651063829786,1,12,7,3,9.8,12.666666666666666,12.2,0.8,8.5,9.875,0.0,1.0,17,107,263.0
2025,17,Azerbaijan Grand Prix,LEC,Ferrari,9.0,10.0,2.0,Finished,51.0,10.0,106.30902127659576,1,17,7,3,8.8,9.0,11.4,0.9,7.0,9.666666666666666,0.0,-1.0,17,107,263.0
2025,17,Azerbaijan Grand Prix,HAD,Racing Bulls,10.0,8.0,1.0,Finished,51.0,8.0,106.38091489361705,1,11,13,3,12.2,8.0,8.8,0.4,10.488898563343492,5.0,0.0,2.5,17,17,68.0
2025,17,Azerbaijan Grand Prix,BOR,Kick Sauber,11.0,13.0,0.0,Finished,51.0,13.0,106.9531914893617,1,4,9,3,11.2,9.666666666666666,14.0,0.6,10.488898563343492,15.0,0.0,-2.0,17,17,55.0
2025,17,Azerbaijan Grand Prix,BEA,Haas F1 Team,12.0,15.0,0.0,Finished,51.0,15.0,106.94836170212768,1,3,8,3,12.0,12.666666666666666,12.6,0.6,10.0,13.625,0.0,-2.5,17,20,38.0
2025,17,Azerbaijan Grand Prix,ALB,Williams,13.0,19.0,0.0,Finished,51.0,19.0,106.8187659574468,1,0,15,3,8.2,9.0,7.8,0.5,10.333333333333334,11.777777777777779,0.0,8.5,17,84,98.0
2025,17,Azerbaijan Grand Prix,OCO,Haas F1 Team,14.0,20.0,0.0,Finished,51.0,20.0,107.12236170212766,1,23,8,3,13.8,13.666666666666666,11.0,0.4,15.0,13.444444444444445,0.0,2.5,17,106,38.0
2025,17,Azerbaijan Grand Prix,ALO,Aston Martin,15.0,11.0,0.0,Finished,51.0,11.0,106.71234782608695,1,1,4,3,11.6,10.666666666666666,11.8,0.7,5.75,9.875,0.0,-1.5,17,107,58.0
2025,17,Azerbaijan Grand Prix,HUL,Kick Sauber,16.0,17.0,0.0,Finished,51.0,17.0,107.19074468085108,1,13,9,3,12.4,15.666666666666666,13.6,0.6,14.0,13.666666666666666,0.0,2.0,17,65,55.0
2025,17,Azerbaijan Grand Prix,STR,Aston Martin,17.0,14.0,0.0,Finished,51.0,14.0,107.55019148936172,1,31,4,3,10.6,10.666666666666666,13.4,0.5,15.25,10.444444444444445,0.0,1.5,17,106,58.0
2025,17,Azerbaijan Grand Prix,GAS,Alpine,18.0,18.0,0.0,Lapped,50.0,18.0,107.87071739130434,0,9,3,3,13.6,17.333333333333332,16.0,0.5,8.5,12.375,0.0,1.0,17,107,19.0
2025,17,Azerbaijan Grand Prix,COL,Alpine,19.0,16.0,0.0,Lapped,50.0,16.0,107.29133333333333,0,6,3,3,17.0,15.333333333333334,15.8,0.4,8.0,13.0,0.0,-1.0,17,20,19.0
2025,17,Azerbaijan Grand Prix,PIA,McLaren,20.0,9.0,0.0,Retired,0.0,9.0,106.38091489361705,0,25,10,3,1.8,2.0,6.2,1.0,6.0,7.0,0.0,1.0,17,63,587.0
2025,18,Singapore Grand Prix,RUS,Mercedes,1.0,1.0,25.0,Finished,62.0,1.0,97.1349516129032,1,28,11,23,3.8,3.6666666666666665,7.2,0.9,11.333333333333334,8.666666666666666,0.0,-1.5,18,108,311.0
2025,18,Singapore Grand Prix,VER,Red Bull Racing,2.0,2.0,18.0,Finished,62.0,2.0,97.22253225806452,1,33,14,23,3.4,1.3333333333333333,6.0,0.9,4.666666666666667,5.5,0.0,-5.5,18,108,273.0
2025,18,Singapore Grand Prix,NOR,McLaren,3.0,5.0,15.0,Finished,62.0,5.0,97.23279032258066,1,22,10,23,6.0,9.0,10.0,0.8,2.3333333333333335,3.6666666666666665,0.0,1.0,18,108,614.0
2025,18,Singapore Grand Prix,PIA,McLaren,4.0,3.0,12.0,Finished,62.0,3.0,97.2663387096774,1,25,10,23,5.4,8.0,7.0,0.9,5.0,3.5714285714285716,0.0,-1.0,18,64,614.0
2025,18,Singapore Grand Prix,ANT,Mercedes,5.0,4.0,10.0,Finished,62.0,4.0,97.6781935483871,1,2,11,23,11.0,9.666666666666666,4.2,0.5,10.488898563343492,7.571428571428571,0.0,1.5,18,18,311.0
2025,18,Singapore Grand Prix,LEC,Ferrari,6.0,7.0,8.0,Finished,62.0,7.0,97.87682258064515,1,17,7,23,7.8,10.666666666666666,9.4,0.9,3.6666666666666665,3.6666666666666665,0.0,0.5,18,108,275.0
2025,18,Singapore Grand Prix,ALO,Aston Martin,7.0,10.0,6.0,Finished,62.0,10.0,98.04390163934426,1,1,4,23,12.8,14.0,15.4,0.7,13.666666666666666,10.2,0.0,-2.5,18,108,64.0
2025,18,Singapore Grand Prix,HAM,Ferrari,8.0,6.0,4.0,Finished,62.0,6.0,97.93360655737705,1,12,7,23,10.6,11.333333333333334,6.6,0.8,6.0,4.0,0.0,-0.5,18,108,275.0
2025,18,Singapore Grand Prix,BEA,Haas F1 Team,9.0,9.0,2.0,Finished,62.0,9.0,98.64345161290323,1,3,8,23,12.2,10.0,12.6,0.6,10.488898563343492,12.666666666666666,0.0,-4.0,18,21,40.0
2025,18,Singapore Grand Prix,SAI,Williams,10.0,18.0,1.0,Lapped,61.0,20.0,98.90362295081968,0,29,15,23,11.8,9.0,9.4,0.6,3.6666666666666665,15.333333333333334,2.0,0.5,18,107,99.0
2025,18,Singapore Grand Prix,HAD,Racing Bulls,11.0,8.0,0.0,Lapped,61.0,8.0,99.01150819672132,0,11,13,23,10.8,7.666666666666667,10.2,0.4,10.488898563343492,10.488898563343492,0.0,-2.0,18,18,68.0
2025,18,Singapore Grand Prix,TSU,Red Bull Racing,12.0,13.0,0.0,Lapped,61.0,13.0,99.04321311475412,0,32,14,23,11.6,9.333333333333334,4.6,0.5,15.333333333333334,5.0,0.0,5.5,18,108,273.0
2025,18,Singapore Grand Prix,STR,Aston Martin,13.0,15.0,0.0,Lapped,61.0,15.0,99.12880327868852,0,31,4,23,12.6,14.0,15.2,0.6,10.0,9.666666666666666,0.0,2.5,18,107,64.0
2025,18,Singapore Grand Prix,ALB,Williams,14.0,20.0,0.0,Lapped,61.0,19.0,99.14240983606558,0,0,15,23,9.2,8.333333333333334,8.8,0.5,16.0,14.571428571428571,-1.0,-0.5,18,85,99.0
2025,18,Singapore Grand Prix,LAW,Racing Bulls,15.0,12.0,0.0,Lapped,61.0,12.0,99.17232786885243,0,16,13,23,9.4,10.333333333333334,10.0,0.7,9.0,11.0,0.0,2.0,18,29,68.0
2025,18,Singapore Grand Prix,COL,Alpine,16.0,16.0,0.0,Lapped,61.0,16.0,99.4304426229508,0,6,3,23,16.8,15.666666666666666,17.4,0.3,11.0,14.666666666666666,0.0,-1.0,18,21,19.0
2025,18,Singapore Grand Prix,BOR,Kick Sauber,17.0,14.0,0.0,Lapped,61.0,14.0,99.08595,0,4,9,23,9.8,11.333333333333334,14.0,0.6,10.488898563343492,15.5,0.0,1.5,18,18,55.0
2025,18,Singapore Grand Prix,OCO,Haas F1 Team,18.0,17.0,0.0,Lapped,61.0,17.0,99.5,0,23,8,23,14.0,13.0,12.4,0.5,15.666666666666666,12.142857142857142,0.0,4.0,18,107,40.0
2025,18,Singapore Grand Prix,GAS,Alpine,19.0,19.0,0.0,Lapped,61.0,18.0,99.50537704918034,0,9,3,23,16.0,17.0,17.2,0.4,11.0,14.857142857142858,-1.0,1.0,18,108,19.0
2025,18,Singapore Grand Prix,HUL,Kick Sauber,20.0,11.0,0.0,Lapped,61.0,11.0,98.76259322033896,0,13,9,23,15.0,16.666666666666668,14.4,0.6,11.0,16.0,0.0,-1.5,18,66,55.0
2025,19,United States Grand Prix,VER,Red Bull Racing,1.0,1.0,25.0,Finished,56.0,1.0,100.02845454545457,1,33,14,28,3.0,1.3333333333333333,6.8,0.9,1.5,3.0,0.0,-6.0,19,109,304.0
2025,19,United States Grand Prix,NOR,McLaren,2.0,2.0,18.0,Finished,56.0,2.0,99.80798148148148,1,22,10,28,6.2,4.0,7.4,0.8,5.0,7.875,0.0,-2.0,19,109,642.0
2025,19,United States Grand Prix,LEC,Ferrari,3.0,3.0,15.0,Finished,56.0,3.0,99.59579245283018,1,17,7,28,8.4,6.333333333333333,7.4,0.9,7.0,7.5,0.0,-1.0,19,109,302.0
2025,19,United States Grand Prix,HAM,Ferrari,4.0,5.0,12.0,Finished,56.0,5.0,100.1896851851852,1,12,7,28,10.8,7.333333333333333,6.8,0.8,10.75,7.0,0.0,1.0,19,109,302.0
2025,19,United States Grand Prix,PIA,McLaren,5.0,6.0,10.0,Finished,56.0,6.0,100.1835,1,25,10,28,6.0,9.0,7.2,0.9,11.0,7.222222222222222,0.0,2.0,19,65,642.0
2025,19,United States Grand Prix,RUS,Mercedes,6.0,4.0,8.0,Finished,56.0,4.0,100.25974074074074,1,28,11,28,3.0,2.6666666666666665,4.2,1.0,7.5,8.125,0.0,-1.5,19,109,319.0
2025,19,United States Grand Prix,TSU,Red Bull Racing,7.0,13.0,6.0,Finished,56.0,13.0,100.61337037037038,1,32,14,28,11.4,10.333333333333334,4.4,0.5,10.25,2.7777777777777777,0.0,6.0,19,109,304.0
2025,19,United States Grand Prix,HUL,Kick Sauber,8.0,11.0,4.0,Finished,56.0,11.0,100.6774074074074,1,13,9,28,16.6,18.666666666666668,16.8,0.6,9.5,18.0,0.0,-2.5,19,67,59.0
2025,19,United States Grand Prix,BEA,Haas F1 Team,9.0,8.0,2.0,Finished,56.0,8.0,100.84498148148148,1,3,8,28,11.8,11.0,13.6,0.7,10.488898563343492,12.625,0.0,-4.5,19,22,42.0
2025,19,United States Grand Prix,ALO,Aston Martin,10.0,10.0,1.0,Finished,56.0,10.0,100.91918518518516,1,1,4,28,10.8,13.666666666666666,14.2,0.8,13.5,12.375,0.0,-4.0,19,109,65.0
2025,19,United States Grand Prix,LAW,Racing Bulls,11.0,12.0,0.0,Finished,56.0,12.0,100.98338888888892,1,16,13,28,10.8,11.333333333333334,11.0,0.7,9.0,10.488898563343492,0.0,-4.0,19,30,68.0
2025,19,United States Grand Prix,STR,Aston Martin,12.0,19.0,0.0,Finished,56.0,18.0,101.01894444444446,1,31,4,28,12.4,16.0,12.4,0.5,13.0,12.11111111111111,-1.0,4.0,19,108,65.0
2025,19,United States Grand Prix,ANT,Mercedes,13.0,7.0,0.0,Finished,56.0,7.0,100.11732692307692,1,2,11,28,8.8,6.0,3.6,0.6,10.488898563343492,7.888888888888889,0.0,1.5,19,19,319.0
2025,19,United States Grand Prix,ALB,Williams,14.0,18.0,0.0,Finished,56.0,19.0,100.92035185185186,1,0,15,28,10.8,11.333333333333334,10.2,0.5,12.666666666666666,13.0,1.0,5.0,19,86,99.0
2025,19,United States Grand Prix,OCO,Haas F1 Team,15.0,17.0,0.0,Finished,56.0,17.0,100.80060377358492,1,23,8,28,14.6,15.666666666666666,12.4,0.5,16.5,12.222222222222221,0.0,4.5,19,108,42.0
2025,19,United States Grand Prix,HAD,Racing Bulls,16.0,20.0,0.0,Finished,56.0,20.0,101.33942592592594,1,11,13,28,9.0,10.333333333333334,10.4,0.4,10.488898563343492,11.0,0.0,4.0,19,19,68.0
2025,19,United States Grand Prix,COL,Alpine,17.0,15.0,0.0,Lapped,55.0,15.0,101.55577358490564,0,6,3,28,16.2,17.333333333333332,17.8,0.3,10.0,13.625,0.0,0.5,19,22,19.0
2025,19,United States Grand Prix,BOR,Kick Sauber,18.0,16.0,0.0,Lapped,55.0,16.0,101.1885,0,4,9,28,11.4,12.0,14.4,0.6,10.488898563343492,14.666666666666666,0.0,2.5,19,19,59.0
2025,19,United States Grand Prix,GAS,Alpine,19.0,14.0,0.0,Lapped,55.0,14.0,101.2295,0,9,3,28,17.8,17.666666666666668,17.8,0.4,13.0,14.0,0.0,-0.5,19,109,19.0
2025,19,United States Grand Prix,SAI,Williams,20.0,9.0,0.0,Retired,5.0,9.0,101.888,0,29,15,28,10.2,8.0,10.8,0.6,8.0,13.11111111111111,0.0,-5.0,19,108,99.0
2025,20,Mexico City Grand Prix,NOR,McLaren,1.0,1.0,25.0,Finished,71.0,1.0,82.23489855072464,1,22,10,16,6.4,4.0,6.8,0.8,6.5,7.625,0.0,-3.5,20,110,677.0
2025,20,Mexico City Grand Prix,LEC,Ferrari,2.0,2.0,18.0,Finished,71.0,2.0,82.96294285714286,1,17,7,16,8.2,6.0,6.0,0.9,4.25,4.125,0.0,-0.5,20,110,324.0
2025,20,Mexico City Grand Prix,VER,Red Bull Racing,3.0,5.0,15.0,Finished,71.0,5.0,82.9817714285714,1,33,14,16,1.4,1.3333333333333333,5.6,0.9,2.25,6.5,0.0,-3.0,20,110,319.0
2025,20,Mexico City Grand Prix,BEA,Haas F1 Team,4.0,9.0,12.0,Finished,71.0,10.0,82.62235294117647,1,3,8,16,9.6,10.0,13.0,0.7,10.488898563343492,14.75,1.0,-1.0,20,23,56.0
2025,20,Mexico City Grand Prix,PIA,McLaren,5.0,7.0,10.0,Finished,71.0,8.0,82.89304347826088,1,25,10,16,6.6,9.666666666666666,3.0,0.9,8.0,6.888888888888889,1.0,3.5,20,66,677.0
2025,20,Mexico City Grand Prix,ANT,Mercedes,6.0,6.0,8.0,Finished,71.0,6.0,82.6715,1,2,11,16,9.4,7.333333333333333,5.8,0.7,10.488898563343492,5.0,0.0,1.0,20,20,333.0
2025,20,Mexico City Grand Prix,RUS,Mercedes,7.0,4.0,6.0,Finished,71.0,4.0,82.72913235294116,1,28,11,16,3.6,3.0,6.2,1.0,7.75,5.111111111111111,0.0,-1.0,20,110,333.0
2025,20,Mexico City Grand Prix,HAM,Ferrari,8.0,3.0,4.0,Finished,71.0,3.0,82.60825000000003,1,12,7,16,9.2,6.666666666666667,4.6,0.8,2.5,3.888888888888889,0.0,0.5,20,110,324.0
2025,20,Mexico City Grand Prix,OCO,Haas F1 Team,9.0,11.0,2.0,Finished,71.0,12.0,83.25463768115941,1,23,8,16,14.4,15.666666666666666,11.0,0.5,11.0,13.555555555555555,1.0,1.0,20,109,56.0
2025,20,Mexico City Grand Prix,BOR,Kick Sauber,10.0,16.0,1.0,Finished,71.0,16.0,83.55892857142857,1,4,9,16,13.8,15.333333333333334,15.8,0.5,10.488898563343492,14.5,0.0,1.5,20,20,60.0
2025,20,Mexico City Grand Prix,TSU,Red Bull Racing,11.0,10.0,0.0,Finished,71.0,11.0,83.22343478260869,1,32,14,16,9.4,8.333333333333334,5.0,0.5,18.0,6.111111111111111,1.0,3.0,20,110,319.0
2025,20,Mexico City Grand Prix,ALB,Williams,12.0,17.0,0.0,Lapped,70.0,17.0,83.73384057971015,0,0,15,16,10.6,13.666666666666666,14.2,0.6,13.333333333333334,14.875,0.0,5.0,20,87,99.0
2025,20,Mexico City Grand Prix,HAD,Racing Bulls,13.0,8.0,0.0,Lapped,70.0,9.0,83.5370294117647,0,11,13,16,10.0,12.333333333333334,12.6,0.4,10.488898563343492,10.488898563343492,1.0,-3.0,20,20,68.0
2025,20,Mexico City Grand Prix,STR,Aston Martin,14.0,19.0,0.0,Lapped,70.0,19.0,83.28502985074627,0,31,4,16,13.4,14.0,11.8,0.6,14.25,14.25,0.0,2.5,20,109,65.0
2025,20,Mexico City Grand Prix,GAS,Alpine,15.0,18.0,0.0,Lapped,70.0,18.0,84.05275,0,9,3,16,17.8,18.666666666666668,18.0,0.3,9.0,11.625,0.0,-1.0,20,110,19.0
2025,20,Mexico City Grand Prix,COL,Alpine,16.0,20.0,0.0,Lapped,70.0,20.0,84.0832205882353,0,6,3,16,16.0,17.333333333333332,17.2,0.2,12.0,12.0,0.0,1.0,20,23,19.0
2025,20,Mexico City Grand Prix,SAI,Williams,17.0,12.0,0.0,Retired,67.0,7.0,83.13564615384615,0,29,15,16,11.4,11.0,14.0,0.5,4.0,14.555555555555555,-5.0,-5.0,20,109,99.0
2025,20,Mexico City Grand Prix,ALO,Aston Martin,18.0,14.0,0.0,Retired,34.0,14.0,84.28257575757576,0,1,4,16,11.8,10.666666666666666,11.2,0.8,16.0,14.222222222222221,0.0,-2.5,20,110,65.0
2025,20,Mexico City Grand Prix,HUL,Kick Sauber,19.0,13.0,0.0,Retired,25.0,13.0,85.00535999999998,0,13,9,16,15.6,14.666666666666666,14.6,0.6,11.0,13.0,0.0,-1.5,20,68,60.0
2025,20,Mexico City Grand Prix,LAW,Racing Bulls,20.0,15.0,0.0,Retired,5.0,15.0,90.86625,0,16,13,16,11.4,10.333333333333334,13.2,0.7,16.0,13.0,0.0,3.0,20,31,68.0
2025,21,São Paulo Grand Prix,NOR,McLaren,1.0,1.0,25.0,Finished,71.0,1.0,74.34079365079364,1,22,10,26,3.0,2.0,3.4,0.9,9.0,12.125,0.0,-1.5,21,111,712.0
2025,21,São Paulo Grand Prix,ANT,Mercedes,2.0,2.0,18.0,Finished,71.0,2.0,74.51849206349205,1,2,11,26,7.4,8.0,7.4,0.7,10.488898563343492,5.5,0.0,-2.0,21,21,363.0
2025,21,São Paulo Grand Prix,VER,Red Bull Racing,3.0,19.0,15.0,Finished,71.0,16.0,74.52307936507935,1,33,14,26,1.6,2.0,6.8,0.9,2.5,4.5,-3.0,-1.5,21,111,334.0
2025,21,São Paulo Grand Prix,RUS,Mercedes,4.0,6.0,12.0,Finished,71.0,6.0,74.67874603174604,1,28,11,26,4.2,4.666666666666667,6.8,1.0,8.25,5.111111111111111,0.0,2.0,21,111,363.0
2025,21,São Paulo Grand Prix,PIA,McLaren,5.0,4.0,10.0,Finished,71.0,4.0,74.48561904761905,1,25,10,26,7.4,4.666666666666667,2.8,0.9,11.0,10.88888888888889,0.0,1.5,21,67,712.0
2025,21,São Paulo Grand Prix,BEA,Haas F1 Team,6.0,8.0,8.0,Finished,71.0,8.0,74.87941269841272,1,3,8,26,9.2,7.333333333333333,11.0,0.8,12.0,16.125,0.0,-4.5,21,24,64.0
2025,21,São Paulo Grand Prix,LAW,Racing Bulls,7.0,7.0,6.0,Finished,71.0,7.0,75.499890625,1,16,13,26,13.0,15.333333333333334,15.0,0.7,9.0,10.488898563343492,0.0,1.0,21,32,78.0
2025,21,São Paulo Grand Prix,HAD,Racing Bulls,8.0,5.0,4.0,Finished,71.0,5.0,75.20780952380952,1,11,13,26,12.0,13.333333333333334,13.4,0.4,10.488898563343492,7.0,0.0,-1.0,21,21,78.0
2025,21,São Paulo Grand Prix,HUL,Kick Sauber,9.0,10.0,2.0,Finished,71.0,10.0,75.523453125,1,13,9,26,16.6,15.666666666666666,15.0,0.5,16.0,14.0,0.0,-4.0,21,69,62.0
2025,21,São Paulo Grand Prix,GAS,Alpine,10.0,9.0,1.0,Finished,71.0,9.0,75.27668253968255,1,9,3,26,17.4,17.666666666666668,17.2,0.3,7.75,6.5,0.0,-4.5,21,111,20.0
2025,21,São Paulo Grand Prix,ALB,Williams,11.0,12.0,0.0,Finished,71.0,12.0,75.31682539682542,1,0,15,26,12.0,13.333333333333334,15.4,0.6,17.333333333333332,15.625,0.0,-1.5,21,88,99.0
2025,21,São Paulo Grand Prix,OCO,Haas F1 Team,12.0,20.0,0.0,Finished,71.0,17.0,75.2391111111111,1,23,8,26,14.2,14.0,8.6,0.6,7.0,15.0,-3.0,4.5,21,110,64.0
2025,21,São Paulo Grand Prix,SAI,Williams,13.0,15.0,0.0,Finished,71.0,15.0,75.29893650793652,1,29,15,26,12.2,15.666666666666666,14.8,0.5,7.75,15.11111111111111,0.0,1.5,21,110,99.0
2025,21,São Paulo Grand Prix,ALO,Aston Martin,14.0,11.0,0.0,Finished,71.0,11.0,75.28296825396826,1,1,4,26,13.8,11.666666666666666,13.4,0.7,7.75,11.625,0.0,-1.5,21,111,65.0
2025,21,São Paulo Grand Prix,COL,Alpine,15.0,16.0,0.0,Finished,71.0,18.0,75.31144444444443,1,6,3,26,17.0,16.333333333333332,15.4,0.2,17.0,6.888888888888889,2.0,4.5,21,24,20.0
2025,21,São Paulo Grand Prix,STR,Aston Martin,16.0,14.0,0.0,Finished,71.0,14.0,75.37952380952382,1,31,4,26,14.8,13.0,13.6,0.6,13.5,11.88888888888889,0.0,1.5,21,110,65.0
2025,21,São Paulo Grand Prix,TSU,Red Bull Racing,17.0,17.0,0.0,Finished,71.0,19.0,75.14746031746031,1,32,14,26,9.8,10.0,5.0,0.6,12.0,4.333333333333333,2.0,1.5,21,111,334.0
2025,21,São Paulo Grand Prix,HAM,Ferrari,18.0,13.0,0.0,Retired,37.0,13.0,76.55913793103448,0,12,7,26,6.8,6.666666666666667,5.0,0.8,5.25,8.125,0.0,5.0,21,111,324.0
2025,21,São Paulo Grand Prix,LEC,Ferrari,19.0,3.0,0.0,Retired,5.0,3.0,105.684,0,17,7,26,4.8,3.6666666666666665,7.0,0.9,8.5,9.222222222222221,0.0,-5.0,21,111,324.0
2025,21,São Paulo Grand Prix,BOR,Kick Sauber,20.0,18.0,0.0,Retired,0.0,18.0,75.27668253968255,0,4,9,26,12.8,15.0,12.8,0.6,10.488898563343492,12.333333333333334,0.0,4.0,21,21,62.0
2025,22,Las Vegas Grand Prix,VER,Red Bull Racing,1.0,2.0,25.0,Finished,50.0,2.0,96.18404166666666,1,33,14,15,2.0,2.3333333333333335,8.2,1.0,3.0,4.75,0.0,-8.5,22,112,359.0
2025,22,Las Vegas Grand Prix,RUS,Mercedes,2.0,4.0,18.0,Finished,50.0,4.0,96.68239583333332,1,28,11,15,4.0,5.666666666666667,6.4,1.0,4.5,4.5,0.0,-6.5,22,112,396.0
2025,22,Las Vegas Grand Prix,ANT,Mercedes,3.0,17.0,15.0,Finished,50.0,17.0,96.05787234042552,1,2,11,15,6.0,7.0,4.2,0.8,10.488898563343492,4.0,0.0,6.5,22,22,396.0
2025,22,Las Vegas Grand Prix,LEC,Ferrari,4.0,9.0,12.0,Finished,50.0,9.0,96.83541666666667,1,17,7,15,7.8,8.0,10.2,0.8,3.0,3.75,0.0,-5.5,22,112,340.0
2025,22,Las Vegas Grand Prix,SAI,Williams,5.0,3.0,10.0,Finished,50.0,3.0,96.915875,1,29,15,15,12.6,16.666666666666668,14.6,0.6,4.5,15.25,0.0,-6.5,22,111,109.0
2025,22,Las Vegas Grand Prix,HAD,Racing Bulls,6.0,8.0,8.0,Finished,50.0,8.0,97.12870833333334,1,11,13,15,11.6,12.333333333333334,12.8,0.5,10.488898563343492,10.488898563343492,0.0,1.0,22,22,86.0
2025,22,Las Vegas Grand Prix,HUL,Kick Sauber,7.0,11.0,6.0,Finished,50.0,11.0,96.89865957446808,1,13,9,15,14.4,12.0,15.2,0.6,13.5,15.5,0.0,-3.5,22,70,68.0
2025,22,Las Vegas Grand Prix,HAM,Ferrari,8.0,19.0,4.0,Finished,50.0,20.0,96.6527608695652,1,12,7,15,9.2,10.0,10.2,0.7,4.5,3.8,1.0,5.5,22,112,340.0
2025,22,Las Vegas Grand Prix,OCO,Haas F1 Team,9.0,13.0,2.0,Finished,50.0,13.0,97.10602127659575,1,23,8,15,13.6,12.0,9.2,0.7,10.5,13.0,0.0,-0.5,22,111,67.0
2025,22,Las Vegas Grand Prix,BEA,Haas F1 Team,10.0,14.0,1.0,Finished,50.0,14.0,97.63966666666666,1,3,8,15,8.0,6.333333333333333,8.0,0.9,10.488898563343492,12.2,0.0,0.5,22,25,67.0
2025,22,Las Vegas Grand Prix,ALO,Aston Martin,11.0,7.0,0.0,Finished,50.0,7.0,97.5274680851064,1,1,4,15,12.8,14.0,14.8,0.8,10.0,10.0,0.0,-2.5,22,112,65.0
2025,22,Las Vegas Grand Prix,TSU,Red Bull Racing,12.0,20.0,0.0,Finished,50.0,19.0,97.3111914893617,1,32,14,15,10.6,11.666666666666666,7.0,0.7,13.5,4.0,-1.0,8.5,22,112,359.0
2025,22,Las Vegas Grand Prix,GAS,Alpine,13.0,10.0,0.0,Finished,50.0,10.0,97.77475,1,9,3,15,16.2,14.666666666666666,15.0,0.4,15.5,13.0,0.0,-2.5,22,112,20.0
2025,22,Las Vegas Grand Prix,LAW,Racing Bulls,14.0,6.0,0.0,Lapped,49.0,6.0,97.74497872340426,0,16,13,15,11.6,12.666666666666666,10.8,0.7,16.0,6.0,0.0,-1.0,22,33,86.0
2025,22,Las Vegas Grand Prix,COL,Alpine,15.0,15.0,0.0,Lapped,49.0,15.0,98.52451063829788,0,6,3,15,16.6,16.0,13.8,0.3,14.0,13.0,0.0,2.5,22,25,20.0
2025,22,Las Vegas Grand Prix,ALB,Williams,16.0,16.0,0.0,Retired,35.0,16.0,97.46356666666664,0,0,15,15,12.8,12.333333333333334,11.6,0.7,15.5,13.2,0.0,6.5,22,89,109.0
2025,22,Las Vegas Grand Prix,BOR,Kick Sauber,17.0,18.0,0.0,Retired,2.0,18.0,130.427,0,4,9,15,15.2,16.0,13.0,0.6,10.488898563343492,12.666666666666666,0.0,3.5,22,22,68.0
2025,22,Las Vegas Grand Prix,STR,Aston Martin,18.0,12.0,0.0,Retired,0.0,12.0,97.10602127659575,0,31,4,15,14.4,14.0,14.6,0.7,10.0,10.2,0.0,2.5,22,111,65.0
2025,22,Las Vegas Grand Prix,NOR,McLaren,19.0,1.0,0.0,Disqualified,50.0,1.0,96.62897916666668,0,22,10,15,2.8,1.3333333333333333,3.4,0.9,13.0,10.75,0.0,-2.0,22,112,712.0
2025,22,Las Vegas Grand Prix,PIA,McLaren,20.0,5.0,0.0,Disqualified,50.0,5.0,96.74204166666668,0,25,10,15,7.8,5.0,6.2,0.9,8.5,12.4,0.0,2.0,22,68,712.0
2025,23,Qatar Grand Prix,VER,Red Bull Racing,1.0,3.0,25.0,Finished,57.0,3.0,85.76484905660378,1,33,14,20,2.0,2.3333333333333335,8.8,1.0,1.3333333333333333,5.833333333333333,0.0,-6.5,23,113,385.0
2025,23,Qatar Grand Prix,PIA,McLaren,2.0,1.0,18.0,Finished,57.0,1.0,85.40576923076924,1,25,10,20,7.8,10.0,10.0,0.8,2.5,6.5,0.0,-0.5,23,69,742.0
2025,23,Qatar Grand Prix,SAI,Williams,3.0,7.0,15.0,Finished,57.0,7.0,85.95801923076921,1,29,15,20,13.0,11.666666666666666,12.4,0.6,11.0,16.833333333333332,0.0,-4.0,23,112,124.0
2025,23,Qatar Grand Prix,NOR,McLaren,4.0,2.0,12.0,Finished,57.0,2.0,85.79209615384616,1,22,10,20,5.2,7.0,9.4,0.8,7.333333333333333,5.857142857142857,0.0,0.5,23,113,742.0
2025,23,Qatar Grand Prix,ANT,Mercedes,5.0,5.0,10.0,Finished,57.0,5.0,86.00015384615384,1,2,11,20,5.8,3.6666666666666665,3.6,0.9,10.488898563343492,10.0,0.0,0.5,23,23,414.0
2025,23,Qatar Grand Prix,RUS,Mercedes,6.0,4.0,8.0,Finished,57.0,4.0,86.4463076923077,1,28,11,20,4.0,4.333333333333333,3.2,1.0,8.333333333333334,9.285714285714286,0.0,-0.5,23,113,414.0
2025,23,Qatar Grand Prix,ALO,Aston Martin,7.0,8.0,6.0,Finished,57.0,8.0,86.5394423076923,1,1,4,20,12.0,14.333333333333334,15.4,0.8,5.333333333333333,9.666666666666666,0.0,-5.5,23,113,71.0
2025,23,Qatar Grand Prix,LEC,Ferrari,8.0,10.0,4.0,Finished,57.0,10.0,86.68588461538462,1,17,7,20,6.8,8.333333333333334,11.4,0.8,5.0,8.0,0.0,-4.0,23,113,344.0
2025,23,Qatar Grand Prix,LAW,Racing Bulls,9.0,12.0,2.0,Finished,57.0,12.0,86.7545,1,16,13,20,13.4,13.666666666666666,11.0,0.7,15.5,10.488898563343492,0.0,3.0,23,34,88.0
2025,23,Qatar Grand Prix,TSU,Red Bull Racing,10.0,15.0,1.0,Finished,57.0,16.0,86.82534615384617,1,32,14,20,11.8,13.333333333333334,6.8,0.8,13.666666666666666,5.142857142857143,1.0,6.5,23,113,385.0
2025,23,Qatar Grand Prix,ALB,Williams,11.0,14.0,0.0,Finished,57.0,15.0,86.93465384615386,1,0,15,20,13.4,13.0,9.6,0.6,14.0,14.857142857142858,1.0,4.0,23,90,124.0
2025,23,Qatar Grand Prix,HAM,Ferrari,12.0,17.0,0.0,Finished,57.0,18.0,87.11369230769233,1,12,7,20,9.2,11.333333333333334,11.4,0.7,10.666666666666666,8.0,1.0,4.0,23,113,344.0
2025,23,Qatar Grand Prix,BOR,Kick Sauber,13.0,19.0,0.0,Finished,57.0,14.0,87.302,1,4,9,20,16.4,15.666666666666666,14.4,0.6,10.488898563343492,9.5,-5.0,1.5,23,23,68.0
2025,23,Qatar Grand Prix,COL,Alpine,14.0,20.0,0.0,Lapped,56.0,20.0,87.41229411764704,0,6,3,20,15.8,15.333333333333334,13.8,0.3,19.0,8.666666666666666,0.0,5.5,23,26,20.0
2025,23,Qatar Grand Prix,OCO,Haas F1 Team,15.0,16.0,0.0,Lapped,56.0,17.0,87.32921568627451,0,23,8,20,12.6,10.0,9.2,0.7,10.666666666666666,14.833333333333334,1.0,2.0,23,112,67.0
2025,23,Qatar Grand Prix,GAS,Alpine,16.0,9.0,0.0,Lapped,56.0,9.0,87.21935294117648,0,9,3,20,15.2,12.666666666666666,13.4,0.4,9.333333333333334,9.428571428571429,0.0,-5.5,23,113,20.0
2025,23,Qatar Grand Prix,STR,Aston Martin,17.0,18.0,0.0,Retired,55.0,19.0,87.31218367346938,0,31,4,20,14.6,16.0,13.2,0.6,11.666666666666666,9.285714285714286,1.0,5.5,23,112,71.0
2025,23,Qatar Grand Prix,HAD,Racing Bulls,18.0,6.0,0.0,Retired,55.0,6.0,86.61783673469388,0,11,13,20,10.8,9.0,8.8,0.6,10.488898563343492,9.0,0.0,-3.0,23,23,88.0
2025,23,Qatar Grand Prix,BEA,Haas F1 Team,19.0,13.0,0.0,Retired,41.0,13.0,87.68151428571429,0,3,8,20,7.6,6.666666666666667,10.4,0.9,10.488898563343492,14.857142857142858,0.0,-2.0,23,26,67.0
2025,23,Qatar Grand Prix,HUL,Kick Sauber,20.0,11.0,0.0,Retired,6.0,11.0,89.41466666666666,0,13,9,20,12.6,11.666666666666666,13.2,0.6,16.0,10.666666666666666,0.0,-1.5,23,71,68.0
2025,24,Abu Dhabi Grand Prix,VER,Red Bull Racing,1.0,1.0,25.0,Finished,58.0,1.0,88.74642105263159,1,33,14,0,1.8,1.6666666666666667,8.2,1.0,2.25,6.375,0.0,-4.5,24,114,410.0
2025,24,Abu Dhabi Grand Prix,PIA,McLaren,2.0,3.0,18.0,Finished,58.0,3.0,88.97712280701757,1,25,10,0,7.4,9.0,10.0,0.8,8.0,7.0,0.0,0.5,24,70,775.0
2025,24,Abu Dhabi Grand Prix,NOR,McLaren,3.0,2.0,15.0,Finished,58.0,2.0,88.66885714285715,1,22,10,0,5.4,8.0,9.4,0.8,4.75,6.444444444444445,0.0,-0.5,24,114,775.0
2025,24,Abu Dhabi Grand Prix,LEC,Ferrari,4.0,5.0,12.0,Finished,58.0,5.0,88.79205357142857,1,17,7,0,7.2,10.333333333333334,10.2,0.8,4.25,5.5,0.0,-5.5,24,114,360.0
2025,24,Abu Dhabi Grand Prix,RUS,Mercedes,5.0,4.0,10.0,Finished,58.0,4.0,89.5891052631579,1,28,11,0,5.0,4.0,4.0,1.0,7.75,6.5,0.0,-5.0,24,114,424.0
2025,24,Abu Dhabi Grand Prix,ALO,Aston Martin,6.0,6.0,8.0,Finished,58.0,6.0,89.89092982456141,1,1,4,0,12.0,10.666666666666666,13.8,0.8,11.0,10.25,0.0,-4.5,24,114,80.0
2025,24,Abu Dhabi Grand Prix,OCO,Haas F1 Team,7.0,8.0,6.0,Finished,58.0,8.0,89.95691228070176,1,23,8,0,12.0,12.0,13.0,0.6,9.333333333333334,15.142857142857142,0.0,-1.5,24,113,73.0
2025,24,Abu Dhabi Grand Prix,HAM,Ferrari,8.0,16.0,4.0,Finished,58.0,16.0,89.69508928571427,1,12,7,0,10.0,12.666666666666666,7.2,0.7,8.25,5.333333333333333,0.0,5.5,24,114,360.0
2025,24,Abu Dhabi Grand Prix,HUL,Kick Sauber,9.0,18.0,2.0,Finished,58.0,18.0,90.13966666666666,1,13,9,0,12.6,12.0,15.4,0.5,11.5,15.5,0.0,5.5,24,72,70.0
2025,24,Abu Dhabi Grand Prix,STR,Aston Martin,10.0,15.0,1.0,Finished,58.0,15.0,90.05640350877194,1,31,4,0,15.4,17.0,11.8,0.5,11.25,9.777777777777779,0.0,4.5,24,113,80.0
2025,24,Abu Dhabi Grand Prix,BOR,Kick Sauber,11.0,7.0,0.0,Finished,58.0,7.0,90.15491228070177,1,4,9,0,15.6,16.666666666666668,13.2,0.6,10.488898563343492,13.333333333333334,0.0,-5.5,24,24,70.0
2025,24,Abu Dhabi Grand Prix,BEA,Haas F1 Team,12.0,11.0,0.0,Finished,58.0,11.0,90.05940350877192,1,3,8,0,9.6,11.666666666666666,12.0,0.8,10.488898563343492,14.125,0.0,1.5,24,27,73.0
2025,24,Abu Dhabi Grand Prix,SAI,Williams,13.0,12.0,0.0,Finished,58.0,12.0,90.18157894736842,1,29,15,0,11.6,7.0,9.6,0.6,6.75,15.75,0.0,-2.5,24,113,124.0
2025,24,Abu Dhabi Grand Prix,TSU,Red Bull Racing,14.0,10.0,0.0,Finished,58.0,10.0,90.10901754385964,1,32,14,0,11.4,13.0,5.0,0.8,8.75,5.777777777777778,0.0,4.5,24,114,410.0
2025,24,Abu Dhabi Grand Prix,ANT,Mercedes,15.0,14.0,0.0,Finished,58.0,14.0,90.19550877192982,1,2,11,0,5.8,3.3333333333333335,4.2,0.9,10.488898563343492,6.333333333333333,0.0,5.0,24,24,424.0
2025,24,Abu Dhabi Grand Prix,ALB,Williams,16.0,17.0,0.0,Finished,58.0,17.0,89.9028392857143,1,0,15,0,12.8,12.666666666666666,9.6,0.6,12.666666666666666,15.444444444444445,0.0,2.5,24,91,124.0
2025,24,Abu Dhabi Grand Prix,HAD,Racing Bulls,17.0,9.0,0.0,Lapped,57.0,9.0,90.33126785714286,0,11,13,0,12.2,10.666666666666666,11.0,0.6,10.488898563343492,10.488898563343492,0.0,-2.0,24,24,88.0
2025,24,Abu Dhabi Grand Prix,LAW,Racing Bulls,18.0,13.0,0.0,Lapped,57.0,13.0,90.25660714285712,0,16,13,0,12.2,10.0,12.8,0.7,17.0,17.0,0.0,2.0,24,35,88.0
2025,24,Abu Dhabi Grand Prix,GAS,Alpine,19.0,19.0,0.0,Lapped,57.0,19.0,90.04525454545457,0,9,3,0,14.6,13.0,14.6,0.3,9.75,11.375,0.0,-0.5,24,114,20.0
2025,24,Abu Dhabi Grand Prix,COL,Alpine,20.0,20.0,0.0,Lapped,57.0,20.0,90.17885454545454,0,6,3,0,15.4,14.666666666666666,15.4,0.2,19.0,12.222222222222221,0.0,0.5,24,27,20.0
2026,1,Australian Grand Prix,RUS,Mercedes,1.0,1.0,25.0,Finished,58.0,1.0,84.14445454545454,1,28,11,1,4.8,4.333333333333333,6.8,1.0,10.25,8.625,0.0,-0.5,1,115,43.0
2026,1,Australian Grand Prix,ANT,Mercedes,2.0,2.0,18.0,Finished,58.0,2.0,84.12850909090909,1,2,11,1,6.2,7.666666666666667,6.4,1.0,4.0,7.777777777777778,0.0,0.5,1,25,43.0
2026,1,Australian Grand Prix,LEC,Ferrari,3.0,4.0,15.0,Finished,58.0,4.0,84.71783636363637,1,17,7,1,7.4,5.333333333333333,8.0,0.8,7.75,9.25,0.0,-1.5,1,115,27.0
2026,1,Australian Grand Prix,HAM,Ferrari,4.0,7.0,12.0,Finished,58.0,7.0,84.70130909090908,1,12,7,1,10.8,9.333333333333334,7.0,0.8,8.5,8.555555555555555,0.0,1.5,1,115,27.0
2026,1,Australian Grand Prix,NOR,McLaren,5.0,6.0,10.0,Finished,58.0,6.0,84.45928301886794,1,22,10,1,5.6,8.666666666666666,6.2,0.8,3.75,5.25,0.0,0.5,1,115,10.0
2026,1,Australian Grand Prix,VER,Red Bull Racing,6.0,20.0,8.0,Finished,58.0,20.0,84.64366037735851,1,33,14,1,1.8,1.0,7.6,1.0,10.0,8.375,0.0,8.5,1,115,8.0
2026,1,Australian Grand Prix,BEA,Haas F1 Team,7.0,12.0,6.0,Lapped,57.0,12.0,85.6281320754717,0,3,8,1,10.2,13.666666666666666,12.6,0.9,14.0,12.125,0.0,-0.5,1,28,6.0
2026,1,Australian Grand Prix,LIN,Racing Bulls,8.0,9.0,4.0,Lapped,57.0,9.0,85.7790566037736,0,18,13,1,10.488898563343492,10.488898563343492,15.2,0.85,10.488898563343492,16.0,0.0,0.5,1,1,4.0
2026,1,Australian Grand Prix,BOR,Audi,9.0,10.0,2.0,Lapped,57.0,10.0,85.39411538461538,0,4,5,1,14.2,13.666666666666666,10.488898563343492,0.6,16.0,10.488898563343492,0.0,-0.5,1,25,2.0
2026,1,Australian Grand Prix,GAS,Alpine,10.0,14.0,1.0,Lapped,57.0,14.0,86.19530188679246,0,9,3,1,14.6,16.0,16.8,0.3,11.5,13.75,0.0,-1.0,1,115,1.0
2026,1,Australian Grand Prix,OCO,Haas F1 Team,11.0,13.0,0.0,Lapped,57.0,13.0,86.21449056603777,0,23,8,1,10.4,10.333333333333334,12.0,0.7,12.5,11.555555555555555,0.0,0.5,1,114,6.0
2026,1,Australian Grand Prix,ALB,Williams,12.0,15.0,0.0,Lapped,57.0,15.0,86.18107692307693,0,0,15,1,13.2,14.333333333333334,11.8,0.7,11.25,13.571428571428571,0.0,-3.0,1,92,0.0
2026,1,Australian Grand Prix,LAW,Racing Bulls,13.0,8.0,0.0,Lapped,57.0,8.0,86.05161538461539,0,16,13,1,13.6,13.666666666666666,14.0,0.6,15.0,13.333333333333334,0.0,-0.5,1,36,4.0
2026,1,Australian Grand Prix,COL,Alpine,14.0,16.0,0.0,Lapped,56.0,16.0,87.36382692307694,0,6,3,1,16.0,16.333333333333332,15.8,0.2,10.488898563343492,13.333333333333334,0.0,1.0,1,28,1.0
2026,1,Australian Grand Prix,SAI,Williams,15.0,21.0,0.0,Lapped,56.0,21.0,86.90512000000001,0,29,15,1,10.2,7.0,11.0,0.7,12.75,13.375,0.0,3.0,1,114,0.0
2026,1,Australian Grand Prix,PER,Cadillac,16.0,18.0,0.0,Lapped,55.0,18.0,89.26978846153847,0,24,6,1,15.0,15.666666666666666,10.488898563343492,0.5,4.0,10.488898563343492,0.0,-0.5,1,91,0.0
2026,1,Australian Grand Prix,STR,Aston Martin,17.0,22.0,0.0,Lapped,43.0,22.0,89.47237837837837,0,31,4,1,15.0,15.0,11.6,0.5,7.0,9.375,0.0,2.5,1,114,0.0
2026,1,Australian Grand Prix,ALO,Aston Martin,18.0,17.0,0.0,Retired,21.0,17.0,88.55155555555555,0,1,4,1,11.2,8.0,11.4,0.8,11.25,10.222222222222221,0.0,-2.5,1,115,0.0
2026,1,Australian Grand Prix,BOT,Cadillac,19.0,19.0,0.0,Retired,15.0,19.0,91.41921428571428,0,5,6,1,14.8,15.666666666666666,16.0,0.2,11.0,16.0,0.0,0.5,1,91,0.0
2026,1,Australian Grand Prix,HAD,Red Bull Racing,20.0,3.0,0.0,Retired,10.0,3.0,86.55250000000001,0,11,14,1,12.4,13.666666666666666,6.4,0.6,20.0,8.11111111111111,0.0,-8.5,1,25,8.0
2026,1,Australian Grand Prix,PIA,McLaren,21.0,5.0,0.0,Did not start,0.0,5.0,86.11634615384617,0,25,10,1,6.8,8.0,3.2,0.8,7.0,5.222222222222222,0.0,-0.5,1,71,10.0
2026,1,Australian Grand Prix,HUL,Audi,22.0,11.0,0.0,Did not start,0.0,11.0,86.11634615384617,0,13,5,1,12.8,12.0,9.0,0.6,7.666666666666667,9.0,0.0,0.5,1,73,2.0
